case_id,predicted_disease,p_dengue,dengue_label,p_malaria,malaria_label,p_ebola_filovirus,ebola_filovirus_label,p_tuberculosis,tuberculosis_label,p_covid_19,covid_19_label,p_hiv_aids,hiv_aids_label,p_chikungunya,chikungunya_label,p_zika,zika_label,p_brucellosis,brucellosis_label,p_leishmaniasis,leishmaniasis_label,p_typhoid_fever,typhoid_fever_label,p_cholera,cholera_label,p_rabies,rabies_label,p_leptospirosis,leptospirosis_label,p_yellow_fever,yellow_fever_label
PMC7166055_01,UNKNOWN (Insufficient Evidence),0.4995322228842786,UNCERTAIN,0.3203927069469911,NEGATIVE,0.31523947935045293,NEGATIVE,0.5747193862290804,UNCERTAIN,0.5121104272794513,UNCERTAIN,0.5386905502127388,UNCERTAIN,0.3606335027059405,NEGATIVE,0.47915927757263405,UNCERTAIN,0.999999991201078,POSITIVE,0.6476104726216728,POSITIVE,0.37350614168368484,NEGATIVE,0.49582222886164945,UNCERTAIN,0.7845133387690117,POSITIVE,0.41244856790741624,UNCERTAIN,0.46641277567978456,UNCERTAIN
PMC8639279_01,Brucellosis,0.5,UNCERTAIN,0.5,UNCERTAIN,0.5,UNCERTAIN,0.9999982180546787,POSITIVE,0.5,UNCERTAIN,0.9999979106384406,POSITIVE,0.9999903165470853,POSITIVE,0.9999903670399974,POSITIVE,0.9999999999103643,POSITIVE,0.5,UNCERTAIN,0.5,UNCERTAIN,0.5,UNCERTAIN,0.5,UNCERTAIN,0.5,UNCERTAIN,0.5,UNCERTAIN
PMC10311060_01,Brucellosis,0.9999980922441104,POSITIVE,0.9999984219434215,POSITIVE,0.999995718940084,POSITIVE,0.9999982180546787,POSITIVE,0.5,UNCERTAIN,0.9999979106384406,POSITIVE,0.5,UNCERTAIN,0.5,UNCERTAIN,0.9999999849277927,POSITIVE,0.9999964171321384,POSITIVE,0.5,UNCERTAIN,0.5,UNCERTAIN,0.5,UNCERTAIN,0.9999966310815537,POSITIVE,0.9999955604184251,POSITIVE
PMC9449881_01,Brucellosis,0.5,UNCERTAIN,0.9999984219434215,POSITIVE,0.5,UNCERTAIN,0.9999982180546787,POSITIVE,0.5,UNCERTAIN,0.9999979106384406,POSITIVE,0.5,UNCERTAIN,0.5,UNCERTAIN,0.9999999849277927,POSITIVE,0.9999964171321384,POSITIVE,0.5,UNCERTAIN,0.5,UNCERTAIN,0.5,UNCERTAIN,0.5,UNCERTAIN,0.5,UNCERTAIN
PMC6960023_01,Brucellosis,0.5,UNCERTAIN,0.5,UNCERTAIN,0.5,UNCERTAIN,0.5,UNCERTAIN,0.5,UNCERTAIN,0.5,UNCERTAIN,0.5,UNCERTAIN,0.5,UNCERTAIN,0.9999999999103643,POSITIVE,0.5,UNCERTAIN,0.5,UNCERTAIN,0.5,UNCERTAIN,0.5,UNCERTAIN,0.5,UNCERTAIN,0.5,UNCERTAIN
PMC7772024_01,Brucellosis,0.9999980922441104,POSITIVE,0.9999984219434215,POSITIVE,0.5,UNCERTAIN,0.5,UNCERTAIN,0.5,UNCERTAIN,0.5,UNCERTAIN,0.5,UNCERTAIN,0.5,UNCERTAIN,0.9999999999991764,POSITIVE,0.9999964171321384,POSITIVE,0.5,UNCERTAIN,0.5,UNCERTAIN,0.9999847361101836,POSITIVE,0.5,UNCERTAIN,0.5,UNCERTAIN
PMC7772024_02,Brucellosis,0.9999980922441104,POSITIVE,0.9999984219434215,POSITIVE,0.5,UNCERTAIN,0.5,UNCERTAIN,0.5,UNCERTAIN,0.5,UNCERTAIN,0.5,UNCERTAIN,0.5,UNCERTAIN,0.9999999998615361,POSITIVE,0.5,UNCERTAIN,0.5,UNCERTAIN,0.5,UNCERTAIN,0.9999847361101836,POSITIVE,0.9999966310815537,POSITIVE,0.9999955604184251,POSITIVE
PMC7772024_03,Brucellosis,0.9999980922441104,POSITIVE,0.9999984219434215,POSITIVE,0.999995718940084,POSITIVE,0.5,UNCERTAIN,0.9999973100599163,POSITIVE,0.5,UNCERTAIN,0.5,UNCERTAIN,0.5,UNCERTAIN,0.9999999999991764,POSITIVE,0.9999964171321384,POSITIVE,0.5,UNCERTAIN,0.5,UNCERTAIN,0.9999847361101836,POSITIVE,0.5,UNCERTAIN,0.5,UNCERTAIN
PMC5346395_01,Brucellosis,0.5,UNCERTAIN,0.5,UNCERTAIN,0.5,UNCERTAIN,0.5,UNCERTAIN,0.5,UNCERTAIN,0.5,UNCERTAIN,0.9999903165470853,POSITIVE,0.5,UNCERTAIN,0.999999999798438,POSITIVE,0.5,UNCERTAIN,0.5,UNCERTAIN,0.5,UNCERTAIN,0.5,UNCERTAIN,0.5,UNCERTAIN,0.5,UNCERTAIN
PMC9969863_01,Brucellosis,0.5,UNCERTAIN,0.5,UNCERTAIN,0.5,UNCERTAIN,0.5,UNCERTAIN,0.9999973100599163,POSITIVE,0.5,UNCERTAIN,0.5,UNCERTAIN,0.5,UNCERTAIN,0.9999999998615361,POSITIVE,0.5,UNCERTAIN,0.5,UNCERTAIN,0.5,UNCERTAIN,0.5,UNCERTAIN,0.5,UNCERTAIN,0.5,UNCERTAIN
PMC9883795_01,UNKNOWN (Insufficient Evidence),0.9999980922441104,POSITIVE,0.5,UNCERTAIN,0.5,UNCERTAIN,0.5,UNCERTAIN,0.9999973100599163,POSITIVE,0.5,UNCERTAIN,0.5,UNCERTAIN,0.5,UNCERTAIN,0.9999963107031327,POSITIVE,0.5,UNCERTAIN,0.5,UNCERTAIN,0.5,UNCERTAIN,0.5,UNCERTAIN,0.5,UNCERTAIN,0.5,UNCERTAIN
PMC9233216_01,Brucellosis,0.9999980922441104,POSITIVE,0.5,UNCERTAIN,0.5,UNCERTAIN,0.5,UNCERTAIN,0.5,UNCERTAIN,0.9999999580025705,POSITIVE,0.5,UNCERTAIN,0.5,UNCERTAIN,0.9999999999103643,POSITIVE,0.5,UNCERTAIN,0.5,UNCERTAIN,0.5,UNCERTAIN,0.5,UNCERTAIN,0.5,UNCERTAIN,0.5,UNCERTAIN
PMC6387729_01,Brucellosis,0.5,UNCERTAIN,0.5,UNCERTAIN,0.5,UNCERTAIN,0.9999982180546787,POSITIVE,0.5,UNCERTAIN,0.9999979106384406,POSITIVE,0.5,UNCERTAIN,0.5,UNCERTAIN,0.9999999849277927,POSITIVE,0.5,UNCERTAIN,0.5,UNCERTAIN,0.5,UNCERTAIN,0.5,UNCERTAIN,0.9999999785554761,POSITIVE,0.5,UNCERTAIN
PMC5239838_01,Brucellosis,0.9999980922441104,POSITIVE,0.5,UNCERTAIN,0.999995718940084,POSITIVE,0.5,UNCERTAIN,0.5,UNCERTAIN,0.5,UNCERTAIN,0.5,UNCERTAIN,0.5,UNCERTAIN,0.9999999999991764,POSITIVE,0.5,UNCERTAIN,0.5,UNCERTAIN,0.5,UNCERTAIN,0.5,UNCERTAIN,0.5,UNCERTAIN,0.5,UNCERTAIN
PMC5266196_01,Brucellosis,0.5,UNCERTAIN,0.9999984219434215,POSITIVE,0.5,UNCERTAIN,0.9999999926375517,POSITIVE,0.5,UNCERTAIN,0.5,UNCERTAIN,0.5,UNCERTAIN,0.5,UNCERTAIN,0.9999999998615361,POSITIVE,0.9999964171321384,POSITIVE,0.5,UNCERTAIN,0.5,UNCERTAIN,0.5,UNCERTAIN,0.5,UNCERTAIN,0.5,UNCERTAIN
PMC9353035_01,Brucellosis,0.5,UNCERTAIN,0.5,UNCERTAIN,0.5,UNCERTAIN,0.9999999926375517,POSITIVE,0.5,UNCERTAIN,0.9999999580025705,POSITIVE,0.5,UNCERTAIN,0.5,UNCERTAIN,0.9999999999103643,POSITIVE,0.5,UNCERTAIN,0.5,UNCERTAIN,0.5,UNCERTAIN,0.5,UNCERTAIN,0.5,UNCERTAIN,0.5,UNCERTAIN
PMC9643386_01,Brucellosis,0.5,UNCERTAIN,0.5,UNCERTAIN,0.5,UNCERTAIN,0.5,UNCERTAIN,0.5,UNCERTAIN,0.5,UNCERTAIN,0.5,UNCERTAIN,0.5,UNCERTAIN,0.9999999995942788,POSITIVE,0.5,UNCERTAIN,0.5,UNCERTAIN,0.5,UNCERTAIN,0.5,UNCERTAIN,0.5,UNCERTAIN,0.5,UNCERTAIN
PMC3985156_01,UNKNOWN (Insufficient Evidence),0.5,UNCERTAIN,0.5,UNCERTAIN,0.5,UNCERTAIN,0.5,UNCERTAIN,0.5,UNCERTAIN,0.5,UNCERTAIN,0.5,UNCERTAIN,0.5,UNCERTAIN,0.5,UNCERTAIN,0.5,UNCERTAIN,0.5,UNCERTAIN,0.5,UNCERTAIN,0.5,UNCERTAIN,0.5,UNCERTAIN,0.5,UNCERTAIN
PMC8710768_01,Brucellosis,0.5,UNCERTAIN,0.5,UNCERTAIN,0.5,UNCERTAIN,0.5,UNCERTAIN,0.5,UNCERTAIN,0.9999999892709824,POSITIVE,0.5,UNCERTAIN,0.5,UNCERTAIN,0.9999999999103643,POSITIVE,0.5,UNCERTAIN,0.5,UNCERTAIN,0.5,UNCERTAIN,0.5,UNCERTAIN,0.5,UNCERTAIN,0.5,UNCERTAIN
PMC9389076_01,Brucellosis,0.5,UNCERTAIN,0.9999984219434215,POSITIVE,0.5,UNCERTAIN,0.5,UNCERTAIN,0.5,UNCERTAIN,0.5,UNCERTAIN,0.5,UNCERTAIN,0.5,UNCERTAIN,0.9999999998615361,POSITIVE,0.5,UNCERTAIN,0.5,UNCERTAIN,0.5,UNCERTAIN,0.5,UNCERTAIN,0.5,UNCERTAIN,0.5,UNCERTAIN
PMC3884711_01,UNKNOWN (Insufficient Evidence),0.5,UNCERTAIN,0.5,UNCERTAIN,0.5,UNCERTAIN,0.5,UNCERTAIN,0.5,UNCERTAIN,0.5,UNCERTAIN,0.5,UNCERTAIN,0.5,UNCERTAIN,0.9999963107031327,POSITIVE,0.5,UNCERTAIN,0.5,UNCERTAIN,0.5,UNCERTAIN,0.5,UNCERTAIN,0.5,UNCERTAIN,0.5,UNCERTAIN
PMC3884711_02,Brucellosis,0.5,UNCERTAIN,0.5,UNCERTAIN,0.5,UNCERTAIN,0.5,UNCERTAIN,0.5,UNCERTAIN,0.5,UNCERTAIN,0.5,UNCERTAIN,0.5,UNCERTAIN,0.9999999317781002,POSITIVE,0.5,UNCERTAIN,0.5,UNCERTAIN,0.5,UNCERTAIN,0.5,UNCERTAIN,0.5,UNCERTAIN,0.5,UNCERTAIN
PMC5586770_01,Brucellosis,0.5,UNCERTAIN,0.5,UNCERTAIN,0.5,UNCERTAIN,0.5,UNCERTAIN,0.5,UNCERTAIN,0.9999999997843407,POSITIVE,0.5,UNCERTAIN,0.5,UNCERTAIN,0.9999999999991764,POSITIVE,0.5,UNCERTAIN,0.5,UNCERTAIN,0.5,UNCERTAIN,0.5,UNCERTAIN,0.5,UNCERTAIN,0.5,UNCERTAIN
PMC5164889_01,UNKNOWN (Insufficient Evidence),0.5,UNCERTAIN,0.5,UNCERTAIN,0.5,UNCERTAIN,0.5,UNCERTAIN,0.5,UNCERTAIN,0.5,UNCERTAIN,0.5,UNCERTAIN,0.5,UNCERTAIN,0.9999963107031327,POSITIVE,0.5,UNCERTAIN,0.5,UNCERTAIN,0.5,UNCERTAIN,0.5,UNCERTAIN,0.5,UNCERTAIN,0.5,UNCERTAIN
PMC5081455_01,Malaria,0.5,UNCERTAIN,0.9999999927651935,POSITIVE,0.5,UNCERTAIN,0.5,UNCERTAIN,0.5,UNCERTAIN,0.5,UNCERTAIN,0.5,UNCERTAIN,0.5,UNCERTAIN,0.9999999780593704,POSITIVE,0.5,UNCERTAIN,0.5,UNCERTAIN,0.5,UNCERTAIN,0.5,UNCERTAIN,0.5,UNCERTAIN,0.5,UNCERTAIN
PMC4154277_01,Brucellosis,0.5,UNCERTAIN,0.9999984219434215,POSITIVE,0.5,UNCERTAIN,0.9999982180546787,POSITIVE,0.5,UNCERTAIN,0.9999979106384406,POSITIVE,0.5,UNCERTAIN,0.5,UNCERTAIN,0.9999999999103643,POSITIVE,0.5,UNCERTAIN,0.5,UNCERTAIN,0.5,UNCERTAIN,0.5,UNCERTAIN,0.5,UNCERTAIN,0.5,UNCERTAIN
PMC9813502_01,Brucellosis,0.5,UNCERTAIN,0.5,UNCERTAIN,0.999995718940084,POSITIVE,0.9999982180546787,POSITIVE,0.5,UNCERTAIN,0.5,UNCERTAIN,0.5,UNCERTAIN,0.5,UNCERTAIN,0.9999999999991764,POSITIVE,0.5,UNCERTAIN,0.5,UNCERTAIN,0.5,UNCERTAIN,0.5,UNCERTAIN,0.5,UNCERTAIN,0.5,UNCERTAIN
PMC9124486_01,Tuberculosis,0.5,UNCERTAIN,0.9954362994596944,POSITIVE,0.5,UNCERTAIN,0.9999999926375517,POSITIVE,0.5,UNCERTAIN,0.5,UNCERTAIN,0.5,UNCERTAIN,0.5,UNCERTAIN,0.9999999849277927,POSITIVE,0.5,UNCERTAIN,0.5,UNCERTAIN,0.5,UNCERTAIN,0.5,UNCERTAIN,0.5,UNCERTAIN,0.5,UNCERTAIN
PMC6478673_02,UNKNOWN (Insufficient Evidence),0.5,UNCERTAIN,0.5,UNCERTAIN,0.5,UNCERTAIN,0.5,UNCERTAIN,0.5,UNCERTAIN,0.5,UNCERTAIN,0.5,UNCERTAIN,0.5,UNCERTAIN,0.9999963107031327,POSITIVE,0.5,UNCERTAIN,0.5,UNCERTAIN,0.5,UNCERTAIN,0.5,UNCERTAIN,0.5,UNCERTAIN,0.5,UNCERTAIN
PMC4586601_01,Brucellosis,0.5,UNCERTAIN,0.5,UNCERTAIN,0.5,UNCERTAIN,0.5,UNCERTAIN,0.5,UNCERTAIN,0.5,UNCERTAIN,0.5,UNCERTAIN,0.5,UNCERTAIN,0.9999925738958734,POSITIVE,0.5,UNCERTAIN,0.5,UNCERTAIN,0.5,UNCERTAIN,0.5,UNCERTAIN,0.5,UNCERTAIN,0.5,UNCERTAIN
PMC9553233_01,Brucellosis,0.5,UNCERTAIN,0.9954362994596944,POSITIVE,0.5,UNCERTAIN,0.9999982180546787,POSITIVE,0.5,UNCERTAIN,0.5,UNCERTAIN,0.5,UNCERTAIN,0.5,UNCERTAIN,0.9999999999103643,POSITIVE,0.5,UNCERTAIN,0.5,UNCERTAIN,0.5,UNCERTAIN,0.5,UNCERTAIN,0.5,UNCERTAIN,0.5,UNCERTAIN
PMC9553233_02,Brucellosis,0.5,UNCERTAIN,0.9954362994596944,POSITIVE,0.5,UNCERTAIN,0.9999982180546787,POSITIVE,0.5,UNCERTAIN,0.5,UNCERTAIN,0.5,UNCERTAIN,0.5,UNCERTAIN,0.9999999999103643,POSITIVE,0.5,UNCERTAIN,0.5,UNCERTAIN,0.5,UNCERTAIN,0.5,UNCERTAIN,0.5,UNCERTAIN,0.5,UNCERTAIN
PMC9553233_03,Brucellosis,0.5,UNCERTAIN,0.5,UNCERTAIN,0.5,UNCERTAIN,0.5,UNCERTAIN,0.5,UNCERTAIN,0.5,UNCERTAIN,0.5,UNCERTAIN,0.5,UNCERTAIN,0.9999925738958734,POSITIVE,0.5,UNCERTAIN,0.5,UNCERTAIN,0.5,UNCERTAIN,0.5,UNCERTAIN,0.5,UNCERTAIN,0.5,UNCERTAIN
PMC9263086_01,UNKNOWN (Insufficient Evidence),0.5,UNCERTAIN,0.9999984219434215,POSITIVE,0.5,UNCERTAIN,0.5,UNCERTAIN,0.5,UNCERTAIN,0.5,UNCERTAIN,0.5,UNCERTAIN,0.5,UNCERTAIN,0.9999963107031327,POSITIVE,0.9999964171321384,POSITIVE,0.5,UNCERTAIN,0.5,UNCERTAIN,0.5,UNCERTAIN,0.5,UNCERTAIN,0.5,UNCERTAIN
PMC9892713_01,Brucellosis,0.5,UNCERTAIN,0.5,UNCERTAIN,0.5,UNCERTAIN,0.5,UNCERTAIN,0.5,UNCERTAIN,0.5,UNCERTAIN,0.5,UNCERTAIN,0.5,UNCERTAIN,0.9999999995942788,POSITIVE,0.5,UNCERTAIN,0.5,UNCERTAIN,0.5,UNCERTAIN,0.5,UNCERTAIN,0.5,UNCERTAIN,0.5,UNCERTAIN
PMC3068585_01,Brucellosis,0.5,UNCERTAIN,0.5,UNCERTAIN,0.5,UNCERTAIN,0.5,UNCERTAIN,0.9999973100599163,POSITIVE,0.5,UNCERTAIN,0.5,UNCERTAIN,0.5,UNCERTAIN,0.9999999849277927,POSITIVE,0.5,UNCERTAIN,0.5,UNCERTAIN,0.5,UNCERTAIN,0.5,UNCERTAIN,0.5,UNCERTAIN,0.5,UNCERTAIN
PMC3068585_02,Brucellosis,0.5,UNCERTAIN,0.5,UNCERTAIN,0.5,UNCERTAIN,0.9999998660832774,POSITIVE,0.5,UNCERTAIN,0.5,UNCERTAIN,0.5,UNCERTAIN,0.5,UNCERTAIN,0.9999999999103643,POSITIVE,0.5,UNCERTAIN,0.5,UNCERTAIN,0.5,UNCERTAIN,0.5,UNCERTAIN,0.5,UNCERTAIN,0.5,UNCERTAIN
PMC5543624_01,Brucellosis,0.5,UNCERTAIN,0.5,UNCERTAIN,0.5,UNCERTAIN,0.5,UNCERTAIN,0.5,UNCERTAIN,0.5,UNCERTAIN,0.5,UNCERTAIN,0.5,UNCERTAIN,0.9999999999103643,POSITIVE,0.5,UNCERTAIN,0.5,UNCERTAIN,0.5,UNCERTAIN,0.5,UNCERTAIN,0.5,UNCERTAIN,0.5,UNCERTAIN
PMC5543624_02,Brucellosis,0.5,UNCERTAIN,0.5,UNCERTAIN,0.5,UNCERTAIN,0.5,UNCERTAIN,0.5,UNCERTAIN,0.5,UNCERTAIN,0.5,UNCERTAIN,0.5,UNCERTAIN,0.9959312498661015,POSITIVE,0.5,UNCERTAIN,0.5,UNCERTAIN,0.5,UNCERTAIN,0.5,UNCERTAIN,0.9981947955627861,POSITIVE,0.5,UNCERTAIN
PMC6533445_01,Brucellosis,0.5,UNCERTAIN,0.5,UNCERTAIN,0.5,UNCERTAIN,0.5,UNCERTAIN,0.9999973100599163,POSITIVE,0.5,UNCERTAIN,0.5,UNCERTAIN,0.5,UNCERTAIN,0.9999999998615361,POSITIVE,0.5,UNCERTAIN,0.5,UNCERTAIN,0.5,UNCERTAIN,0.5,UNCERTAIN,0.5,UNCERTAIN,0.5,UNCERTAIN
PMC9883092_01,Brucellosis,0.9999999743526097,POSITIVE,0.9999999840031514,POSITIVE,0.999995718940084,POSITIVE,0.9999982180546787,POSITIVE,0.999999987854959,POSITIVE,0.9999979106384406,POSITIVE,0.5,UNCERTAIN,0.5,UNCERTAIN,0.9999999999991764,POSITIVE,0.5,UNCERTAIN,0.5,UNCERTAIN,0.5,UNCERTAIN,0.5,UNCERTAIN,0.5,UNCERTAIN,0.9999955604184251,POSITIVE
PMC9749414_01,Brucellosis,0.5,UNCERTAIN,0.5,UNCERTAIN,0.5,UNCERTAIN,0.9999982180546787,POSITIVE,0.5,UNCERTAIN,0.5,UNCERTAIN,0.5,UNCERTAIN,0.5,UNCERTAIN,0.9999999999103643,POSITIVE,0.5,UNCERTAIN,0.5,UNCERTAIN,0.5,UNCERTAIN,0.5,UNCERTAIN,0.5,UNCERTAIN,0.5,UNCERTAIN
PMC3643327_01,UNKNOWN (Insufficient Evidence),0.4995322228842786,UNCERTAIN,0.3203927069469911,NEGATIVE,0.31523947935045293,NEGATIVE,0.9999986813962269,POSITIVE,0.5121104272794513,UNCERTAIN,0.9999982107677212,POSITIVE,0.3606335027059405,NEGATIVE,0.47915927757263405,UNCERTAIN,0.9999978462421407,POSITIVE,0.6476104726216728,POSITIVE,0.37350614168368484,NEGATIVE,0.49582222886164945,UNCERTAIN,0.7845133387690117,POSITIVE,0.41244856790741624,UNCERTAIN,0.46641277567978456,UNCERTAIN
PMC7522817_01,UNKNOWN (Insufficient Evidence),0.5,UNCERTAIN,0.5,UNCERTAIN,0.5,UNCERTAIN,0.5,UNCERTAIN,0.5,UNCERTAIN,0.5,UNCERTAIN,0.5,UNCERTAIN,0.5,UNCERTAIN,0.5,UNCERTAIN,0.5,UNCERTAIN,0.5,UNCERTAIN,0.5,UNCERTAIN,0.5,UNCERTAIN,0.5,UNCERTAIN,0.5,UNCERTAIN
PMC7522817_02,UNKNOWN (Insufficient Evidence),0.5,UNCERTAIN,0.5,UNCERTAIN,0.5,UNCERTAIN,0.5,UNCERTAIN,0.5,UNCERTAIN,0.5,UNCERTAIN,0.5,UNCERTAIN,0.5,UNCERTAIN,0.5,UNCERTAIN,0.5,UNCERTAIN,0.5,UNCERTAIN,0.5,UNCERTAIN,0.5,UNCERTAIN,0.5,UNCERTAIN,0.5,UNCERTAIN
PMC7522817_03,UNKNOWN (Insufficient Evidence),0.5,UNCERTAIN,0.5,UNCERTAIN,0.5,UNCERTAIN,0.5,UNCERTAIN,0.5,UNCERTAIN,0.5,UNCERTAIN,0.5,UNCERTAIN,0.5,UNCERTAIN,0.9999963107031327,POSITIVE,0.5,UNCERTAIN,0.5,UNCERTAIN,0.5,UNCERTAIN,0.5,UNCERTAIN,0.5,UNCERTAIN,0.5,UNCERTAIN
PMC4856911_01,Brucellosis,0.5,UNCERTAIN,0.9999984219434215,POSITIVE,0.5,UNCERTAIN,0.9999982180546787,POSITIVE,0.5,UNCERTAIN,0.5,UNCERTAIN,0.5,UNCERTAIN,0.5,UNCERTAIN,0.999999999798438,POSITIVE,0.9999964171321384,POSITIVE,0.5,UNCERTAIN,0.5,UNCERTAIN,0.5,UNCERTAIN,0.5,UNCERTAIN,0.5,UNCERTAIN
PMC4856911_02,Brucellosis,0.5,UNCERTAIN,0.5,UNCERTAIN,0.5,UNCERTAIN,0.5,UNCERTAIN,0.5,UNCERTAIN,0.5,UNCERTAIN,0.9999903165470853,POSITIVE,0.5,UNCERTAIN,0.9999999999991764,POSITIVE,0.5,UNCERTAIN,0.5,UNCERTAIN,0.5,UNCERTAIN,0.5,UNCERTAIN,0.5,UNCERTAIN,0.5,UNCERTAIN
PMC4856911_03,Brucellosis,0.5,UNCERTAIN,0.5,UNCERTAIN,0.5,UNCERTAIN,0.9999999891550005,POSITIVE,0.5,UNCERTAIN,0.5,UNCERTAIN,0.5,UNCERTAIN,0.5,UNCERTAIN,0.9999999999991764,POSITIVE,0.5,UNCERTAIN,0.5,UNCERTAIN,0.5,UNCERTAIN,0.5,UNCERTAIN,0.5,UNCERTAIN,0.5,UNCERTAIN
PMC4856911_04,Brucellosis,0.5,UNCERTAIN,0.5,UNCERTAIN,0.5,UNCERTAIN,0.9999982180546787,POSITIVE,0.5,UNCERTAIN,0.5,UNCERTAIN,0.5,UNCERTAIN,0.5,UNCERTAIN,0.9999999849277927,POSITIVE,0.5,UNCERTAIN,0.5,UNCERTAIN,0.5,UNCERTAIN,0.5,UNCERTAIN,0.5,UNCERTAIN,0.5,UNCERTAIN
PMC9887028_01,Brucellosis,0.9999980922441104,POSITIVE,0.9999984219434215,POSITIVE,0.5,UNCERTAIN,0.9999982180546787,POSITIVE,0.5,UNCERTAIN,0.5,UNCERTAIN,0.5,UNCERTAIN,0.5,UNCERTAIN,0.9999999999103643,POSITIVE,0.9999964171321384,POSITIVE,0.5,UNCERTAIN,0.5,UNCERTAIN,0.5,UNCERTAIN,0.5,UNCERTAIN,0.5,UNCERTAIN
PMC9651031_01,UNKNOWN (Insufficient Evidence),0.4995322228842786,UNCERTAIN,0.9999999846537481,POSITIVE,0.31523947935045293,NEGATIVE,0.9999986813962269,POSITIVE,0.9999974372834155,POSITIVE,0.9999999640353608,POSITIVE,0.3606335027059405,NEGATIVE,0.47915927757263405,UNCERTAIN,0.999999987191399,POSITIVE,0.9999980504219312,POSITIVE,0.37350614168368484,NEGATIVE,0.49582222886164945,UNCERTAIN,0.7845133387690117,POSITIVE,0.41244856790741624,UNCERTAIN,0.46641277567978456,UNCERTAIN
PMC6778929_01,Brucellosis,0.5,UNCERTAIN,0.9999984219434215,POSITIVE,0.999995718940084,POSITIVE,0.9999982180546787,POSITIVE,0.5,UNCERTAIN,0.5,UNCERTAIN,0.5,UNCERTAIN,0.5,UNCERTAIN,0.9999999999103643,POSITIVE,0.5,UNCERTAIN,0.5,UNCERTAIN,0.5,UNCERTAIN,0.5,UNCERTAIN,0.5,UNCERTAIN,0.9999955604184251,POSITIVE
PMC5057440_01,UNKNOWN (Insufficient Evidence),0.5,UNCERTAIN,0.5,UNCERTAIN,0.5,UNCERTAIN,0.5,UNCERTAIN,0.5,UNCERTAIN,0.5,UNCERTAIN,0.5,UNCERTAIN,0.5,UNCERTAIN,0.9999963107031327,POSITIVE,0.5,UNCERTAIN,0.5,UNCERTAIN,0.5,UNCERTAIN,0.5,UNCERTAIN,0.5,UNCERTAIN,0.5,UNCERTAIN
PMC5503191_01,UNKNOWN (Insufficient Evidence),0.4995322228842786,UNCERTAIN,0.3203927069469911,NEGATIVE,0.31523947935045293,NEGATIVE,0.9991173603997775,POSITIVE,0.5121104272794513,UNCERTAIN,0.5386905502127388,UNCERTAIN,0.3606335027059405,NEGATIVE,0.47915927757263405,UNCERTAIN,0.9999999742177542,POSITIVE,0.6476104726216728,POSITIVE,0.37350614168368484,NEGATIVE,0.49582222886164945,UNCERTAIN,0.7845133387690117,POSITIVE,0.41244856790741624,UNCERTAIN,0.46641277567978456,UNCERTAIN
PMC7564992_01,UNKNOWN (Insufficient Evidence),0.4995322228842786,UNCERTAIN,0.3203927069469911,NEGATIVE,0.31523947935045293,NEGATIVE,0.9999986813962269,POSITIVE,0.5121104272794513,UNCERTAIN,0.5386905502127388,UNCERTAIN,0.3606335027059405,NEGATIVE,0.47915927757263405,UNCERTAIN,0.9999999999995193,POSITIVE,0.6476104726216728,POSITIVE,0.37350614168368484,NEGATIVE,0.49582222886164945,UNCERTAIN,0.7845133387690117,POSITIVE,0.41244856790741624,UNCERTAIN,0.46641277567978456,UNCERTAIN
PMC6174732_01,Brucellosis,0.9999980922441104,POSITIVE,0.9999984219434215,POSITIVE,0.999995718940084,POSITIVE,0.5,UNCERTAIN,0.5,UNCERTAIN,0.9999979106384406,POSITIVE,0.5,UNCERTAIN,0.5,UNCERTAIN,0.9999999998615361,POSITIVE,0.5,UNCERTAIN,0.5,UNCERTAIN,0.5,UNCERTAIN,0.5,UNCERTAIN,0.5,UNCERTAIN,0.9999955604184251,POSITIVE
PMC3322762_01,Brucellosis,0.5,UNCERTAIN,0.5,UNCERTAIN,0.5,UNCERTAIN,0.5,UNCERTAIN,0.5,UNCERTAIN,0.5,UNCERTAIN,0.5,UNCERTAIN,0.5,UNCERTAIN,0.9999999849277927,POSITIVE,0.5,UNCERTAIN,0.5,UNCERTAIN,0.5,UNCERTAIN,0.5,UNCERTAIN,0.5,UNCERTAIN,0.5,UNCERTAIN
PMC4644062_01,Brucellosis,0.5,UNCERTAIN,0.5,UNCERTAIN,0.5,UNCERTAIN,0.5,UNCERTAIN,0.9999973100599163,POSITIVE,0.5,UNCERTAIN,0.5,UNCERTAIN,0.5,UNCERTAIN,0.9999999999103643,POSITIVE,0.5,UNCERTAIN,0.5,UNCERTAIN,0.5,UNCERTAIN,0.5,UNCERTAIN,0.5,UNCERTAIN,0.5,UNCERTAIN
PMC6814359_01,Brucellosis,0.5,UNCERTAIN,0.9999984219434215,POSITIVE,0.5,UNCERTAIN,0.5,UNCERTAIN,0.5,UNCERTAIN,0.5,UNCERTAIN,0.5,UNCERTAIN,0.5,UNCERTAIN,0.9999999999991764,POSITIVE,0.9999964171321384,POSITIVE,0.5,UNCERTAIN,0.5,UNCERTAIN,0.5,UNCERTAIN,0.5,UNCERTAIN,0.5,UNCERTAIN
PMC3037886_01,Brucellosis,0.5,UNCERTAIN,0.9999984219434215,POSITIVE,0.5,UNCERTAIN,0.9999982180546787,POSITIVE,0.5,UNCERTAIN,0.5,UNCERTAIN,0.5,UNCERTAIN,0.5,UNCERTAIN,0.9999999849277927,POSITIVE,0.9999964171321384,POSITIVE,0.5,UNCERTAIN,0.5,UNCERTAIN,0.5,UNCERTAIN,0.9999999785554761,POSITIVE,0.5,UNCERTAIN
PMC3037886_02,Brucellosis,0.5,UNCERTAIN,0.9999984219434215,POSITIVE,0.5,UNCERTAIN,0.9999982180546787,POSITIVE,0.5,UNCERTAIN,0.5,UNCERTAIN,0.5,UNCERTAIN,0.5,UNCERTAIN,0.9999999849277927,POSITIVE,0.9999964171321384,POSITIVE,0.5,UNCERTAIN,0.5,UNCERTAIN,0.5,UNCERTAIN,0.9999966310815537,POSITIVE,0.5,UNCERTAIN
PMC2637260_01,Brucellosis,0.9999980922441104,POSITIVE,0.9999984219434215,POSITIVE,0.5,UNCERTAIN,0.5,UNCERTAIN,0.5,UNCERTAIN,0.5,UNCERTAIN,0.5,UNCERTAIN,0.5,UNCERTAIN,0.9999999999991764,POSITIVE,0.5,UNCERTAIN,0.5,UNCERTAIN,0.5,UNCERTAIN,0.5,UNCERTAIN,0.5,UNCERTAIN,0.5,UNCERTAIN
PMC5118523_01,UNKNOWN (Insufficient Evidence),0.5,UNCERTAIN,0.5,UNCERTAIN,0.999995718940084,POSITIVE,0.9999982180546787,POSITIVE,0.5,UNCERTAIN,0.5,UNCERTAIN,0.5,UNCERTAIN,0.5,UNCERTAIN,0.9999963107031327,POSITIVE,0.5,UNCERTAIN,0.5,UNCERTAIN,0.5,UNCERTAIN,0.5,UNCERTAIN,0.5,UNCERTAIN,0.5,UNCERTAIN
PMC4515537_01,Brucellosis,0.5,UNCERTAIN,0.9999984219434215,POSITIVE,0.5,UNCERTAIN,0.5,UNCERTAIN,0.5,UNCERTAIN,0.5,UNCERTAIN,0.5,UNCERTAIN,0.5,UNCERTAIN,0.9999999999991764,POSITIVE,0.9999964171321384,POSITIVE,0.5,UNCERTAIN,0.5,UNCERTAIN,0.5,UNCERTAIN,0.5,UNCERTAIN,0.5,UNCERTAIN
PMC6360539_01,Brucellosis,0.5,UNCERTAIN,0.5,UNCERTAIN,0.999995718940084,POSITIVE,0.5,UNCERTAIN,0.5,UNCERTAIN,0.5,UNCERTAIN,0.5,UNCERTAIN,0.5,UNCERTAIN,0.9999999999103643,POSITIVE,0.5,UNCERTAIN,0.5,UNCERTAIN,0.5,UNCERTAIN,0.5,UNCERTAIN,0.5,UNCERTAIN,0.5,UNCERTAIN
PMC2972758_01,UNKNOWN (Insufficient Evidence),0.5,UNCERTAIN,0.5,UNCERTAIN,0.5,UNCERTAIN,0.5,UNCERTAIN,0.5,UNCERTAIN,0.5,UNCERTAIN,0.5,UNCERTAIN,0.5,UNCERTAIN,0.9981855547014358,POSITIVE,0.5,UNCERTAIN,0.5,UNCERTAIN,0.5,UNCERTAIN,0.5,UNCERTAIN,0.5,UNCERTAIN,0.5,UNCERTAIN
PMC7237567_01,HIV_AIDS,0.9999980922441104,POSITIVE,0.5,UNCERTAIN,0.5,UNCERTAIN,0.5,UNCERTAIN,0.5,UNCERTAIN,0.9999999886022101,POSITIVE,0.5,UNCERTAIN,0.5,UNCERTAIN,0.9999963107031327,POSITIVE,0.5,UNCERTAIN,0.5,UNCERTAIN,0.5,UNCERTAIN,0.5,UNCERTAIN,0.5,UNCERTAIN,0.5,UNCERTAIN
PMC8052136_01,UNKNOWN (Insufficient Evidence),0.5,UNCERTAIN,0.5,UNCERTAIN,0.5,UNCERTAIN,0.9999982180546787,POSITIVE,0.9999973100599163,POSITIVE,0.5,UNCERTAIN,0.5,UNCERTAIN,0.5,UNCERTAIN,0.9999963107031327,POSITIVE,0.5,UNCERTAIN,0.5,UNCERTAIN,0.5,UNCERTAIN,0.5,UNCERTAIN,0.5,UNCERTAIN,0.5,UNCERTAIN
PMC8486024_03,Brucellosis,0.5,UNCERTAIN,0.5,UNCERTAIN,0.5,UNCERTAIN,0.5,UNCERTAIN,0.5,UNCERTAIN,0.5,UNCERTAIN,0.5,UNCERTAIN,0.5,UNCERTAIN,0.9999925738958734,POSITIVE,0.5,UNCERTAIN,0.5,UNCERTAIN,0.5,UNCERTAIN,0.5,UNCERTAIN,0.5,UNCERTAIN,0.5,UNCERTAIN
PMC9825210_01,UNKNOWN (Insufficient Evidence),0.4995322228842786,UNCERTAIN,0.3203927069469911,NEGATIVE,0.31523947935045293,NEGATIVE,0.9999986813962269,POSITIVE,0.5121104272794513,UNCERTAIN,0.9999999902394645,POSITIVE,0.3606335027059405,NEGATIVE,0.47915927757263405,UNCERTAIN,0.999999991201078,POSITIVE,0.6476104726216728,POSITIVE,0.37350614168368484,NEGATIVE,0.49582222886164945,UNCERTAIN,0.9999958073356984,POSITIVE,0.41244856790741624,UNCERTAIN,0.46641277567978456,UNCERTAIN
PMC4408939_01,UNKNOWN (Insufficient Evidence),0.5,UNCERTAIN,0.5,UNCERTAIN,0.5,UNCERTAIN,0.9999982180546787,POSITIVE,0.5,UNCERTAIN,0.5,UNCERTAIN,0.9999903165470853,POSITIVE,0.5,UNCERTAIN,0.9999963107031327,POSITIVE,0.5,UNCERTAIN,0.5,UNCERTAIN,0.5,UNCERTAIN,0.5,UNCERTAIN,0.5,UNCERTAIN,0.5,UNCERTAIN
PMC7094050_01,Brucellosis,0.5,UNCERTAIN,0.5,UNCERTAIN,0.5,UNCERTAIN,0.9999982180546787,POSITIVE,0.5,UNCERTAIN,0.5,UNCERTAIN,0.5,UNCERTAIN,0.5,UNCERTAIN,0.9999999999103643,POSITIVE,0.5,UNCERTAIN,0.5,UNCERTAIN,0.5,UNCERTAIN,0.5,UNCERTAIN,0.5,UNCERTAIN,0.5,UNCERTAIN
PMC5791446_01,Brucellosis,0.5,UNCERTAIN,0.5,UNCERTAIN,0.5,UNCERTAIN,0.5,UNCERTAIN,0.5,UNCERTAIN,0.5,UNCERTAIN,0.5,UNCERTAIN,0.5,UNCERTAIN,0.9999999999103643,POSITIVE,0.5,UNCERTAIN,0.5,UNCERTAIN,0.5,UNCERTAIN,0.5,UNCERTAIN,0.5,UNCERTAIN,0.5,UNCERTAIN
PMC5976981_01,Brucellosis,0.5,UNCERTAIN,0.5,UNCERTAIN,0.5,UNCERTAIN,0.5,UNCERTAIN,0.5,UNCERTAIN,0.9999979106384406,POSITIVE,0.5,UNCERTAIN,0.5,UNCERTAIN,0.9999999998615361,POSITIVE,0.5,UNCERTAIN,0.5,UNCERTAIN,0.5,UNCERTAIN,0.5,UNCERTAIN,0.5,UNCERTAIN,0.5,UNCERTAIN
PMC5901998_01,Tuberculosis,0.9999980922441104,POSITIVE,0.9999984219434215,POSITIVE,0.999995718940084,POSITIVE,0.9999999926375517,POSITIVE,0.5,UNCERTAIN,0.9999999438675821,POSITIVE,0.9999903165470853,POSITIVE,0.9999903670399974,POSITIVE,0.9999963107031327,POSITIVE,0.5,UNCERTAIN,0.5,UNCERTAIN,0.5,UNCERTAIN,0.5,UNCERTAIN,0.5,UNCERTAIN,0.5,UNCERTAIN
PMC4378610_02,Brucellosis,0.5,UNCERTAIN,0.5,UNCERTAIN,0.5,UNCERTAIN,0.5,UNCERTAIN,0.5,UNCERTAIN,0.5,UNCERTAIN,0.5,UNCERTAIN,0.5,UNCERTAIN,0.9999925738958734,POSITIVE,0.5,UNCERTAIN,0.5,UNCERTAIN,0.5,UNCERTAIN,0.5,UNCERTAIN,0.5,UNCERTAIN,0.5,UNCERTAIN
PMC10152114_01,HIV_AIDS,0.5,UNCERTAIN,0.5,UNCERTAIN,0.5,UNCERTAIN,0.5,UNCERTAIN,0.5,UNCERTAIN,0.9999999892709824,POSITIVE,0.5,UNCERTAIN,0.5,UNCERTAIN,0.9999963107031327,POSITIVE,0.5,UNCERTAIN,0.5,UNCERTAIN,0.5,UNCERTAIN,0.5,UNCERTAIN,0.5,UNCERTAIN,0.5,UNCERTAIN
PMC10152114_02,UNKNOWN (Insufficient Evidence),0.5,UNCERTAIN,0.5,UNCERTAIN,0.5,UNCERTAIN,0.5,UNCERTAIN,0.5,UNCERTAIN,0.9999979106384406,POSITIVE,0.5,UNCERTAIN,0.5,UNCERTAIN,0.9999963107031327,POSITIVE,0.5,UNCERTAIN,0.5,UNCERTAIN,0.5,UNCERTAIN,0.5,UNCERTAIN,0.5,UNCERTAIN,0.5,UNCERTAIN
PMC10152114_03,UNKNOWN (Insufficient Evidence),0.5,UNCERTAIN,0.5,UNCERTAIN,0.5,UNCERTAIN,0.5,UNCERTAIN,0.5,UNCERTAIN,0.5,UNCERTAIN,0.5,UNCERTAIN,0.5,UNCERTAIN,0.9999963107031327,POSITIVE,0.5,UNCERTAIN,0.5,UNCERTAIN,0.5,UNCERTAIN,0.5,UNCERTAIN,0.5,UNCERTAIN,0.5,UNCERTAIN
PMC10152114_04,UNKNOWN (Insufficient Evidence),0.5,UNCERTAIN,0.5,UNCERTAIN,0.5,UNCERTAIN,0.5,UNCERTAIN,0.5,UNCERTAIN,0.5,UNCERTAIN,0.5,UNCERTAIN,0.5,UNCERTAIN,0.9999963107031327,POSITIVE,0.5,UNCERTAIN,0.5,UNCERTAIN,0.5,UNCERTAIN,0.5,UNCERTAIN,0.5,UNCERTAIN,0.5,UNCERTAIN
PMC8266458_01,Brucellosis,0.5,UNCERTAIN,0.5,UNCERTAIN,0.5,UNCERTAIN,0.5,UNCERTAIN,0.5,UNCERTAIN,0.5,UNCERTAIN,0.5,UNCERTAIN,0.5,UNCERTAIN,0.9999999849277927,POSITIVE,0.5,UNCERTAIN,0.5,UNCERTAIN,0.5,UNCERTAIN,0.5,UNCERTAIN,0.5,UNCERTAIN,0.5,UNCERTAIN
PMC10436603_01,Brucellosis,0.5,UNCERTAIN,0.5,UNCERTAIN,0.5,UNCERTAIN,0.5,UNCERTAIN,0.5,UNCERTAIN,0.5,UNCERTAIN,0.5,UNCERTAIN,0.5,UNCERTAIN,0.9999999995942788,POSITIVE,0.5,UNCERTAIN,0.5,UNCERTAIN,0.5,UNCERTAIN,0.5,UNCERTAIN,0.5,UNCERTAIN,0.5,UNCERTAIN
PMC5849911_01,Brucellosis,0.5,UNCERTAIN,0.5,UNCERTAIN,0.5,UNCERTAIN,0.9999982180546787,POSITIVE,0.5,UNCERTAIN,0.5,UNCERTAIN,0.5,UNCERTAIN,0.5,UNCERTAIN,0.9999999849277927,POSITIVE,0.5,UNCERTAIN,0.5,UNCERTAIN,0.5,UNCERTAIN,0.5,UNCERTAIN,0.9999966310815537,POSITIVE,0.5,UNCERTAIN
PMC4228499_01,Brucellosis,0.5,UNCERTAIN,0.5,UNCERTAIN,0.999995718940084,POSITIVE,0.5,UNCERTAIN,0.5,UNCERTAIN,0.5,UNCERTAIN,0.5,UNCERTAIN,0.5,UNCERTAIN,0.9999999849277927,POSITIVE,0.5,UNCERTAIN,0.5,UNCERTAIN,0.5,UNCERTAIN,0.5,UNCERTAIN,0.5,UNCERTAIN,0.5,UNCERTAIN
PMC10189249_01,UNKNOWN (Insufficient Evidence),0.5,UNCERTAIN,0.5,UNCERTAIN,0.5,UNCERTAIN,0.5,UNCERTAIN,0.5,UNCERTAIN,0.5,UNCERTAIN,0.5,UNCERTAIN,0.5,UNCERTAIN,0.9999963107031327,POSITIVE,0.5,UNCERTAIN,0.5,UNCERTAIN,0.5,UNCERTAIN,0.5,UNCERTAIN,0.5,UNCERTAIN,0.5,UNCERTAIN
PMC10164848_01,Brucellosis,0.9999980922441104,POSITIVE,0.9999984219434215,POSITIVE,0.5,UNCERTAIN,0.9999982180546787,POSITIVE,0.5,UNCERTAIN,0.5,UNCERTAIN,0.5,UNCERTAIN,0.5,UNCERTAIN,0.9999999849277927,POSITIVE,0.9999964171321384,POSITIVE,0.5,UNCERTAIN,0.5,UNCERTAIN,0.5,UNCERTAIN,0.5,UNCERTAIN,0.5,UNCERTAIN
PMC9767972_01,Brucellosis,0.5,UNCERTAIN,0.9999984219434215,POSITIVE,0.5,UNCERTAIN,0.5,UNCERTAIN,0.5,UNCERTAIN,0.5,UNCERTAIN,0.5,UNCERTAIN,0.5,UNCERTAIN,0.9999999999103643,POSITIVE,0.5,UNCERTAIN,0.9999995904349558,POSITIVE,0.5,UNCERTAIN,0.5,UNCERTAIN,0.5,UNCERTAIN,0.9999955604184251,POSITIVE
PMC3114544_01,Brucellosis,0.9999980922441104,POSITIVE,0.9999984219434215,POSITIVE,0.5,UNCERTAIN,0.9999982180546787,POSITIVE,0.5,UNCERTAIN,0.5,UNCERTAIN,0.5,UNCERTAIN,0.5,UNCERTAIN,0.9999999998615361,POSITIVE,0.9999964171321384,POSITIVE,0.5,UNCERTAIN,0.5,UNCERTAIN,0.5,UNCERTAIN,0.5,UNCERTAIN,0.5,UNCERTAIN
PMC2934912_01,Brucellosis,0.5,UNCERTAIN,0.9999984219434215,POSITIVE,0.5,UNCERTAIN,0.5,UNCERTAIN,0.5,UNCERTAIN,0.5,UNCERTAIN,0.5,UNCERTAIN,0.5,UNCERTAIN,0.9999999999103643,POSITIVE,0.9999964171321384,POSITIVE,0.5,UNCERTAIN,0.5,UNCERTAIN,0.5,UNCERTAIN,0.5,UNCERTAIN,0.5,UNCERTAIN
PMC6062634_01,Brucellosis,0.5,UNCERTAIN,0.5,UNCERTAIN,0.5,UNCERTAIN,0.9999982180546787,POSITIVE,0.9999973100599163,POSITIVE,0.5,UNCERTAIN,0.5,UNCERTAIN,0.5,UNCERTAIN,0.9999999999103643,POSITIVE,0.5,UNCERTAIN,0.5,UNCERTAIN,0.5,UNCERTAIN,0.5,UNCERTAIN,0.5,UNCERTAIN,0.5,UNCERTAIN
PMC3928349_01,Brucellosis,0.5,UNCERTAIN,0.9999984219434215,POSITIVE,0.5,UNCERTAIN,0.9999982180546787,POSITIVE,0.5,UNCERTAIN,0.5,UNCERTAIN,0.5,UNCERTAIN,0.5,UNCERTAIN,0.9999999849277927,POSITIVE,0.5,UNCERTAIN,0.5,UNCERTAIN,0.5,UNCERTAIN,0.5,UNCERTAIN,0.5,UNCERTAIN,0.5,UNCERTAIN
PMC3562647_01,Brucellosis,0.5,UNCERTAIN,0.9999984219434215,POSITIVE,0.5,UNCERTAIN,0.9999982180546787,POSITIVE,0.5,UNCERTAIN,0.5,UNCERTAIN,0.5,UNCERTAIN,0.5,UNCERTAIN,0.9999999999991764,POSITIVE,0.9999964171321384,POSITIVE,0.5,UNCERTAIN,0.5,UNCERTAIN,0.5,UNCERTAIN,0.5,UNCERTAIN,0.5,UNCERTAIN
PMC8233080_01,Brucellosis,0.9999980922441104,POSITIVE,0.9999984219434215,POSITIVE,0.5,UNCERTAIN,0.5,UNCERTAIN,0.9999973100599163,POSITIVE,0.5,UNCERTAIN,0.5,UNCERTAIN,0.5,UNCERTAIN,0.9999999849277927,POSITIVE,0.5,UNCERTAIN,0.5,UNCERTAIN,0.5,UNCERTAIN,0.5,UNCERTAIN,0.9999966310815537,POSITIVE,0.9999955604184251,POSITIVE
PMC1242218_01,Brucellosis,0.5,UNCERTAIN,0.5,UNCERTAIN,0.5,UNCERTAIN,0.9999982180546787,POSITIVE,0.5,UNCERTAIN,0.5,UNCERTAIN,0.5,UNCERTAIN,0.5,UNCERTAIN,0.9999999999991764,POSITIVE,0.5,UNCERTAIN,0.5,UNCERTAIN,0.5,UNCERTAIN,0.5,UNCERTAIN,0.5,UNCERTAIN,0.5,UNCERTAIN
PMC8476800_01,Brucellosis,0.5,UNCERTAIN,0.5,UNCERTAIN,0.5,UNCERTAIN,0.5,UNCERTAIN,0.5,UNCERTAIN,0.5,UNCERTAIN,0.5,UNCERTAIN,0.5,UNCERTAIN,0.9999999849277927,POSITIVE,0.5,UNCERTAIN,0.5,UNCERTAIN,0.5,UNCERTAIN,0.5,UNCERTAIN,0.5,UNCERTAIN,0.5,UNCERTAIN
PMC8376443_01,UNKNOWN (Insufficient Evidence),0.5,UNCERTAIN,0.5,UNCERTAIN,0.5,UNCERTAIN,0.5,UNCERTAIN,0.9999973100599163,POSITIVE,0.5,UNCERTAIN,0.5,UNCERTAIN,0.5,UNCERTAIN,0.9999963107031327,POSITIVE,0.5,UNCERTAIN,0.5,UNCERTAIN,0.5,UNCERTAIN,0.5,UNCERTAIN,0.5,UNCERTAIN,0.5,UNCERTAIN
PMC6664600_01,Brucellosis,0.5,UNCERTAIN,0.5,UNCERTAIN,0.5,UNCERTAIN,0.9999982180546787,POSITIVE,0.5,UNCERTAIN,0.5,UNCERTAIN,0.5,UNCERTAIN,0.5,UNCERTAIN,0.9999999999103643,POSITIVE,0.5,UNCERTAIN,0.5,UNCERTAIN,0.5,UNCERTAIN,0.5,UNCERTAIN,0.5,UNCERTAIN,0.5,UNCERTAIN
PMC2957978_01,Tuberculosis,0.5,UNCERTAIN,0.5,UNCERTAIN,0.5,UNCERTAIN,0.9999999891550005,POSITIVE,0.5,UNCERTAIN,0.5,UNCERTAIN,0.5,UNCERTAIN,0.5,UNCERTAIN,0.9999999849277927,POSITIVE,0.5,UNCERTAIN,0.5,UNCERTAIN,0.5,UNCERTAIN,0.5,UNCERTAIN,0.5,UNCERTAIN,0.5,UNCERTAIN
PMC2957978_02,Tuberculosis,0.5,UNCERTAIN,0.5,UNCERTAIN,0.5,UNCERTAIN,0.9999999891550005,POSITIVE,0.5,UNCERTAIN,0.5,UNCERTAIN,0.5,UNCERTAIN,0.5,UNCERTAIN,0.9999963107031327,POSITIVE,0.5,UNCERTAIN,0.5,UNCERTAIN,0.5,UNCERTAIN,0.5,UNCERTAIN,0.5,UNCERTAIN,0.5,UNCERTAIN
PMC10196249_01,UNKNOWN (Insufficient Evidence),0.5,UNCERTAIN,0.5,UNCERTAIN,0.5,UNCERTAIN,0.5,UNCERTAIN,0.9999973100599163,POSITIVE,0.9999979106384406,POSITIVE,0.5,UNCERTAIN,0.5,UNCERTAIN,0.5,UNCERTAIN,0.5,UNCERTAIN,0.5,UNCERTAIN,0.5,UNCERTAIN,0.5,UNCERTAIN,0.5,UNCERTAIN,0.5,UNCERTAIN
PMC10196249_02,COVID-19,0.5,UNCERTAIN,0.9999997872983558,POSITIVE,0.5,UNCERTAIN,0.5,UNCERTAIN,0.999999987854959,POSITIVE,0.9999979106384406,POSITIVE,0.5,UNCERTAIN,0.5,UNCERTAIN,0.5,UNCERTAIN,0.5,UNCERTAIN,0.5,UNCERTAIN,0.5,UNCERTAIN,0.5,UNCERTAIN,0.5,UNCERTAIN,0.5,UNCERTAIN
PMC10196249_03,HIV_AIDS,0.5,UNCERTAIN,0.5,UNCERTAIN,0.5,UNCERTAIN,0.5,UNCERTAIN,0.999999987854959,POSITIVE,0.9999999892709824,POSITIVE,0.5,UNCERTAIN,0.5,UNCERTAIN,0.5,UNCERTAIN,0.5,UNCERTAIN,0.5,UNCERTAIN,0.5,UNCERTAIN,0.5,UNCERTAIN,0.5,UNCERTAIN,0.5,UNCERTAIN
PMC10196249_04,COVID-19,0.5,UNCERTAIN,0.5,UNCERTAIN,0.5,UNCERTAIN,0.5,UNCERTAIN,0.999999987854959,POSITIVE,0.5,UNCERTAIN,0.5,UNCERTAIN,0.5,UNCERTAIN,0.5,UNCERTAIN,0.5,UNCERTAIN,0.5,UNCERTAIN,0.9999843110861651,POSITIVE,0.5,UNCERTAIN,0.5,UNCERTAIN,0.5,UNCERTAIN
PMC7201103_01,UNKNOWN (Insufficient Evidence),0.4995322228842786,UNCERTAIN,0.3203927069469911,NEGATIVE,0.31523947935045293,NEGATIVE,0.5747193862290804,UNCERTAIN,0.9999974372834155,POSITIVE,0.5386905502127388,UNCERTAIN,0.3606335027059405,NEGATIVE,0.47915927757263405,UNCERTAIN,0.6313990075547944,POSITIVE,0.6476104726216728,POSITIVE,0.37350614168368484,NEGATIVE,0.49582222886164945,UNCERTAIN,0.7845133387690117,POSITIVE,0.41244856790741624,UNCERTAIN,0.46641277567978456,UNCERTAIN
PMC8168796_01,COVID-19,0.5,UNCERTAIN,0.5,UNCERTAIN,0.5,UNCERTAIN,0.5,UNCERTAIN,0.999999987854959,POSITIVE,0.5,UNCERTAIN,0.5,UNCERTAIN,0.5,UNCERTAIN,0.5,UNCERTAIN,0.5,UNCERTAIN,0.5,UNCERTAIN,0.5,UNCERTAIN,0.5,UNCERTAIN,0.5,UNCERTAIN,0.5,UNCERTAIN
PMC8531932_01,COVID-19,0.5,UNCERTAIN,0.5,UNCERTAIN,0.5,UNCERTAIN,0.5,UNCERTAIN,0.999999987854959,POSITIVE,0.9999979106384406,POSITIVE,0.5,UNCERTAIN,0.5,UNCERTAIN,0.5,UNCERTAIN,0.5,UNCERTAIN,0.5,UNCERTAIN,0.5,UNCERTAIN,0.5,UNCERTAIN,0.5,UNCERTAIN,0.5,UNCERTAIN
PMC8107669_01,COVID-19,0.5,UNCERTAIN,0.5,UNCERTAIN,0.5,UNCERTAIN,0.5,UNCERTAIN,0.9999936558397975,POSITIVE,0.5,UNCERTAIN,0.5,UNCERTAIN,0.5,UNCERTAIN,0.5,UNCERTAIN,0.5,UNCERTAIN,0.5,UNCERTAIN,0.5,UNCERTAIN,0.5,UNCERTAIN,0.5,UNCERTAIN,0.5,UNCERTAIN
PMC8107669_02,COVID-19,0.5,UNCERTAIN,0.5,UNCERTAIN,0.5,UNCERTAIN,0.5,UNCERTAIN,0.9999936558397975,POSITIVE,0.5,UNCERTAIN,0.5,UNCERTAIN,0.5,UNCERTAIN,0.5,UNCERTAIN,0.5,UNCERTAIN,0.5,UNCERTAIN,0.5,UNCERTAIN,0.5,UNCERTAIN,0.5,UNCERTAIN,0.5,UNCERTAIN
PMC8107669_03,COVID-19,0.5,UNCERTAIN,0.5,UNCERTAIN,0.5,UNCERTAIN,0.5,UNCERTAIN,0.9999936558397975,POSITIVE,0.5,UNCERTAIN,0.5,UNCERTAIN,0.5,UNCERTAIN,0.5,UNCERTAIN,0.5,UNCERTAIN,0.5,UNCERTAIN,0.5,UNCERTAIN,0.5,UNCERTAIN,0.5,UNCERTAIN,0.5,UNCERTAIN
PMC8392798_01,COVID-19,0.5,UNCERTAIN,0.9988334643200636,POSITIVE,0.5,UNCERTAIN,0.5,UNCERTAIN,0.9999936558397975,POSITIVE,0.5,UNCERTAIN,0.5,UNCERTAIN,0.5,UNCERTAIN,0.5,UNCERTAIN,0.9984444806720881,POSITIVE,0.5,UNCERTAIN,0.5,UNCERTAIN,0.5,UNCERTAIN,0.5,UNCERTAIN,0.5,UNCERTAIN
PMC8097002_01,COVID-19,0.5,UNCERTAIN,0.5,UNCERTAIN,0.5,UNCERTAIN,0.9999982180546787,POSITIVE,0.999999987854959,POSITIVE,0.5,UNCERTAIN,0.5,UNCERTAIN,0.5,UNCERTAIN,0.5,UNCERTAIN,0.5,UNCERTAIN,0.5,UNCERTAIN,0.5,UNCERTAIN,0.5,UNCERTAIN,0.5,UNCERTAIN,0.5,UNCERTAIN
PMC7687474_01,UNKNOWN (Insufficient Evidence),0.5,UNCERTAIN,0.5,UNCERTAIN,0.5,UNCERTAIN,0.5,UNCERTAIN,0.9999973100599163,POSITIVE,0.5,UNCERTAIN,0.5,UNCERTAIN,0.9999903670399974,POSITIVE,0.5,UNCERTAIN,0.5,UNCERTAIN,0.5,UNCERTAIN,0.5,UNCERTAIN,0.5,UNCERTAIN,0.5,UNCERTAIN,0.5,UNCERTAIN
PMC7687474_02,COVID-19,0.9999980922441104,POSITIVE,0.5,UNCERTAIN,0.5,UNCERTAIN,0.5,UNCERTAIN,0.999999987854959,POSITIVE,0.5,UNCERTAIN,0.5,UNCERTAIN,0.5,UNCERTAIN,0.5,UNCERTAIN,0.5,UNCERTAIN,0.5,UNCERTAIN,0.5,UNCERTAIN,0.5,UNCERTAIN,0.5,UNCERTAIN,0.5,UNCERTAIN
PMC8077721_01,HIV_AIDS,0.5,UNCERTAIN,0.5,UNCERTAIN,0.5,UNCERTAIN,0.5,UNCERTAIN,0.998596824929277,POSITIVE,0.9999935518443837,POSITIVE,0.5,UNCERTAIN,0.5,UNCERTAIN,0.5,UNCERTAIN,0.5,UNCERTAIN,0.5,UNCERTAIN,0.5,UNCERTAIN,0.5,UNCERTAIN,0.5,UNCERTAIN,0.5,UNCERTAIN
PMC8077721_02,COVID-19,0.5,UNCERTAIN,0.5,UNCERTAIN,0.5,UNCERTAIN,0.5,UNCERTAIN,0.9999936558397975,POSITIVE,0.5,UNCERTAIN,0.5,UNCERTAIN,0.5,UNCERTAIN,0.5,UNCERTAIN,0.5,UNCERTAIN,0.5,UNCERTAIN,0.5,UNCERTAIN,0.5,UNCERTAIN,0.5,UNCERTAIN,0.5,UNCERTAIN
PMC8077721_03,COVID-19,0.5,UNCERTAIN,0.5,UNCERTAIN,0.5,UNCERTAIN,0.5,UNCERTAIN,0.9999936558397975,POSITIVE,0.5,UNCERTAIN,0.5,UNCERTAIN,0.5,UNCERTAIN,0.5,UNCERTAIN,0.5,UNCERTAIN,0.5,UNCERTAIN,0.5,UNCERTAIN,0.5,UNCERTAIN,0.5,UNCERTAIN,0.5,UNCERTAIN
PMC8077721_04,COVID-19,0.5,UNCERTAIN,0.5,UNCERTAIN,0.5,UNCERTAIN,0.5,UNCERTAIN,0.9999936558397975,POSITIVE,0.5,UNCERTAIN,0.5,UNCERTAIN,0.5,UNCERTAIN,0.5,UNCERTAIN,0.5,UNCERTAIN,0.5,UNCERTAIN,0.5,UNCERTAIN,0.5,UNCERTAIN,0.5,UNCERTAIN,0.5,UNCERTAIN
PMC8077721_05,COVID-19,0.5,UNCERTAIN,0.5,UNCERTAIN,0.5,UNCERTAIN,0.5,UNCERTAIN,0.9999936558397975,POSITIVE,0.5,UNCERTAIN,0.9969147378167993,POSITIVE,0.5,UNCERTAIN,0.5,UNCERTAIN,0.5,UNCERTAIN,0.5,UNCERTAIN,0.5,UNCERTAIN,0.5,UNCERTAIN,0.5,UNCERTAIN,0.5,UNCERTAIN
PMC8013978_01,COVID-19,0.5,UNCERTAIN,0.5,UNCERTAIN,0.5,UNCERTAIN,0.5,UNCERTAIN,0.999999987854959,POSITIVE,0.5,UNCERTAIN,0.5,UNCERTAIN,0.5,UNCERTAIN,0.5,UNCERTAIN,0.5,UNCERTAIN,0.5,UNCERTAIN,0.5,UNCERTAIN,0.5,UNCERTAIN,0.5,UNCERTAIN,0.5,UNCERTAIN
PMC9551989_01,COVID-19,0.5,UNCERTAIN,0.5,UNCERTAIN,0.999995718940084,POSITIVE,0.5,UNCERTAIN,0.999999987854959,POSITIVE,0.5,UNCERTAIN,0.5,UNCERTAIN,0.5,UNCERTAIN,0.5,UNCERTAIN,0.5,UNCERTAIN,0.5,UNCERTAIN,0.5,UNCERTAIN,0.5,UNCERTAIN,0.5,UNCERTAIN,0.5,UNCERTAIN
PMC7269521_01,UNKNOWN (Insufficient Evidence),0.5,UNCERTAIN,0.5,UNCERTAIN,0.5,UNCERTAIN,0.5,UNCERTAIN,0.9999973100599163,POSITIVE,0.5,UNCERTAIN,0.5,UNCERTAIN,0.5,UNCERTAIN,0.5,UNCERTAIN,0.5,UNCERTAIN,0.5,UNCERTAIN,0.5,UNCERTAIN,0.5,UNCERTAIN,0.5,UNCERTAIN,0.5,UNCERTAIN
PMC7248319_01,UNKNOWN (Insufficient Evidence),0.5,UNCERTAIN,0.5,UNCERTAIN,0.5,UNCERTAIN,0.5,UNCERTAIN,0.9999973100599163,POSITIVE,0.5,UNCERTAIN,0.5,UNCERTAIN,0.5,UNCERTAIN,0.5,UNCERTAIN,0.5,UNCERTAIN,0.5,UNCERTAIN,0.5,UNCERTAIN,0.5,UNCERTAIN,0.5,UNCERTAIN,0.5,UNCERTAIN
PMC7248319_02,UNKNOWN (Insufficient Evidence),0.5,UNCERTAIN,0.5,UNCERTAIN,0.5,UNCERTAIN,0.5,UNCERTAIN,0.9999973100599163,POSITIVE,0.5,UNCERTAIN,0.5,UNCERTAIN,0.5,UNCERTAIN,0.5,UNCERTAIN,0.5,UNCERTAIN,0.5,UNCERTAIN,0.5,UNCERTAIN,0.5,UNCERTAIN,0.5,UNCERTAIN,0.5,UNCERTAIN
PMC7248319_03,UNKNOWN (Insufficient Evidence),0.5,UNCERTAIN,0.5,UNCERTAIN,0.5,UNCERTAIN,0.5,UNCERTAIN,0.9999973100599163,POSITIVE,0.5,UNCERTAIN,0.5,UNCERTAIN,0.5,UNCERTAIN,0.5,UNCERTAIN,0.5,UNCERTAIN,0.5,UNCERTAIN,0.5,UNCERTAIN,0.5,UNCERTAIN,0.5,UNCERTAIN,0.5,UNCERTAIN
PMC9632847_01,UNKNOWN (Insufficient Evidence),0.5,UNCERTAIN,0.5,UNCERTAIN,0.5,UNCERTAIN,0.5,UNCERTAIN,0.998596824929277,POSITIVE,0.5,UNCERTAIN,0.5,UNCERTAIN,0.5,UNCERTAIN,0.5,UNCERTAIN,0.5,UNCERTAIN,0.5,UNCERTAIN,0.5,UNCERTAIN,0.5,UNCERTAIN,0.5,UNCERTAIN,0.5,UNCERTAIN
PMC9629861_01,COVID-19,0.5,UNCERTAIN,0.5,UNCERTAIN,0.5,UNCERTAIN,0.5,UNCERTAIN,0.9999936558397975,POSITIVE,0.9999935518443837,POSITIVE,0.5,UNCERTAIN,0.5,UNCERTAIN,0.5,UNCERTAIN,0.5,UNCERTAIN,0.5,UNCERTAIN,0.5,UNCERTAIN,0.5,UNCERTAIN,0.5,UNCERTAIN,0.5,UNCERTAIN
PMC10321783_01,HIV_AIDS,0.5,UNCERTAIN,0.5,UNCERTAIN,0.5,UNCERTAIN,0.5,UNCERTAIN,0.999999987854959,POSITIVE,0.9999999892709824,POSITIVE,0.5,UNCERTAIN,0.5,UNCERTAIN,0.5,UNCERTAIN,0.5,UNCERTAIN,0.5,UNCERTAIN,0.5,UNCERTAIN,0.5,UNCERTAIN,0.5,UNCERTAIN,0.5,UNCERTAIN
PMC8012864_01,Malaria,0.5,UNCERTAIN,0.9999999927651935,POSITIVE,0.5,UNCERTAIN,0.5,UNCERTAIN,0.999999987854959,POSITIVE,0.5,UNCERTAIN,0.5,UNCERTAIN,0.9999903670399974,POSITIVE,0.5,UNCERTAIN,0.5,UNCERTAIN,0.5,UNCERTAIN,0.5,UNCERTAIN,0.5,UNCERTAIN,0.5,UNCERTAIN,0.5,UNCERTAIN
PMC7265835_01,COVID-19,0.5,UNCERTAIN,0.5,UNCERTAIN,0.5,UNCERTAIN,0.5,UNCERTAIN,0.999999987854959,POSITIVE,0.5,UNCERTAIN,0.5,UNCERTAIN,0.5,UNCERTAIN,0.5,UNCERTAIN,0.5,UNCERTAIN,0.5,UNCERTAIN,0.5,UNCERTAIN,0.5,UNCERTAIN,0.5,UNCERTAIN,0.5,UNCERTAIN
PMC8675622_01,UNKNOWN (Insufficient Evidence),0.5,UNCERTAIN,0.5,UNCERTAIN,0.5,UNCERTAIN,0.5,UNCERTAIN,0.9999973100599163,POSITIVE,0.5,UNCERTAIN,0.5,UNCERTAIN,0.5,UNCERTAIN,0.5,UNCERTAIN,0.5,UNCERTAIN,0.5,UNCERTAIN,0.5,UNCERTAIN,0.5,UNCERTAIN,0.5,UNCERTAIN,0.5,UNCERTAIN
PMC9253533_01,Tuberculosis,0.5,UNCERTAIN,0.5,UNCERTAIN,0.5,UNCERTAIN,0.9999999926375517,POSITIVE,0.999999987854959,POSITIVE,0.9999979106384406,POSITIVE,0.5,UNCERTAIN,0.9999903670399974,POSITIVE,0.5,UNCERTAIN,0.5,UNCERTAIN,0.5,UNCERTAIN,0.5,UNCERTAIN,0.5,UNCERTAIN,0.5,UNCERTAIN,0.5,UNCERTAIN
PMC9149410_02,UNKNOWN (Insufficient Evidence),0.5,UNCERTAIN,0.5,UNCERTAIN,0.5,UNCERTAIN,0.5,UNCERTAIN,0.9997227714415042,POSITIVE,0.5,UNCERTAIN,0.5,UNCERTAIN,0.5,UNCERTAIN,0.5,UNCERTAIN,0.5,UNCERTAIN,0.5,UNCERTAIN,0.5,UNCERTAIN,0.5,UNCERTAIN,0.5,UNCERTAIN,0.5,UNCERTAIN
PMC8804283_01,COVID-19,0.5,UNCERTAIN,0.5,UNCERTAIN,0.5,UNCERTAIN,0.9988075807076872,POSITIVE,0.9999936558397975,POSITIVE,0.5,UNCERTAIN,0.5,UNCERTAIN,0.5,UNCERTAIN,0.5,UNCERTAIN,0.5,UNCERTAIN,0.5,UNCERTAIN,0.5,UNCERTAIN,0.5,UNCERTAIN,0.5,UNCERTAIN,0.5,UNCERTAIN
PMC7652926_01,UNKNOWN (Insufficient Evidence),0.4995322228842786,UNCERTAIN,0.3203927069469911,NEGATIVE,0.31523947935045293,NEGATIVE,0.5747193862290804,UNCERTAIN,0.9999999884293728,POSITIVE,0.5386905502127388,UNCERTAIN,0.3606335027059405,NEGATIVE,0.47915927757263405,UNCERTAIN,0.6313990075547944,POSITIVE,0.6476104726216728,POSITIVE,0.37350614168368484,NEGATIVE,0.49582222886164945,UNCERTAIN,0.7845133387690117,POSITIVE,0.41244856790741624,UNCERTAIN,0.46641277567978456,UNCERTAIN
PMC7652926_02,COVID-19,0.5,UNCERTAIN,0.9999984219434215,POSITIVE,0.5,UNCERTAIN,0.5,UNCERTAIN,0.999999987854959,POSITIVE,0.5,UNCERTAIN,0.5,UNCERTAIN,0.5,UNCERTAIN,0.5,UNCERTAIN,0.5,UNCERTAIN,0.5,UNCERTAIN,0.5,UNCERTAIN,0.5,UNCERTAIN,0.5,UNCERTAIN,0.5,UNCERTAIN
PMC7652926_03,COVID-19,0.5,UNCERTAIN,0.5,UNCERTAIN,0.5,UNCERTAIN,0.5,UNCERTAIN,0.9999936558397975,POSITIVE,0.5,UNCERTAIN,0.5,UNCERTAIN,0.5,UNCERTAIN,0.5,UNCERTAIN,0.5,UNCERTAIN,0.5,UNCERTAIN,0.5,UNCERTAIN,0.5,UNCERTAIN,0.5,UNCERTAIN,0.5,UNCERTAIN
PMC7652926_04,COVID-19,0.5,UNCERTAIN,0.5,UNCERTAIN,0.5,UNCERTAIN,0.5,UNCERTAIN,0.999999987854959,POSITIVE,0.5,UNCERTAIN,0.5,UNCERTAIN,0.5,UNCERTAIN,0.5,UNCERTAIN,0.5,UNCERTAIN,0.5,UNCERTAIN,0.5,UNCERTAIN,0.5,UNCERTAIN,0.5,UNCERTAIN,0.5,UNCERTAIN
PMC7652926_05,COVID-19,0.5,UNCERTAIN,0.5,UNCERTAIN,0.5,UNCERTAIN,0.9988075807076872,POSITIVE,0.9999936558397975,POSITIVE,0.5,UNCERTAIN,0.5,UNCERTAIN,0.5,UNCERTAIN,0.5,UNCERTAIN,0.5,UNCERTAIN,0.5,UNCERTAIN,0.5,UNCERTAIN,0.5,UNCERTAIN,0.5,UNCERTAIN,0.5,UNCERTAIN
PMC10242137_01,COVID-19,0.5,UNCERTAIN,0.5,UNCERTAIN,0.5,UNCERTAIN,0.5,UNCERTAIN,0.9999936558397975,POSITIVE,0.5,UNCERTAIN,0.5,UNCERTAIN,0.5,UNCERTAIN,0.5,UNCERTAIN,0.5,UNCERTAIN,0.5,UNCERTAIN,0.5,UNCERTAIN,0.5,UNCERTAIN,0.5,UNCERTAIN,0.5,UNCERTAIN
PMC9137965_01,COVID-19,0.5,UNCERTAIN,0.5,UNCERTAIN,0.5,UNCERTAIN,0.5,UNCERTAIN,0.9999936558397975,POSITIVE,0.5,UNCERTAIN,0.5,UNCERTAIN,0.5,UNCERTAIN,0.5,UNCERTAIN,0.5,UNCERTAIN,0.5,UNCERTAIN,0.5,UNCERTAIN,0.5,UNCERTAIN,0.5,UNCERTAIN,0.5,UNCERTAIN
PMC8826099_01,UNKNOWN (Insufficient Evidence),0.5,UNCERTAIN,0.5,UNCERTAIN,0.5,UNCERTAIN,0.5,UNCERTAIN,0.9999973100599163,POSITIVE,0.5,UNCERTAIN,0.5,UNCERTAIN,0.5,UNCERTAIN,0.5,UNCERTAIN,0.5,UNCERTAIN,0.5,UNCERTAIN,0.5,UNCERTAIN,0.5,UNCERTAIN,0.5,UNCERTAIN,0.5,UNCERTAIN
PMC9195123_01,COVID-19,0.5,UNCERTAIN,0.5,UNCERTAIN,0.5,UNCERTAIN,0.5,UNCERTAIN,0.9999936558397975,POSITIVE,0.5,UNCERTAIN,0.5,UNCERTAIN,0.5,UNCERTAIN,0.5,UNCERTAIN,0.5,UNCERTAIN,0.5,UNCERTAIN,0.5,UNCERTAIN,0.5,UNCERTAIN,0.5,UNCERTAIN,0.5,UNCERTAIN
PMC9057225_01,COVID-19,0.9999980922441104,POSITIVE,0.9999984219434215,POSITIVE,0.5,UNCERTAIN,0.5,UNCERTAIN,0.9999999995784636,POSITIVE,0.9999979106384406,POSITIVE,0.5,UNCERTAIN,0.5,UNCERTAIN,0.999999966107409,POSITIVE,0.9999964171321384,POSITIVE,0.5,UNCERTAIN,0.5,UNCERTAIN,0.5,UNCERTAIN,0.9999966310815537,POSITIVE,0.5,UNCERTAIN
PMC9062907_01,UNKNOWN (Insufficient Evidence),0.5,UNCERTAIN,0.5,UNCERTAIN,0.5,UNCERTAIN,0.5,UNCERTAIN,0.9999999066359312,POSITIVE,0.5,UNCERTAIN,0.5,UNCERTAIN,0.5,UNCERTAIN,0.5,UNCERTAIN,0.5,UNCERTAIN,0.5,UNCERTAIN,0.5,UNCERTAIN,0.5,UNCERTAIN,0.5,UNCERTAIN,0.5,UNCERTAIN
PMC9062907_02,UNKNOWN (Insufficient Evidence),0.5,UNCERTAIN,0.5,UNCERTAIN,0.5,UNCERTAIN,0.5,UNCERTAIN,0.9999999066359312,POSITIVE,0.5,UNCERTAIN,0.5,UNCERTAIN,0.5,UNCERTAIN,0.5,UNCERTAIN,0.5,UNCERTAIN,0.5,UNCERTAIN,0.5,UNCERTAIN,0.5,UNCERTAIN,0.5,UNCERTAIN,0.5,UNCERTAIN
PMC9062907_03,UNKNOWN (Insufficient Evidence),0.5,UNCERTAIN,0.5,UNCERTAIN,0.5,UNCERTAIN,0.5,UNCERTAIN,0.9999999066359312,POSITIVE,0.5,UNCERTAIN,0.5,UNCERTAIN,0.5,UNCERTAIN,0.5,UNCERTAIN,0.5,UNCERTAIN,0.5,UNCERTAIN,0.5,UNCERTAIN,0.5,UNCERTAIN,0.5,UNCERTAIN,0.5,UNCERTAIN
PMC8434904_01,UNKNOWN (Insufficient Evidence),0.5,UNCERTAIN,0.5,UNCERTAIN,0.5,UNCERTAIN,0.5,UNCERTAIN,0.998596824929277,POSITIVE,0.5,UNCERTAIN,0.5,UNCERTAIN,0.5,UNCERTAIN,0.5,UNCERTAIN,0.5,UNCERTAIN,0.5,UNCERTAIN,0.5,UNCERTAIN,0.5,UNCERTAIN,0.5,UNCERTAIN,0.5,UNCERTAIN
PMC8335158_01,COVID-19,0.9999980922441104,POSITIVE,0.5,UNCERTAIN,0.5,UNCERTAIN,0.5,UNCERTAIN,0.999999987854959,POSITIVE,0.9999979106384406,POSITIVE,0.5,UNCERTAIN,0.5,UNCERTAIN,0.5,UNCERTAIN,0.5,UNCERTAIN,0.5,UNCERTAIN,0.5,UNCERTAIN,0.5,UNCERTAIN,0.5,UNCERTAIN,0.5,UNCERTAIN
PMC9310278_01,UNKNOWN (Insufficient Evidence),0.5,UNCERTAIN,0.9999984219434215,POSITIVE,0.5,UNCERTAIN,0.5,UNCERTAIN,0.9999973100599163,POSITIVE,0.5,UNCERTAIN,0.5,UNCERTAIN,0.5,UNCERTAIN,0.5,UNCERTAIN,0.5,UNCERTAIN,0.5,UNCERTAIN,0.5,UNCERTAIN,0.5,UNCERTAIN,0.5,UNCERTAIN,0.5,UNCERTAIN
PMC8298026_01,COVID-19,0.5,UNCERTAIN,0.5,UNCERTAIN,0.5,UNCERTAIN,0.5,UNCERTAIN,0.999999987854959,POSITIVE,0.5,UNCERTAIN,0.5,UNCERTAIN,0.5,UNCERTAIN,0.5,UNCERTAIN,0.5,UNCERTAIN,0.5,UNCERTAIN,0.5,UNCERTAIN,0.5,UNCERTAIN,0.5,UNCERTAIN,0.5,UNCERTAIN
PMC10079873_01,UNKNOWN (Insufficient Evidence),0.5,UNCERTAIN,0.5,UNCERTAIN,0.5,UNCERTAIN,0.9999982180546787,POSITIVE,0.9999973100599163,POSITIVE,0.5,UNCERTAIN,0.5,UNCERTAIN,0.5,UNCERTAIN,0.5,UNCERTAIN,0.5,UNCERTAIN,0.5,UNCERTAIN,0.5,UNCERTAIN,0.9999847361101836,POSITIVE,0.5,UNCERTAIN,0.5,UNCERTAIN
PMC4720805_01,UNKNOWN (Insufficient Evidence),0.9999980922441104,POSITIVE,0.5,UNCERTAIN,0.5,UNCERTAIN,0.9999982180546787,POSITIVE,0.5,UNCERTAIN,0.5,UNCERTAIN,0.5,UNCERTAIN,0.5,UNCERTAIN,0.5,UNCERTAIN,0.5,UNCERTAIN,0.5,UNCERTAIN,0.5,UNCERTAIN,0.5,UNCERTAIN,0.5,UNCERTAIN,0.5,UNCERTAIN
PMC10259143_01,UNKNOWN (Insufficient Evidence),0.5,UNCERTAIN,0.5,UNCERTAIN,0.5,UNCERTAIN,0.5,UNCERTAIN,0.9999973100599163,POSITIVE,0.5,UNCERTAIN,0.5,UNCERTAIN,0.5,UNCERTAIN,0.5,UNCERTAIN,0.5,UNCERTAIN,0.5,UNCERTAIN,0.5,UNCERTAIN,0.5,UNCERTAIN,0.5,UNCERTAIN,0.5,UNCERTAIN
PMC6429638_01,UNKNOWN (Insufficient Evidence),0.5,UNCERTAIN,0.5,UNCERTAIN,0.5,UNCERTAIN,0.5,UNCERTAIN,0.9999973100599163,POSITIVE,0.5,UNCERTAIN,0.5,UNCERTAIN,0.5,UNCERTAIN,0.5,UNCERTAIN,0.5,UNCERTAIN,0.5,UNCERTAIN,0.5,UNCERTAIN,0.5,UNCERTAIN,0.5,UNCERTAIN,0.5,UNCERTAIN
PMC9949976_01,COVID-19,0.5,UNCERTAIN,0.5,UNCERTAIN,0.5,UNCERTAIN,0.5,UNCERTAIN,0.9999936558397975,POSITIVE,0.5,UNCERTAIN,0.5,UNCERTAIN,0.5,UNCERTAIN,0.5,UNCERTAIN,0.5,UNCERTAIN,0.5,UNCERTAIN,0.5,UNCERTAIN,0.5,UNCERTAIN,0.5,UNCERTAIN,0.5,UNCERTAIN
PMC9355687_01,COVID-19,0.9999980922441104,POSITIVE,0.5,UNCERTAIN,0.5,UNCERTAIN,0.5,UNCERTAIN,0.9999999995784636,POSITIVE,0.5,UNCERTAIN,0.5,UNCERTAIN,0.5,UNCERTAIN,0.5,UNCERTAIN,0.5,UNCERTAIN,0.5,UNCERTAIN,0.5,UNCERTAIN,0.5,UNCERTAIN,0.5,UNCERTAIN,0.5,UNCERTAIN
PMC9869642_01,COVID-19,0.5,UNCERTAIN,0.5,UNCERTAIN,0.999995718940084,POSITIVE,0.9999982180546787,POSITIVE,0.999999987854959,POSITIVE,0.5,UNCERTAIN,0.5,UNCERTAIN,0.5,UNCERTAIN,0.5,UNCERTAIN,0.5,UNCERTAIN,0.5,UNCERTAIN,0.5,UNCERTAIN,0.5,UNCERTAIN,0.5,UNCERTAIN,0.5,UNCERTAIN
PMC9040448_01,UNKNOWN (Insufficient Evidence),0.5,UNCERTAIN,0.5,UNCERTAIN,0.5,UNCERTAIN,0.5,UNCERTAIN,0.9999973100599163,POSITIVE,0.5,UNCERTAIN,0.5,UNCERTAIN,0.5,UNCERTAIN,0.5,UNCERTAIN,0.5,UNCERTAIN,0.5,UNCERTAIN,0.5,UNCERTAIN,0.5,UNCERTAIN,0.5,UNCERTAIN,0.5,UNCERTAIN
PMC9040448_02,COVID-19,0.5,UNCERTAIN,0.5,UNCERTAIN,0.5,UNCERTAIN,0.5,UNCERTAIN,0.999999987854959,POSITIVE,0.5,UNCERTAIN,0.5,UNCERTAIN,0.5,UNCERTAIN,0.5,UNCERTAIN,0.5,UNCERTAIN,0.5,UNCERTAIN,0.5,UNCERTAIN,0.5,UNCERTAIN,0.5,UNCERTAIN,0.5,UNCERTAIN
PMC9040448_03,UNKNOWN (Insufficient Evidence),0.5,UNCERTAIN,0.5,UNCERTAIN,0.5,UNCERTAIN,0.5,UNCERTAIN,0.9999973100599163,POSITIVE,0.5,UNCERTAIN,0.5,UNCERTAIN,0.5,UNCERTAIN,0.5,UNCERTAIN,0.5,UNCERTAIN,0.5,UNCERTAIN,0.5,UNCERTAIN,0.5,UNCERTAIN,0.5,UNCERTAIN,0.5,UNCERTAIN
PMC9040448_04,UNKNOWN (Insufficient Evidence),0.5,UNCERTAIN,0.5,UNCERTAIN,0.5,UNCERTAIN,0.5,UNCERTAIN,0.9999512318214635,POSITIVE,0.5,UNCERTAIN,0.5,UNCERTAIN,0.5,UNCERTAIN,0.5,UNCERTAIN,0.5,UNCERTAIN,0.5,UNCERTAIN,0.5,UNCERTAIN,0.5,UNCERTAIN,0.5,UNCERTAIN,0.5,UNCERTAIN
PMC10129030_01,COVID-19,0.5,UNCERTAIN,0.5,UNCERTAIN,0.9979865599175791,POSITIVE,0.9988075807076872,POSITIVE,0.9999936558397975,POSITIVE,0.5,UNCERTAIN,0.5,UNCERTAIN,0.5,UNCERTAIN,0.5,UNCERTAIN,0.5,UNCERTAIN,0.5,UNCERTAIN,0.5,UNCERTAIN,0.5,UNCERTAIN,0.5,UNCERTAIN,0.5,UNCERTAIN
PMC9068329_01,COVID-19,0.5,UNCERTAIN,0.5,UNCERTAIN,0.999995718940084,POSITIVE,0.5,UNCERTAIN,0.999999987854959,POSITIVE,0.5,UNCERTAIN,0.5,UNCERTAIN,0.5,UNCERTAIN,0.5,UNCERTAIN,0.5,UNCERTAIN,0.5,UNCERTAIN,0.5,UNCERTAIN,0.5,UNCERTAIN,0.5,UNCERTAIN,0.5,UNCERTAIN
PMC7277418_01,COVID-19,0.5,UNCERTAIN,0.5,UNCERTAIN,0.5,UNCERTAIN,0.5,UNCERTAIN,0.999999987854959,POSITIVE,0.5,UNCERTAIN,0.5,UNCERTAIN,0.5,UNCERTAIN,0.5,UNCERTAIN,0.5,UNCERTAIN,0.5,UNCERTAIN,0.5,UNCERTAIN,0.5,UNCERTAIN,0.5,UNCERTAIN,0.5,UNCERTAIN
PMC7739047_01,UNKNOWN (Insufficient Evidence),0.5,UNCERTAIN,0.9999984219434215,POSITIVE,0.5,UNCERTAIN,0.5,UNCERTAIN,0.9999973100599163,POSITIVE,0.5,UNCERTAIN,0.5,UNCERTAIN,0.5,UNCERTAIN,0.5,UNCERTAIN,0.5,UNCERTAIN,0.5,UNCERTAIN,0.5,UNCERTAIN,0.5,UNCERTAIN,0.5,UNCERTAIN,0.5,UNCERTAIN
PMC9906126_01,COVID-19,0.5,UNCERTAIN,0.5,UNCERTAIN,0.5,UNCERTAIN,0.5,UNCERTAIN,0.999999987854959,POSITIVE,0.5,UNCERTAIN,0.5,UNCERTAIN,0.5,UNCERTAIN,0.5,UNCERTAIN,0.5,UNCERTAIN,0.5,UNCERTAIN,0.5,UNCERTAIN,0.5,UNCERTAIN,0.5,UNCERTAIN,0.5,UNCERTAIN
PMC7415102_01,COVID-19,0.5,UNCERTAIN,0.5,UNCERTAIN,0.5,UNCERTAIN,0.9999982180546787,POSITIVE,0.999999987854959,POSITIVE,0.5,UNCERTAIN,0.5,UNCERTAIN,0.5,UNCERTAIN,0.5,UNCERTAIN,0.5,UNCERTAIN,0.5,UNCERTAIN,0.5,UNCERTAIN,0.5,UNCERTAIN,0.5,UNCERTAIN,0.5,UNCERTAIN
PMC9975986_01,COVID-19,0.5,UNCERTAIN,0.5,UNCERTAIN,0.5,UNCERTAIN,0.5,UNCERTAIN,0.999999987854959,POSITIVE,0.5,UNCERTAIN,0.5,UNCERTAIN,0.5,UNCERTAIN,0.5,UNCERTAIN,0.5,UNCERTAIN,0.5,UNCERTAIN,0.5,UNCERTAIN,0.5,UNCERTAIN,0.5,UNCERTAIN,0.5,UNCERTAIN
PMC10166213_01,COVID-19,0.5,UNCERTAIN,0.9999984219434215,POSITIVE,0.999995718940084,POSITIVE,0.5,UNCERTAIN,0.9999999995784636,POSITIVE,0.5,UNCERTAIN,0.5,UNCERTAIN,0.5,UNCERTAIN,0.5,UNCERTAIN,0.5,UNCERTAIN,0.5,UNCERTAIN,0.5,UNCERTAIN,0.5,UNCERTAIN,0.5,UNCERTAIN,0.5,UNCERTAIN
PMC7305490_01,Malaria,0.9999980922441104,POSITIVE,0.999999999953786,POSITIVE,0.5,UNCERTAIN,0.5,UNCERTAIN,0.999999987854959,POSITIVE,0.5,UNCERTAIN,0.5,UNCERTAIN,0.5,UNCERTAIN,0.5,UNCERTAIN,0.5,UNCERTAIN,0.5,UNCERTAIN,0.5,UNCERTAIN,0.5,UNCERTAIN,0.9999966310815537,POSITIVE,0.9999955604184251,POSITIVE
PMC9433992_01,COVID-19,0.5,UNCERTAIN,0.5,UNCERTAIN,0.5,UNCERTAIN,0.5,UNCERTAIN,0.9999936558397975,POSITIVE,0.5,UNCERTAIN,0.5,UNCERTAIN,0.5,UNCERTAIN,0.5,UNCERTAIN,0.5,UNCERTAIN,0.5,UNCERTAIN,0.5,UNCERTAIN,0.5,UNCERTAIN,0.5,UNCERTAIN,0.5,UNCERTAIN
PMC9056206_01,UNKNOWN (Insufficient Evidence),0.9999980922441104,POSITIVE,0.5,UNCERTAIN,0.999995718940084,POSITIVE,0.5,UNCERTAIN,0.9999973100599163,POSITIVE,0.5,UNCERTAIN,0.5,UNCERTAIN,0.5,UNCERTAIN,0.5,UNCERTAIN,0.5,UNCERTAIN,0.5,UNCERTAIN,0.5,UNCERTAIN,0.5,UNCERTAIN,0.5,UNCERTAIN,0.5,UNCERTAIN
PMC8591100_01,UNKNOWN (Insufficient Evidence),0.9999980922441104,POSITIVE,0.9999984219434215,POSITIVE,0.999995718940084,POSITIVE,0.5,UNCERTAIN,0.9999999066359312,POSITIVE,0.5,UNCERTAIN,0.5,UNCERTAIN,0.5,UNCERTAIN,0.5,UNCERTAIN,0.5,UNCERTAIN,0.5,UNCERTAIN,0.5,UNCERTAIN,0.5,UNCERTAIN,0.5,UNCERTAIN,0.5,UNCERTAIN
PMC7488892_01,UNKNOWN (Insufficient Evidence),0.5,UNCERTAIN,0.9999984219434215,POSITIVE,0.999995718940084,POSITIVE,0.5,UNCERTAIN,0.9999990481617531,POSITIVE,0.5,UNCERTAIN,0.5,UNCERTAIN,0.5,UNCERTAIN,0.5,UNCERTAIN,0.5,UNCERTAIN,0.5,UNCERTAIN,0.5,UNCERTAIN,0.5,UNCERTAIN,0.5,UNCERTAIN,0.5,UNCERTAIN
PMC10106735_01,UNKNOWN (Insufficient Evidence),0.5,UNCERTAIN,0.5,UNCERTAIN,0.5,UNCERTAIN,0.5,UNCERTAIN,0.5,UNCERTAIN,0.5,UNCERTAIN,0.5,UNCERTAIN,0.5,UNCERTAIN,0.5,UNCERTAIN,0.5,UNCERTAIN,0.5,UNCERTAIN,0.5,UNCERTAIN,0.5,UNCERTAIN,0.5,UNCERTAIN,0.5,UNCERTAIN
PMC8421570_01,UNKNOWN (Insufficient Evidence),0.9999980886711564,POSITIVE,0.3203927069469911,NEGATIVE,0.31523947935045293,NEGATIVE,0.9999986813962269,POSITIVE,0.9999974372834155,POSITIVE,0.9999982107677212,POSITIVE,0.3606335027059405,NEGATIVE,0.47915927757263405,UNCERTAIN,0.6313990075547944,POSITIVE,0.6476104726216728,POSITIVE,0.37350614168368484,NEGATIVE,0.49582222886164945,UNCERTAIN,0.7845133387690117,POSITIVE,0.41244856790741624,UNCERTAIN,0.46641277567978456,UNCERTAIN
PMC7724101_01,COVID-19,0.5,UNCERTAIN,0.5,UNCERTAIN,0.5,UNCERTAIN,0.5,UNCERTAIN,0.9999936558397975,POSITIVE,0.5,UNCERTAIN,0.5,UNCERTAIN,0.5,UNCERTAIN,0.5,UNCERTAIN,0.5,UNCERTAIN,0.5,UNCERTAIN,0.5,UNCERTAIN,0.5,UNCERTAIN,0.5,UNCERTAIN,0.5,UNCERTAIN
PMC7454860_01,COVID-19,0.5,UNCERTAIN,0.5,UNCERTAIN,0.5,UNCERTAIN,0.5,UNCERTAIN,0.999999987854959,POSITIVE,0.5,UNCERTAIN,0.5,UNCERTAIN,0.5,UNCERTAIN,0.5,UNCERTAIN,0.5,UNCERTAIN,0.5,UNCERTAIN,0.5,UNCERTAIN,0.5,UNCERTAIN,0.9999966310815537,POSITIVE,0.5,UNCERTAIN
PMC7454860_02,COVID-19,0.5,UNCERTAIN,0.5,UNCERTAIN,0.5,UNCERTAIN,0.5,UNCERTAIN,0.9999936558397975,POSITIVE,0.5,UNCERTAIN,0.5,UNCERTAIN,0.5,UNCERTAIN,0.5,UNCERTAIN,0.5,UNCERTAIN,0.5,UNCERTAIN,0.5,UNCERTAIN,0.5,UNCERTAIN,0.9981947955627861,POSITIVE,0.5,UNCERTAIN
PMC7454860_03,COVID-19,0.5,UNCERTAIN,0.5,UNCERTAIN,0.5,UNCERTAIN,0.5,UNCERTAIN,0.999999987854959,POSITIVE,0.5,UNCERTAIN,0.5,UNCERTAIN,0.5,UNCERTAIN,0.5,UNCERTAIN,0.5,UNCERTAIN,0.5,UNCERTAIN,0.5,UNCERTAIN,0.5,UNCERTAIN,0.5,UNCERTAIN,0.5,UNCERTAIN
PMC7454860_04,COVID-19,0.9999980922441104,POSITIVE,0.5,UNCERTAIN,0.5,UNCERTAIN,0.5,UNCERTAIN,0.999999987854959,POSITIVE,0.5,UNCERTAIN,0.5,UNCERTAIN,0.5,UNCERTAIN,0.5,UNCERTAIN,0.5,UNCERTAIN,0.5,UNCERTAIN,0.5,UNCERTAIN,0.5,UNCERTAIN,0.9999966310815537,POSITIVE,0.5,UNCERTAIN
PMC9975751_01,UNKNOWN (Insufficient Evidence),0.5,UNCERTAIN,0.5,UNCERTAIN,0.5,UNCERTAIN,0.5,UNCERTAIN,0.9999512318214635,POSITIVE,0.5,UNCERTAIN,0.5,UNCERTAIN,0.5,UNCERTAIN,0.5,UNCERTAIN,0.5,UNCERTAIN,0.5,UNCERTAIN,0.5,UNCERTAIN,0.5,UNCERTAIN,0.5,UNCERTAIN,0.5,UNCERTAIN
PMC8202318_01,COVID-19,0.9999980922441104,POSITIVE,0.5,UNCERTAIN,0.5,UNCERTAIN,0.5,UNCERTAIN,0.999999987854959,POSITIVE,0.5,UNCERTAIN,0.5,UNCERTAIN,0.5,UNCERTAIN,0.5,UNCERTAIN,0.5,UNCERTAIN,0.5,UNCERTAIN,0.5,UNCERTAIN,0.5,UNCERTAIN,0.5,UNCERTAIN,0.5,UNCERTAIN
PMC9529656_01,UNKNOWN (Insufficient Evidence),0.5,UNCERTAIN,0.9999984219434215,POSITIVE,0.5,UNCERTAIN,0.5,UNCERTAIN,0.9999973100599163,POSITIVE,0.5,UNCERTAIN,0.5,UNCERTAIN,0.5,UNCERTAIN,0.5,UNCERTAIN,0.5,UNCERTAIN,0.5,UNCERTAIN,0.5,UNCERTAIN,0.5,UNCERTAIN,0.5,UNCERTAIN,0.9999955604184251,POSITIVE
PMC8494571_01,COVID-19,0.5,UNCERTAIN,0.5,UNCERTAIN,0.5,UNCERTAIN,0.5,UNCERTAIN,0.9999999976031785,POSITIVE,0.9999979106384406,POSITIVE,0.5,UNCERTAIN,0.5,UNCERTAIN,0.5,UNCERTAIN,0.5,UNCERTAIN,0.5,UNCERTAIN,0.5,UNCERTAIN,0.5,UNCERTAIN,0.9999966310815537,POSITIVE,0.5,UNCERTAIN
PMC8464199_01,UNKNOWN (Insufficient Evidence),0.5,UNCERTAIN,0.5,UNCERTAIN,0.5,UNCERTAIN,0.5,UNCERTAIN,0.9999973100599163,POSITIVE,0.5,UNCERTAIN,0.5,UNCERTAIN,0.5,UNCERTAIN,0.5,UNCERTAIN,0.5,UNCERTAIN,0.5,UNCERTAIN,0.5,UNCERTAIN,0.9999847361101836,POSITIVE,0.5,UNCERTAIN,0.5,UNCERTAIN
PMC8464199_02,UNKNOWN (Insufficient Evidence),0.5,UNCERTAIN,0.5,UNCERTAIN,0.5,UNCERTAIN,0.5,UNCERTAIN,0.9999973100599163,POSITIVE,0.5,UNCERTAIN,0.5,UNCERTAIN,0.5,UNCERTAIN,0.5,UNCERTAIN,0.5,UNCERTAIN,0.5,UNCERTAIN,0.5,UNCERTAIN,0.5,UNCERTAIN,0.5,UNCERTAIN,0.5,UNCERTAIN
PMC10331113_01,COVID-19,0.5,UNCERTAIN,0.5,UNCERTAIN,0.999995718940084,POSITIVE,0.5,UNCERTAIN,0.999999987854959,POSITIVE,0.5,UNCERTAIN,0.5,UNCERTAIN,0.5,UNCERTAIN,0.5,UNCERTAIN,0.5,UNCERTAIN,0.5,UNCERTAIN,0.5,UNCERTAIN,0.5,UNCERTAIN,0.5,UNCERTAIN,0.5,UNCERTAIN
PMC9634233_01,COVID-19,0.5,UNCERTAIN,0.5,UNCERTAIN,0.5,UNCERTAIN,0.5,UNCERTAIN,0.9999936558397975,POSITIVE,0.5,UNCERTAIN,0.5,UNCERTAIN,0.5,UNCERTAIN,0.5,UNCERTAIN,0.5,UNCERTAIN,0.5,UNCERTAIN,0.5,UNCERTAIN,0.5,UNCERTAIN,0.5,UNCERTAIN,0.5,UNCERTAIN
PMC9981263_01,COVID-19,0.5,UNCERTAIN,0.5,UNCERTAIN,0.5,UNCERTAIN,0.5,UNCERTAIN,0.9999999990028133,POSITIVE,0.5,UNCERTAIN,0.5,UNCERTAIN,0.5,UNCERTAIN,0.5,UNCERTAIN,0.5,UNCERTAIN,0.5,UNCERTAIN,0.5,UNCERTAIN,0.5,UNCERTAIN,0.5,UNCERTAIN,0.5,UNCERTAIN
PMC7723371_01,COVID-19,0.5,UNCERTAIN,0.5,UNCERTAIN,0.5,UNCERTAIN,0.5,UNCERTAIN,0.9999936558397975,POSITIVE,0.9987458547310324,POSITIVE,0.5,UNCERTAIN,0.5,UNCERTAIN,0.5,UNCERTAIN,0.5,UNCERTAIN,0.5,UNCERTAIN,0.5,UNCERTAIN,0.5,UNCERTAIN,0.5,UNCERTAIN,0.5,UNCERTAIN
PMC7685363_01,UNKNOWN (Insufficient Evidence),0.5,UNCERTAIN,0.9999984219434215,POSITIVE,0.5,UNCERTAIN,0.5,UNCERTAIN,0.9999973100599163,POSITIVE,0.5,UNCERTAIN,0.5,UNCERTAIN,0.5,UNCERTAIN,0.5,UNCERTAIN,0.5,UNCERTAIN,0.5,UNCERTAIN,0.5,UNCERTAIN,0.5,UNCERTAIN,0.5,UNCERTAIN,0.5,UNCERTAIN
PMC7481472_01,UNKNOWN (Insufficient Evidence),0.5,UNCERTAIN,0.5,UNCERTAIN,0.5,UNCERTAIN,0.5,UNCERTAIN,0.998596824929277,POSITIVE,0.5,UNCERTAIN,0.5,UNCERTAIN,0.5,UNCERTAIN,0.5,UNCERTAIN,0.5,UNCERTAIN,0.5,UNCERTAIN,0.5,UNCERTAIN,0.5,UNCERTAIN,0.5,UNCERTAIN,0.5,UNCERTAIN
PMC7481472_02,COVID-19,0.5,UNCERTAIN,0.5,UNCERTAIN,0.5,UNCERTAIN,0.5,UNCERTAIN,0.999999987854959,POSITIVE,0.5,UNCERTAIN,0.5,UNCERTAIN,0.5,UNCERTAIN,0.5,UNCERTAIN,0.5,UNCERTAIN,0.5,UNCERTAIN,0.5,UNCERTAIN,0.5,UNCERTAIN,0.5,UNCERTAIN,0.5,UNCERTAIN
PMC7481472_03,COVID-19,0.5,UNCERTAIN,0.5,UNCERTAIN,0.5,UNCERTAIN,0.5,UNCERTAIN,0.999999987854959,POSITIVE,0.5,UNCERTAIN,0.5,UNCERTAIN,0.5,UNCERTAIN,0.5,UNCERTAIN,0.5,UNCERTAIN,0.5,UNCERTAIN,0.5,UNCERTAIN,0.5,UNCERTAIN,0.5,UNCERTAIN,0.5,UNCERTAIN
PMC7481472_04,COVID-19,0.5,UNCERTAIN,0.5,UNCERTAIN,0.5,UNCERTAIN,0.5,UNCERTAIN,0.9999936558397975,POSITIVE,0.5,UNCERTAIN,0.5,UNCERTAIN,0.5,UNCERTAIN,0.5,UNCERTAIN,0.5,UNCERTAIN,0.5,UNCERTAIN,0.5,UNCERTAIN,0.5,UNCERTAIN,0.5,UNCERTAIN,0.5,UNCERTAIN
PMC7481472_05,COVID-19,0.5,UNCERTAIN,0.5,UNCERTAIN,0.5,UNCERTAIN,0.5,UNCERTAIN,0.999999987854959,POSITIVE,0.5,UNCERTAIN,0.5,UNCERTAIN,0.5,UNCERTAIN,0.5,UNCERTAIN,0.5,UNCERTAIN,0.5,UNCERTAIN,0.5,UNCERTAIN,0.5,UNCERTAIN,0.5,UNCERTAIN,0.5,UNCERTAIN
PMC7481472_06,COVID-19,0.5,UNCERTAIN,0.5,UNCERTAIN,0.5,UNCERTAIN,0.5,UNCERTAIN,0.9999936558397975,POSITIVE,0.5,UNCERTAIN,0.5,UNCERTAIN,0.5,UNCERTAIN,0.5,UNCERTAIN,0.5,UNCERTAIN,0.5,UNCERTAIN,0.5,UNCERTAIN,0.5,UNCERTAIN,0.5,UNCERTAIN,0.5,UNCERTAIN
PMC7481472_07,COVID-19,0.5,UNCERTAIN,0.5,UNCERTAIN,0.5,UNCERTAIN,0.5,UNCERTAIN,0.999999987854959,POSITIVE,0.5,UNCERTAIN,0.5,UNCERTAIN,0.5,UNCERTAIN,0.5,UNCERTAIN,0.5,UNCERTAIN,0.5,UNCERTAIN,0.5,UNCERTAIN,0.5,UNCERTAIN,0.5,UNCERTAIN,0.5,UNCERTAIN
PMC6614379_01,Malaria,0.9999980922441104,POSITIVE,0.9999999927651935,POSITIVE,0.5,UNCERTAIN,0.5,UNCERTAIN,0.5,UNCERTAIN,0.5,UNCERTAIN,0.9999999233254806,POSITIVE,0.9999999538370603,POSITIVE,0.5,UNCERTAIN,0.5,UNCERTAIN,0.5,UNCERTAIN,0.5,UNCERTAIN,0.5,UNCERTAIN,0.9999999785554761,POSITIVE,0.5,UNCERTAIN
PMC5829695_01,UNKNOWN (Insufficient Evidence),0.9999980922441104,POSITIVE,0.5,UNCERTAIN,0.5,UNCERTAIN,0.5,UNCERTAIN,0.5,UNCERTAIN,0.5,UNCERTAIN,0.9999903165470853,POSITIVE,0.5,UNCERTAIN,0.5,UNCERTAIN,0.5,UNCERTAIN,0.5,UNCERTAIN,0.5,UNCERTAIN,0.5,UNCERTAIN,0.5,UNCERTAIN,0.5,UNCERTAIN
PMC6714924_01,Zika,0.5,UNCERTAIN,0.5,UNCERTAIN,0.5,UNCERTAIN,0.5,UNCERTAIN,0.5,UNCERTAIN,0.5,UNCERTAIN,0.5,UNCERTAIN,0.9999999994857669,POSITIVE,0.5,UNCERTAIN,0.5,UNCERTAIN,0.5,UNCERTAIN,0.5,UNCERTAIN,0.5,UNCERTAIN,0.5,UNCERTAIN,0.5,UNCERTAIN
PMC6714924_02,Zika,0.5,UNCERTAIN,0.5,UNCERTAIN,0.5,UNCERTAIN,0.5,UNCERTAIN,0.5,UNCERTAIN,0.5,UNCERTAIN,0.9999999233254806,POSITIVE,0.9999999994857669,POSITIVE,0.5,UNCERTAIN,0.5,UNCERTAIN,0.5,UNCERTAIN,0.5,UNCERTAIN,0.5,UNCERTAIN,0.5,UNCERTAIN,0.5,UNCERTAIN
PMC7670735_01,COVID-19,0.5,UNCERTAIN,0.9999999840031514,POSITIVE,0.5,UNCERTAIN,0.7061393821198427,POSITIVE,0.999999987854959,POSITIVE,0.5,UNCERTAIN,0.5,UNCERTAIN,0.5,UNCERTAIN,0.5,UNCERTAIN,0.5,UNCERTAIN,0.5,UNCERTAIN,0.5,UNCERTAIN,0.5,UNCERTAIN,0.5,UNCERTAIN,0.5,UNCERTAIN
PMC3931215_01,HIV_AIDS,0.999999973376199,POSITIVE,0.9999984219434215,POSITIVE,0.36389282382704324,NEGATIVE,0.9999982180546787,POSITIVE,0.5,UNCERTAIN,0.9999999892709824,POSITIVE,0.9999995051921801,POSITIVE,0.5,UNCERTAIN,0.5,UNCERTAIN,0.5,UNCERTAIN,0.5,UNCERTAIN,0.5,UNCERTAIN,0.5,UNCERTAIN,0.5,UNCERTAIN,0.5,UNCERTAIN
PMC8183367_01,Dengue,0.9999999928198408,POSITIVE,0.9999984219434215,POSITIVE,0.5,UNCERTAIN,0.9999982180546787,POSITIVE,0.9999973100599163,POSITIVE,0.9999979106384406,POSITIVE,0.9999903165470853,POSITIVE,0.5,UNCERTAIN,0.5,UNCERTAIN,0.5,UNCERTAIN,0.5,UNCERTAIN,0.5,UNCERTAIN,0.5,UNCERTAIN,0.9999966310815537,POSITIVE,0.5,UNCERTAIN
PMC5771939_04,UNKNOWN (Insufficient Evidence),0.5,UNCERTAIN,0.5,UNCERTAIN,0.5,UNCERTAIN,0.9999982180546787,POSITIVE,0.5,UNCERTAIN,0.5,UNCERTAIN,0.9999903165470853,POSITIVE,0.5,UNCERTAIN,0.5,UNCERTAIN,0.5,UNCERTAIN,0.5,UNCERTAIN,0.5,UNCERTAIN,0.5,UNCERTAIN,0.5,UNCERTAIN,0.5,UNCERTAIN
PMC5778553_01,Chikungunya,0.5,UNCERTAIN,0.9999984219434215,POSITIVE,0.5,UNCERTAIN,0.5,UNCERTAIN,0.5,UNCERTAIN,0.5,UNCERTAIN,0.9999999233254806,POSITIVE,0.5,UNCERTAIN,0.5,UNCERTAIN,0.5,UNCERTAIN,0.5,UNCERTAIN,0.5,UNCERTAIN,0.5,UNCERTAIN,0.9999966310815537,POSITIVE,0.5,UNCERTAIN
PMC9871401_01,Chikungunya,0.9999999743526097,POSITIVE,0.9999999840031514,POSITIVE,0.999995718940084,POSITIVE,0.5,UNCERTAIN,0.9999997791379162,POSITIVE,0.9999979106384406,POSITIVE,0.9999999987378293,POSITIVE,0.5,UNCERTAIN,0.9999963107031327,POSITIVE,0.9999964171321384,POSITIVE,0.5,UNCERTAIN,0.5,UNCERTAIN,0.5,UNCERTAIN,0.5,UNCERTAIN,0.5,UNCERTAIN
PMC5376920_01,Dengue,0.9999999999034719,POSITIVE,0.9999999840031514,POSITIVE,0.5,UNCERTAIN,0.5,UNCERTAIN,0.5,UNCERTAIN,0.9999979106384406,POSITIVE,0.9999998405951925,POSITIVE,0.5,UNCERTAIN,0.5,UNCERTAIN,0.5,UNCERTAIN,0.5,UNCERTAIN,0.5,UNCERTAIN,0.5,UNCERTAIN,0.5,UNCERTAIN,0.5,UNCERTAIN
PMC5388347_01,Dengue,0.9999999999034719,POSITIVE,0.9999999840031514,POSITIVE,0.5,UNCERTAIN,0.9999982180546787,POSITIVE,0.5,UNCERTAIN,0.5,UNCERTAIN,0.9999999987378293,POSITIVE,0.9999999994857669,POSITIVE,0.5,UNCERTAIN,0.5,UNCERTAIN,0.5,UNCERTAIN,0.5,UNCERTAIN,0.5,UNCERTAIN,0.5,UNCERTAIN,0.999999898132083,POSITIVE
PMC2787058_01,Leptospirosis,0.9999999928198408,POSITIVE,0.5,UNCERTAIN,0.5,UNCERTAIN,0.5,UNCERTAIN,0.5,UNCERTAIN,0.9999979106384406,POSITIVE,0.9999999233254806,POSITIVE,0.5,UNCERTAIN,0.5,UNCERTAIN,0.5,UNCERTAIN,0.5,UNCERTAIN,0.5,UNCERTAIN,0.5,UNCERTAIN,0.9999999997006427,POSITIVE,0.5,UNCERTAIN
PMC6079603_01,Chikungunya,0.5,UNCERTAIN,0.5,UNCERTAIN,0.5,UNCERTAIN,0.5,UNCERTAIN,0.5,UNCERTAIN,0.5,UNCERTAIN,0.9999999233254806,POSITIVE,0.5,UNCERTAIN,0.5,UNCERTAIN,0.5,UNCERTAIN,0.5,UNCERTAIN,0.5,UNCERTAIN,0.9999847361101836,POSITIVE,0.5,UNCERTAIN,0.5,UNCERTAIN
PMC7304265_01,Tuberculosis,0.9862365430696266,POSITIVE,0.5,UNCERTAIN,0.5,UNCERTAIN,0.9999999926375517,POSITIVE,0.9999973100599163,POSITIVE,0.9999979106384406,POSITIVE,0.5,UNCERTAIN,0.5,UNCERTAIN,0.5,UNCERTAIN,0.5,UNCERTAIN,0.5,UNCERTAIN,0.5,UNCERTAIN,0.9999847361101836,POSITIVE,0.5,UNCERTAIN,0.5,UNCERTAIN
PMC6330190_01,Chikungunya,0.9999999743526097,POSITIVE,0.9999999840031514,POSITIVE,0.9999925164662923,POSITIVE,0.5,UNCERTAIN,0.5,UNCERTAIN,0.5,UNCERTAIN,0.9999999987378293,POSITIVE,0.9999998926923918,POSITIVE,0.5,UNCERTAIN,0.5,UNCERTAIN,0.5,UNCERTAIN,0.5,UNCERTAIN,0.5,UNCERTAIN,0.5,UNCERTAIN,0.5,UNCERTAIN
PMC2823716_01,HIV_AIDS,0.9862365430696266,POSITIVE,0.5,UNCERTAIN,0.5,UNCERTAIN,0.9999982180546787,POSITIVE,0.5,UNCERTAIN,0.9999999999984277,POSITIVE,0.9999999233254806,POSITIVE,0.5,UNCERTAIN,0.5,UNCERTAIN,0.5,UNCERTAIN,0.5,UNCERTAIN,0.5,UNCERTAIN,0.5,UNCERTAIN,0.5,UNCERTAIN,0.5,UNCERTAIN
PMC6679697_01,Zika,0.5,UNCERTAIN,0.5,UNCERTAIN,0.5,UNCERTAIN,0.5,UNCERTAIN,0.5,UNCERTAIN,0.9999979106384406,POSITIVE,0.5,UNCERTAIN,0.9999999993290725,POSITIVE,0.5,UNCERTAIN,0.5,UNCERTAIN,0.5,UNCERTAIN,0.5,UNCERTAIN,0.5,UNCERTAIN,0.5,UNCERTAIN,0.5,UNCERTAIN
PMC6679697_02,Zika,0.9999980922441104,POSITIVE,0.5,UNCERTAIN,0.999995718940084,POSITIVE,0.9999982180546787,POSITIVE,0.5,UNCERTAIN,0.9999979106384406,POSITIVE,0.9999903165470853,POSITIVE,0.9999999993290725,POSITIVE,0.5,UNCERTAIN,0.5,UNCERTAIN,0.5,UNCERTAIN,0.5,UNCERTAIN,0.5,UNCERTAIN,0.5,UNCERTAIN,0.5,UNCERTAIN
PMC8308854_01,Dengue,0.9999999928198408,POSITIVE,0.5,UNCERTAIN,0.5,UNCERTAIN,0.5,UNCERTAIN,0.9999973100599163,POSITIVE,0.5,UNCERTAIN,0.9999999233254806,POSITIVE,0.5,UNCERTAIN,0.5,UNCERTAIN,0.5,UNCERTAIN,0.5,UNCERTAIN,0.5,UNCERTAIN,0.5,UNCERTAIN,0.5,UNCERTAIN,0.5,UNCERTAIN
PMC5176218_01,Chikungunya,0.9999999743526097,POSITIVE,0.9999984219434215,POSITIVE,0.5,UNCERTAIN,0.9999982180546787,POSITIVE,0.5,UNCERTAIN,0.9999979106384406,POSITIVE,0.9999999987378293,POSITIVE,0.5,UNCERTAIN,0.5,UNCERTAIN,0.5,UNCERTAIN,0.5,UNCERTAIN,0.5,UNCERTAIN,0.5,UNCERTAIN,0.5,UNCERTAIN,0.9999993834770055,POSITIVE
PMC5225334_01,Chikungunya,0.5,UNCERTAIN,0.9999999840031514,POSITIVE,0.5,UNCERTAIN,0.9999982180546787,POSITIVE,0.5,UNCERTAIN,0.5,UNCERTAIN,0.9999999999355058,POSITIVE,0.5,UNCERTAIN,0.5,UNCERTAIN,0.5,UNCERTAIN,0.5,UNCERTAIN,0.5,UNCERTAIN,0.5,UNCERTAIN,0.5,UNCERTAIN,0.5,UNCERTAIN
PMC7204150_01,UNKNOWN (Insufficient Evidence),0.9999980922441104,POSITIVE,0.5,UNCERTAIN,0.5,UNCERTAIN,0.5,UNCERTAIN,0.5,UNCERTAIN,0.9999979106384406,POSITIVE,0.5,UNCERTAIN,0.9999998926923918,POSITIVE,0.5,UNCERTAIN,0.5,UNCERTAIN,0.5,UNCERTAIN,0.5,UNCERTAIN,0.5,UNCERTAIN,0.5,UNCERTAIN,0.5,UNCERTAIN
PMC6169087_01,Zika,0.9999999928198408,POSITIVE,0.5,UNCERTAIN,0.5,UNCERTAIN,0.5,UNCERTAIN,0.5,UNCERTAIN,0.9999979106384406,POSITIVE,0.9999999233254806,POSITIVE,0.9999999994857669,POSITIVE,0.5,UNCERTAIN,0.5,UNCERTAIN,0.5,UNCERTAIN,0.5,UNCERTAIN,0.5,UNCERTAIN,0.5,UNCERTAIN,0.5,UNCERTAIN
PMC7294958_01,Chikungunya,0.9999980922441104,POSITIVE,0.5,UNCERTAIN,0.5,UNCERTAIN,0.9999982180546787,POSITIVE,0.5,UNCERTAIN,0.5,UNCERTAIN,0.9999999233254806,POSITIVE,0.5,UNCERTAIN,0.5,UNCERTAIN,0.5,UNCERTAIN,0.5,UNCERTAIN,0.5,UNCERTAIN,0.5,UNCERTAIN,0.5,UNCERTAIN,0.5,UNCERTAIN
PMC6884810_01,Zika,0.9962504514899189,POSITIVE,0.5,UNCERTAIN,0.5,UNCERTAIN,0.5,UNCERTAIN,0.5,UNCERTAIN,0.5,UNCERTAIN,0.5,UNCERTAIN,0.9999999538370603,POSITIVE,0.5,UNCERTAIN,0.5,UNCERTAIN,0.5,UNCERTAIN,0.5,UNCERTAIN,0.5,UNCERTAIN,0.5,UNCERTAIN,0.999999898132083,POSITIVE
PMC11834581_01,Chikungunya,0.9999999928198408,POSITIVE,0.5,UNCERTAIN,0.5,UNCERTAIN,0.5,UNCERTAIN,0.999999987854959,POSITIVE,0.5,UNCERTAIN,0.9999999960820994,POSITIVE,0.5,UNCERTAIN,0.5,UNCERTAIN,0.5,UNCERTAIN,0.5,UNCERTAIN,0.5,UNCERTAIN,0.5,UNCERTAIN,0.5,UNCERTAIN,0.5,UNCERTAIN
PMC12399548_01,Tuberculosis,0.9999997734213244,POSITIVE,0.9999984219434215,POSITIVE,0.5,UNCERTAIN,0.9999999926375517,POSITIVE,0.9999973100599163,POSITIVE,0.5,UNCERTAIN,0.9999903165470853,POSITIVE,0.9999998926923918,POSITIVE,0.5,UNCERTAIN,0.5,UNCERTAIN,0.5,UNCERTAIN,0.5,UNCERTAIN,0.5,UNCERTAIN,0.5,UNCERTAIN,0.5,UNCERTAIN
PMC6491804_01,Cholera,0.5,UNCERTAIN,0.5,UNCERTAIN,0.5,UNCERTAIN,0.5,UNCERTAIN,0.9999973100599163,POSITIVE,0.5,UNCERTAIN,0.5,UNCERTAIN,0.5,UNCERTAIN,0.5,UNCERTAIN,0.5,UNCERTAIN,0.5,UNCERTAIN,0.9999999013343713,POSITIVE,0.5,UNCERTAIN,0.5,UNCERTAIN,0.5,UNCERTAIN
PMC6796756_01,Cholera,0.5,UNCERTAIN,0.5,UNCERTAIN,0.5,UNCERTAIN,0.5,UNCERTAIN,0.5,UNCERTAIN,0.5,UNCERTAIN,0.5,UNCERTAIN,0.5,UNCERTAIN,0.5,UNCERTAIN,0.5,UNCERTAIN,0.5,UNCERTAIN,0.9999999972785739,POSITIVE,0.5,UNCERTAIN,0.5,UNCERTAIN,0.5,UNCERTAIN
PMC7648562_01,Cholera,0.9999980922441104,POSITIVE,0.9999984219434215,POSITIVE,0.5,UNCERTAIN,0.5,UNCERTAIN,0.5,UNCERTAIN,0.5,UNCERTAIN,0.5,UNCERTAIN,0.5,UNCERTAIN,0.5,UNCERTAIN,0.9999964171321384,POSITIVE,0.5,UNCERTAIN,0.9999999013343713,POSITIVE,0.5,UNCERTAIN,0.5,UNCERTAIN,0.5,UNCERTAIN
PMC9197421_01,Cholera,0.5,UNCERTAIN,0.5,UNCERTAIN,0.5,UNCERTAIN,0.9999982180546787,POSITIVE,0.5,UNCERTAIN,0.5,UNCERTAIN,0.5,UNCERTAIN,0.5,UNCERTAIN,0.5,UNCERTAIN,0.5,UNCERTAIN,0.5,UNCERTAIN,0.9999999972785739,POSITIVE,0.5,UNCERTAIN,0.5,UNCERTAIN,0.5,UNCERTAIN
PMC9197421_02,Cholera,0.5,UNCERTAIN,0.5,UNCERTAIN,0.5,UNCERTAIN,0.9999982180546787,POSITIVE,0.5,UNCERTAIN,0.5,UNCERTAIN,0.5,UNCERTAIN,0.5,UNCERTAIN,0.5,UNCERTAIN,0.5,UNCERTAIN,0.5,UNCERTAIN,0.9999999013343713,POSITIVE,0.5,UNCERTAIN,0.5,UNCERTAIN,0.5,UNCERTAIN
PMC9474833_01,Cholera,0.5,UNCERTAIN,0.5,UNCERTAIN,0.5,UNCERTAIN,0.9999982180546787,POSITIVE,0.9999973100599163,POSITIVE,0.31131766443611897,NEGATIVE,0.5,UNCERTAIN,0.5,UNCERTAIN,0.5,UNCERTAIN,0.5,UNCERTAIN,0.5,UNCERTAIN,0.9999999013343713,POSITIVE,0.5,UNCERTAIN,0.5,UNCERTAIN,0.9999955604184251,POSITIVE
PMC9474833_02,COVID-19,0.5,UNCERTAIN,0.5,UNCERTAIN,0.9999998558558821,POSITIVE,0.9999982180546787,POSITIVE,0.999999987854959,POSITIVE,0.5,UNCERTAIN,0.5,UNCERTAIN,0.5,UNCERTAIN,0.5,UNCERTAIN,0.5,UNCERTAIN,0.5,UNCERTAIN,0.9999995672569337,POSITIVE,0.5,UNCERTAIN,0.5,UNCERTAIN,0.5,UNCERTAIN
PMC4594017_01,Cholera,0.5,UNCERTAIN,0.5,UNCERTAIN,0.5,UNCERTAIN,0.9999982180546787,POSITIVE,0.5,UNCERTAIN,0.5,UNCERTAIN,0.5,UNCERTAIN,0.5,UNCERTAIN,0.5,UNCERTAIN,0.5,UNCERTAIN,0.5,UNCERTAIN,0.9999999972785739,POSITIVE,0.5,UNCERTAIN,0.5,UNCERTAIN,0.5,UNCERTAIN
PMC4771811_01,Cholera,0.5,UNCERTAIN,0.5,UNCERTAIN,0.5,UNCERTAIN,0.5,UNCERTAIN,0.5,UNCERTAIN,0.5,UNCERTAIN,0.5,UNCERTAIN,0.5,UNCERTAIN,0.5,UNCERTAIN,0.5,UNCERTAIN,0.5,UNCERTAIN,0.9999999013343713,POSITIVE,0.5,UNCERTAIN,0.5,UNCERTAIN,0.5,UNCERTAIN
PMC4771811_02,Cholera,0.5,UNCERTAIN,0.5,UNCERTAIN,0.5,UNCERTAIN,0.5,UNCERTAIN,0.9999973100599163,POSITIVE,0.5,UNCERTAIN,0.5,UNCERTAIN,0.5,UNCERTAIN,0.5,UNCERTAIN,0.5,UNCERTAIN,0.5,UNCERTAIN,0.9999999013343713,POSITIVE,0.5,UNCERTAIN,0.5,UNCERTAIN,0.5,UNCERTAIN
PMC9942990_01,Cholera,0.5,UNCERTAIN,0.5,UNCERTAIN,0.5,UNCERTAIN,0.5,UNCERTAIN,0.5,UNCERTAIN,0.5,UNCERTAIN,0.5,UNCERTAIN,0.5,UNCERTAIN,0.5,UNCERTAIN,0.5,UNCERTAIN,0.5,UNCERTAIN,0.9999999013343713,POSITIVE,0.5,UNCERTAIN,0.5,UNCERTAIN,0.5,UNCERTAIN
PMC9440631_01,Cholera,0.5,UNCERTAIN,0.5,UNCERTAIN,0.5,UNCERTAIN,0.9999982180546787,POSITIVE,0.5,UNCERTAIN,0.5,UNCERTAIN,0.5,UNCERTAIN,0.5,UNCERTAIN,0.5,UNCERTAIN,0.5,UNCERTAIN,0.5,UNCERTAIN,0.9999999013343713,POSITIVE,0.5,UNCERTAIN,0.5,UNCERTAIN,0.5,UNCERTAIN
PMC6713851_01,Cholera,0.5,UNCERTAIN,0.5,UNCERTAIN,0.5,UNCERTAIN,0.5,UNCERTAIN,0.5,UNCERTAIN,0.5,UNCERTAIN,0.5,UNCERTAIN,0.5,UNCERTAIN,0.5,UNCERTAIN,0.5,UNCERTAIN,0.5,UNCERTAIN,0.9999999841284044,POSITIVE,0.5,UNCERTAIN,0.9999966310815537,POSITIVE,0.5,UNCERTAIN
PMC6713851_02,Cholera,0.5,UNCERTAIN,0.5,UNCERTAIN,0.5,UNCERTAIN,0.5,UNCERTAIN,0.998596824929277,POSITIVE,0.5,UNCERTAIN,0.5,UNCERTAIN,0.5,UNCERTAIN,0.5,UNCERTAIN,0.5,UNCERTAIN,0.5,UNCERTAIN,0.9999762387944751,POSITIVE,0.5,UNCERTAIN,0.5,UNCERTAIN,0.5,UNCERTAIN
PMC3881617_01,Cholera,0.5,UNCERTAIN,0.9999984219434215,POSITIVE,0.5,UNCERTAIN,0.5,UNCERTAIN,0.5,UNCERTAIN,0.5,UNCERTAIN,0.5,UNCERTAIN,0.5,UNCERTAIN,0.5,UNCERTAIN,0.5,UNCERTAIN,0.5,UNCERTAIN,0.9999999013343713,POSITIVE,0.5,UNCERTAIN,0.5,UNCERTAIN,0.5,UNCERTAIN
PMC9946370_01,Cholera,0.9999980922441104,POSITIVE,0.5,UNCERTAIN,0.5,UNCERTAIN,0.5,UNCERTAIN,0.5,UNCERTAIN,0.5,UNCERTAIN,0.5,UNCERTAIN,0.5,UNCERTAIN,0.5,UNCERTAIN,0.5,UNCERTAIN,0.5,UNCERTAIN,0.9999999013343713,POSITIVE,0.5,UNCERTAIN,0.9999966310815537,POSITIVE,0.5,UNCERTAIN
PMC4518176_01,Cholera,0.9999980922441104,POSITIVE,0.5,UNCERTAIN,0.999995718940084,POSITIVE,0.9999982180546787,POSITIVE,0.5,UNCERTAIN,0.5,UNCERTAIN,0.5,UNCERTAIN,0.5,UNCERTAIN,0.5,UNCERTAIN,0.5,UNCERTAIN,0.5,UNCERTAIN,0.9999999013343713,POSITIVE,0.5,UNCERTAIN,0.9999966310815537,POSITIVE,0.5,UNCERTAIN
PMC9283503_01,Cholera,0.9999980922441104,POSITIVE,0.5,UNCERTAIN,0.5,UNCERTAIN,0.5,UNCERTAIN,0.9999973100599163,POSITIVE,0.5,UNCERTAIN,0.5,UNCERTAIN,0.5,UNCERTAIN,0.5,UNCERTAIN,0.5,UNCERTAIN,0.5,UNCERTAIN,0.9999999972785739,POSITIVE,0.5,UNCERTAIN,0.5,UNCERTAIN,0.5,UNCERTAIN
PMC4627963_01,Cholera,0.5,UNCERTAIN,0.9999984219434215,POSITIVE,0.5,UNCERTAIN,0.9999982180546787,POSITIVE,0.5,UNCERTAIN,0.5,UNCERTAIN,0.5,UNCERTAIN,0.5,UNCERTAIN,0.5,UNCERTAIN,0.5,UNCERTAIN,0.5,UNCERTAIN,0.9999999972785739,POSITIVE,0.5,UNCERTAIN,0.9999966310815537,POSITIVE,0.9999955604184251,POSITIVE
PMC6070262_01,Cholera,0.5,UNCERTAIN,0.5,UNCERTAIN,0.5,UNCERTAIN,0.5,UNCERTAIN,0.5,UNCERTAIN,0.5,UNCERTAIN,0.5,UNCERTAIN,0.5,UNCERTAIN,0.5,UNCERTAIN,0.5,UNCERTAIN,0.5,UNCERTAIN,0.9999762387944751,POSITIVE,0.5,UNCERTAIN,0.5,UNCERTAIN,0.5,UNCERTAIN
PMC7470351_01,Malaria,0.5,UNCERTAIN,0.9999999927651935,POSITIVE,0.5,UNCERTAIN,0.5,UNCERTAIN,0.9999973100599163,POSITIVE,0.5,UNCERTAIN,0.5,UNCERTAIN,0.5,UNCERTAIN,0.5,UNCERTAIN,0.5,UNCERTAIN,0.5,UNCERTAIN,0.9999999013343713,POSITIVE,0.5,UNCERTAIN,0.5,UNCERTAIN,0.5,UNCERTAIN
PMC5581382_01,Cholera,0.5,UNCERTAIN,0.5,UNCERTAIN,0.5,UNCERTAIN,0.5,UNCERTAIN,0.5,UNCERTAIN,0.5,UNCERTAIN,0.5,UNCERTAIN,0.5,UNCERTAIN,0.5,UNCERTAIN,0.5,UNCERTAIN,0.5,UNCERTAIN,0.9999999013343713,POSITIVE,0.5,UNCERTAIN,0.5,UNCERTAIN,0.5,UNCERTAIN
PMC10826939_01,Cholera,0.5,UNCERTAIN,0.5,UNCERTAIN,0.5,UNCERTAIN,0.5,UNCERTAIN,0.5,UNCERTAIN,0.5,UNCERTAIN,0.5,UNCERTAIN,0.5,UNCERTAIN,0.5,UNCERTAIN,0.5,UNCERTAIN,0.5,UNCERTAIN,0.9999762387944751,POSITIVE,0.5,UNCERTAIN,0.5,UNCERTAIN,0.5,UNCERTAIN
PMC10962659_01,Cholera,0.5,UNCERTAIN,0.5,UNCERTAIN,0.5,UNCERTAIN,0.5,UNCERTAIN,0.5,UNCERTAIN,0.5,UNCERTAIN,0.5,UNCERTAIN,0.5,UNCERTAIN,0.5,UNCERTAIN,0.5,UNCERTAIN,0.5,UNCERTAIN,0.9999762387944751,POSITIVE,0.5,UNCERTAIN,0.5,UNCERTAIN,0.5,UNCERTAIN
PMC10581452_01,UNKNOWN (Insufficient Evidence),0.5,UNCERTAIN,0.5,UNCERTAIN,0.9999996216931903,POSITIVE,0.5,UNCERTAIN,0.9999973100599163,POSITIVE,0.5,UNCERTAIN,0.5,UNCERTAIN,0.5,UNCERTAIN,0.5,UNCERTAIN,0.5,UNCERTAIN,0.5,UNCERTAIN,0.9999843110861651,POSITIVE,0.5,UNCERTAIN,0.5,UNCERTAIN,0.5,UNCERTAIN
PMC10634482_01,Cholera,0.5,UNCERTAIN,0.5,UNCERTAIN,0.5,UNCERTAIN,0.9999982180546787,POSITIVE,0.5,UNCERTAIN,0.5,UNCERTAIN,0.5,UNCERTAIN,0.5,UNCERTAIN,0.5,UNCERTAIN,0.5,UNCERTAIN,0.5,UNCERTAIN,0.9999999013343713,POSITIVE,0.5,UNCERTAIN,0.5,UNCERTAIN,0.5,UNCERTAIN
PMC10885837_01,Cholera,0.5,UNCERTAIN,0.9999984219434215,POSITIVE,0.999995718940084,POSITIVE,0.5,UNCERTAIN,0.5,UNCERTAIN,0.5,UNCERTAIN,0.5,UNCERTAIN,0.5,UNCERTAIN,0.9999963107031327,POSITIVE,0.9999964171321384,POSITIVE,0.5,UNCERTAIN,0.9999999013343713,POSITIVE,0.5,UNCERTAIN,0.5,UNCERTAIN,0.9999955604184251,POSITIVE
PMC12623078_01,Cholera,0.5,UNCERTAIN,0.5,UNCERTAIN,0.999995718940084,POSITIVE,0.5,UNCERTAIN,0.5,UNCERTAIN,0.5,UNCERTAIN,0.5,UNCERTAIN,0.5,UNCERTAIN,0.5,UNCERTAIN,0.5,UNCERTAIN,0.5,UNCERTAIN,0.9999999013343713,POSITIVE,0.9999847361101836,POSITIVE,0.9999966310815537,POSITIVE,0.9999955604184251,POSITIVE
PMC3323263_01,Dengue,0.9999999928198408,POSITIVE,0.5,UNCERTAIN,0.5,UNCERTAIN,0.5,UNCERTAIN,0.5,UNCERTAIN,0.9999979106384406,POSITIVE,0.5,UNCERTAIN,0.5,UNCERTAIN,0.5,UNCERTAIN,0.5,UNCERTAIN,0.5,UNCERTAIN,0.5,UNCERTAIN,0.5,UNCERTAIN,0.5,UNCERTAIN,0.5,UNCERTAIN
PMC6721507_01,Dengue,0.9999999998997969,POSITIVE,0.9999984219434215,POSITIVE,0.5,UNCERTAIN,0.5,UNCERTAIN,0.5,UNCERTAIN,0.5,UNCERTAIN,0.5,UNCERTAIN,0.5,UNCERTAIN,0.5,UNCERTAIN,0.9999964171321384,POSITIVE,0.5,UNCERTAIN,0.5,UNCERTAIN,0.5,UNCERTAIN,0.5,UNCERTAIN,0.5,UNCERTAIN
PMC6884723_01,UNKNOWN (Insufficient Evidence),0.9999980922441104,POSITIVE,0.9999984219434215,POSITIVE,0.5,UNCERTAIN,0.5,UNCERTAIN,0.9999973100599163,POSITIVE,0.5,UNCERTAIN,0.5,UNCERTAIN,0.5,UNCERTAIN,0.5,UNCERTAIN,0.5,UNCERTAIN,0.5,UNCERTAIN,0.5,UNCERTAIN,0.5,UNCERTAIN,0.5,UNCERTAIN,0.5,UNCERTAIN
PMC7222550_01,Dengue,0.9999999998997969,POSITIVE,0.5,UNCERTAIN,0.5,UNCERTAIN,0.5,UNCERTAIN,0.5,UNCERTAIN,0.5,UNCERTAIN,0.5,UNCERTAIN,0.5,UNCERTAIN,0.5,UNCERTAIN,0.5,UNCERTAIN,0.5,UNCERTAIN,0.5,UNCERTAIN,0.5,UNCERTAIN,0.5,UNCERTAIN,0.5,UNCERTAIN
PMC8282252_01,Dengue,0.9999999928198408,POSITIVE,0.9999984219434215,POSITIVE,0.5,UNCERTAIN,0.5,UNCERTAIN,0.5,UNCERTAIN,0.5,UNCERTAIN,0.5,UNCERTAIN,0.5,UNCERTAIN,0.9999963107031327,POSITIVE,0.9999964171321384,POSITIVE,0.5,UNCERTAIN,0.5,UNCERTAIN,0.5,UNCERTAIN,0.9999966310815537,POSITIVE,0.9999955604184251,POSITIVE
PMC8282252_02,Dengue,0.9999999928198408,POSITIVE,0.9999984219434215,POSITIVE,0.5,UNCERTAIN,0.5,UNCERTAIN,0.5,UNCERTAIN,0.5,UNCERTAIN,0.5,UNCERTAIN,0.5,UNCERTAIN,0.5,UNCERTAIN,0.9999964171321384,POSITIVE,0.5,UNCERTAIN,0.5,UNCERTAIN,0.5,UNCERTAIN,0.9999966310815537,POSITIVE,0.9999955604184251,POSITIVE
PMC8143936_01,COVID-19,0.9999980922441104,POSITIVE,0.5,UNCERTAIN,0.5,UNCERTAIN,0.5,UNCERTAIN,0.999999987854959,POSITIVE,0.5,UNCERTAIN,0.5,UNCERTAIN,0.9999903670399974,POSITIVE,0.5,UNCERTAIN,0.5,UNCERTAIN,0.5,UNCERTAIN,0.5,UNCERTAIN,0.5,UNCERTAIN,0.5,UNCERTAIN,0.5,UNCERTAIN
PMC7670735_01,COVID-19,0.5,UNCERTAIN,0.9999999840031514,POSITIVE,0.5,UNCERTAIN,0.7061393821198427,POSITIVE,0.999999987854959,POSITIVE,0.5,UNCERTAIN,0.5,UNCERTAIN,0.5,UNCERTAIN,0.5,UNCERTAIN,0.5,UNCERTAIN,0.5,UNCERTAIN,0.5,UNCERTAIN,0.5,UNCERTAIN,0.5,UNCERTAIN,0.5,UNCERTAIN
PMC5204087_01,Dengue,0.9999999928198408,POSITIVE,0.5,UNCERTAIN,0.5,UNCERTAIN,0.5,UNCERTAIN,0.5,UNCERTAIN,0.5,UNCERTAIN,0.5,UNCERTAIN,0.5,UNCERTAIN,0.5,UNCERTAIN,0.5,UNCERTAIN,0.5,UNCERTAIN,0.5,UNCERTAIN,0.5,UNCERTAIN,0.5,UNCERTAIN,0.5,UNCERTAIN
PMC4474920_01,Dengue,0.9999949119236413,POSITIVE,0.5,UNCERTAIN,0.5,UNCERTAIN,0.5,UNCERTAIN,0.5,UNCERTAIN,0.5,UNCERTAIN,0.5,UNCERTAIN,0.5,UNCERTAIN,0.5,UNCERTAIN,0.5,UNCERTAIN,0.5,UNCERTAIN,0.5,UNCERTAIN,0.5,UNCERTAIN,0.5,UNCERTAIN,0.5,UNCERTAIN
PMC9792920_01,Dengue,0.9999999928198408,POSITIVE,0.9999984219434215,POSITIVE,0.999995718940084,POSITIVE,0.5,UNCERTAIN,0.9999973100599163,POSITIVE,0.9999999892709824,POSITIVE,0.5,UNCERTAIN,0.5,UNCERTAIN,0.5,UNCERTAIN,0.9999964171321384,POSITIVE,0.5,UNCERTAIN,0.5,UNCERTAIN,0.5,UNCERTAIN,0.9999966310815537,POSITIVE,0.9999955604184251,POSITIVE
PMC7436343_01,Dengue,0.9999999998997969,POSITIVE,0.5,UNCERTAIN,0.5,UNCERTAIN,0.5,UNCERTAIN,0.5,UNCERTAIN,0.5,UNCERTAIN,0.5,UNCERTAIN,0.5,UNCERTAIN,0.5,UNCERTAIN,0.5,UNCERTAIN,0.5,UNCERTAIN,0.5,UNCERTAIN,0.5,UNCERTAIN,0.5,UNCERTAIN,0.5,UNCERTAIN
PMC3992778_01,Dengue,0.999999973376199,POSITIVE,0.5,UNCERTAIN,0.36389282382704324,NEGATIVE,0.9999982180546787,POSITIVE,0.5,UNCERTAIN,0.9999979106384406,POSITIVE,0.9999903165470853,POSITIVE,0.5,UNCERTAIN,0.5,UNCERTAIN,0.5,UNCERTAIN,0.5,UNCERTAIN,0.5,UNCERTAIN,0.9999847361101836,POSITIVE,0.9999966310815537,POSITIVE,0.5,UNCERTAIN
PMC3992778_02,Tuberculosis,0.9862365430696266,POSITIVE,0.5,UNCERTAIN,0.36389282382704324,NEGATIVE,0.9999999926375517,POSITIVE,0.5,UNCERTAIN,0.5,UNCERTAIN,0.5,UNCERTAIN,0.5,UNCERTAIN,0.5,UNCERTAIN,0.5,UNCERTAIN,0.5,UNCERTAIN,0.5,UNCERTAIN,0.5,UNCERTAIN,0.5,UNCERTAIN,0.5,UNCERTAIN
PMC3992778_03,UNKNOWN (Insufficient Evidence),0.9862365430696266,POSITIVE,0.5,UNCERTAIN,0.36389282382704324,NEGATIVE,0.5,UNCERTAIN,0.5,UNCERTAIN,0.5,UNCERTAIN,0.5,UNCERTAIN,0.5,UNCERTAIN,0.5,UNCERTAIN,0.5,UNCERTAIN,0.5,UNCERTAIN,0.5,UNCERTAIN,0.5,UNCERTAIN,0.5,UNCERTAIN,0.5,UNCERTAIN
PMC3383756_01,UNKNOWN (Insufficient Evidence),0.9986499226313071,POSITIVE,0.5,UNCERTAIN,0.5,UNCERTAIN,0.5,UNCERTAIN,0.5,UNCERTAIN,0.5,UNCERTAIN,0.5,UNCERTAIN,0.5,UNCERTAIN,0.5,UNCERTAIN,0.5,UNCERTAIN,0.5,UNCERTAIN,0.5,UNCERTAIN,0.5,UNCERTAIN,0.5,UNCERTAIN,0.5,UNCERTAIN
PMC8183367_01,Dengue,0.9999999928198408,POSITIVE,0.9999984219434215,POSITIVE,0.5,UNCERTAIN,0.9999982180546787,POSITIVE,0.9999973100599163,POSITIVE,0.9999979106384406,POSITIVE,0.9999903165470853,POSITIVE,0.5,UNCERTAIN,0.5,UNCERTAIN,0.5,UNCERTAIN,0.5,UNCERTAIN,0.5,UNCERTAIN,0.5,UNCERTAIN,0.9999966310815537,POSITIVE,0.5,UNCERTAIN
PMC5771939_01,Dengue,0.9999999928198408,POSITIVE,0.9999984219434215,POSITIVE,0.999995718940084,POSITIVE,0.5,UNCERTAIN,0.5,UNCERTAIN,0.9999979106384406,POSITIVE,0.9999903165470853,POSITIVE,0.9999903670399974,POSITIVE,0.5,UNCERTAIN,0.9999964171321384,POSITIVE,0.5,UNCERTAIN,0.5,UNCERTAIN,0.5,UNCERTAIN,0.9999966310815537,POSITIVE,0.9999955604184251,POSITIVE
PMC5771939_02,Dengue,0.9999999928198408,POSITIVE,0.5,UNCERTAIN,0.999995718940084,POSITIVE,0.5,UNCERTAIN,0.5,UNCERTAIN,0.5,UNCERTAIN,0.9999903165470853,POSITIVE,0.9999903670399974,POSITIVE,0.5,UNCERTAIN,0.5,UNCERTAIN,0.5,UNCERTAIN,0.5,UNCERTAIN,0.5,UNCERTAIN,0.5,UNCERTAIN,0.5,UNCERTAIN
PMC5820895_01,Dengue,0.9999999999880992,POSITIVE,0.5,UNCERTAIN,0.9999999305007128,POSITIVE,0.5,UNCERTAIN,0.5,UNCERTAIN,0.5,UNCERTAIN,0.5,UNCERTAIN,0.5,UNCERTAIN,0.5,UNCERTAIN,0.5,UNCERTAIN,0.5,UNCERTAIN,0.5,UNCERTAIN,0.5,UNCERTAIN,0.5,UNCERTAIN,0.9999955604184251,POSITIVE
PMC4712770_01,Dengue,0.9999999928198408,POSITIVE,0.5,UNCERTAIN,0.999995718940084,POSITIVE,0.5,UNCERTAIN,0.5,UNCERTAIN,0.5,UNCERTAIN,0.5,UNCERTAIN,0.5,UNCERTAIN,0.5,UNCERTAIN,0.5,UNCERTAIN,0.5,UNCERTAIN,0.5,UNCERTAIN,0.5,UNCERTAIN,0.5,UNCERTAIN,0.5,UNCERTAIN
PMC5437803_01,Dengue,0.9999999928198408,POSITIVE,0.9999984219434215,POSITIVE,0.5,UNCERTAIN,0.5,UNCERTAIN,0.5,UNCERTAIN,0.5,UNCERTAIN,0.5,UNCERTAIN,0.5,UNCERTAIN,0.9999963107031327,POSITIVE,0.9999964171321384,POSITIVE,0.5,UNCERTAIN,0.5,UNCERTAIN,0.5,UNCERTAIN,0.5,UNCERTAIN,0.5,UNCERTAIN
PMC4366991_01,Dengue,0.9999999998997969,POSITIVE,0.999999965504895,POSITIVE,0.36389282382704324,NEGATIVE,0.5,UNCERTAIN,0.5,UNCERTAIN,0.9999979106384406,POSITIVE,0.5,UNCERTAIN,0.5,UNCERTAIN,0.5,UNCERTAIN,0.5,UNCERTAIN,0.9999884305059787,POSITIVE,0.5,UNCERTAIN,0.5,UNCERTAIN,0.9999966310815537,POSITIVE,0.9999955604184251,POSITIVE
PMC3738493_01,Dengue,0.9999999928198408,POSITIVE,0.9999984219434215,POSITIVE,0.999995718940084,POSITIVE,0.5,UNCERTAIN,0.9999973100599163,POSITIVE,0.5,UNCERTAIN,0.5,UNCERTAIN,0.9999903670399974,POSITIVE,0.9999963107031327,POSITIVE,0.9999964171321384,POSITIVE,0.5,UNCERTAIN,0.5,UNCERTAIN,0.5,UNCERTAIN,0.5,UNCERTAIN,0.5,UNCERTAIN
PMC3738493_02,Dengue,0.9999999928198408,POSITIVE,0.5,UNCERTAIN,0.999995718940084,POSITIVE,0.9999982180546787,POSITIVE,0.5,UNCERTAIN,0.5,UNCERTAIN,0.5,UNCERTAIN,0.9999903670399974,POSITIVE,0.5,UNCERTAIN,0.5,UNCERTAIN,0.5,UNCERTAIN,0.5,UNCERTAIN,0.5,UNCERTAIN,0.5,UNCERTAIN,0.9999955604184251,POSITIVE
PMC9871401_01,Chikungunya,0.9999999743526097,POSITIVE,0.9999999840031514,POSITIVE,0.999995718940084,POSITIVE,0.5,UNCERTAIN,0.9999997791379162,POSITIVE,0.9999979106384406,POSITIVE,0.9999999987378293,POSITIVE,0.5,UNCERTAIN,0.9999963107031327,POSITIVE,0.9999964171321384,POSITIVE,0.5,UNCERTAIN,0.5,UNCERTAIN,0.5,UNCERTAIN,0.5,UNCERTAIN,0.5,UNCERTAIN
PMC7370471_01,Dengue,0.9999999928198408,POSITIVE,0.9999984219434215,POSITIVE,0.5,UNCERTAIN,0.5,UNCERTAIN,0.5,UNCERTAIN,0.9999979106384406,POSITIVE,0.5,UNCERTAIN,0.9999903670399974,POSITIVE,0.5,UNCERTAIN,0.9999964171321384,POSITIVE,0.5,UNCERTAIN,0.5,UNCERTAIN,0.5,UNCERTAIN,0.5,UNCERTAIN,0.5,UNCERTAIN
PMC5098280_01,Dengue,0.9999999998997969,POSITIVE,0.5,UNCERTAIN,0.999995718940084,POSITIVE,0.5,UNCERTAIN,0.5,UNCERTAIN,0.5,UNCERTAIN,0.5,UNCERTAIN,0.5,UNCERTAIN,0.5,UNCERTAIN,0.5,UNCERTAIN,0.5,UNCERTAIN,0.5,UNCERTAIN,0.5,UNCERTAIN,0.9999966310815537,POSITIVE,0.5,UNCERTAIN
PMC5098280_02,UNKNOWN (Insufficient Evidence),0.9999980922441104,POSITIVE,0.5,UNCERTAIN,0.999995718940084,POSITIVE,0.5,UNCERTAIN,0.5,UNCERTAIN,0.5,UNCERTAIN,0.5,UNCERTAIN,0.5,UNCERTAIN,0.5,UNCERTAIN,0.5,UNCERTAIN,0.5,UNCERTAIN,0.5,UNCERTAIN,0.5,UNCERTAIN,0.5,UNCERTAIN,0.5,UNCERTAIN
PMC4327404_01,Dengue,0.9999999928198408,POSITIVE,0.5,UNCERTAIN,0.999995718940084,POSITIVE,0.5,UNCERTAIN,0.5,UNCERTAIN,0.5,UNCERTAIN,0.5,UNCERTAIN,0.9999903670399974,POSITIVE,0.5,UNCERTAIN,0.5,UNCERTAIN,0.5,UNCERTAIN,0.5,UNCERTAIN,0.5,UNCERTAIN,0.5,UNCERTAIN,0.5,UNCERTAIN
PMC9391179_01,Dengue,0.9999999999034719,POSITIVE,0.9999999996503217,POSITIVE,0.999995718940084,POSITIVE,0.5,UNCERTAIN,0.9999973100599163,POSITIVE,0.5,UNCERTAIN,0.5,UNCERTAIN,0.5,UNCERTAIN,0.5,UNCERTAIN,0.5,UNCERTAIN,0.5,UNCERTAIN,0.5,UNCERTAIN,0.5,UNCERTAIN,0.5,UNCERTAIN,0.9999955604184251,POSITIVE
PMC5376920_01,Dengue,0.9999999999034719,POSITIVE,0.9999999840031514,POSITIVE,0.5,UNCERTAIN,0.5,UNCERTAIN,0.5,UNCERTAIN,0.9999979106384406,POSITIVE,0.9999998405951925,POSITIVE,0.5,UNCERTAIN,0.5,UNCERTAIN,0.5,UNCERTAIN,0.5,UNCERTAIN,0.5,UNCERTAIN,0.5,UNCERTAIN,0.5,UNCERTAIN,0.5,UNCERTAIN
PMC10440106_01,Dengue,0.9999999998997969,POSITIVE,0.9999984219434215,POSITIVE,0.999995718940084,POSITIVE,0.5,UNCERTAIN,0.9999973100599163,POSITIVE,0.5,UNCERTAIN,0.5,UNCERTAIN,0.5,UNCERTAIN,0.5,UNCERTAIN,0.5,UNCERTAIN,0.9999884305059787,POSITIVE,0.5,UNCERTAIN,0.5,UNCERTAIN,0.5,UNCERTAIN,0.9999955604184251,POSITIVE
PMC5177614_01,UNKNOWN (Insufficient Evidence),0.5,UNCERTAIN,0.5,UNCERTAIN,0.5,UNCERTAIN,0.5,UNCERTAIN,0.5,UNCERTAIN,0.5,UNCERTAIN,0.5,UNCERTAIN,0.9999903670399974,POSITIVE,0.5,UNCERTAIN,0.5,UNCERTAIN,0.5,UNCERTAIN,0.5,UNCERTAIN,0.9999847361101836,POSITIVE,0.5,UNCERTAIN,0.5,UNCERTAIN
PMC8749146_01,Dengue,0.9999999928198408,POSITIVE,0.5,UNCERTAIN,0.5,UNCERTAIN,0.5,UNCERTAIN,0.5,UNCERTAIN,0.9999979106384406,POSITIVE,0.9999999233254806,POSITIVE,0.9999999538370603,POSITIVE,0.5,UNCERTAIN,0.5,UNCERTAIN,0.5,UNCERTAIN,0.5,UNCERTAIN,0.5,UNCERTAIN,0.5,UNCERTAIN,0.9999999909549862,POSITIVE
PMC7748033_01,Dengue,0.9999999928198408,POSITIVE,0.5,UNCERTAIN,0.5,UNCERTAIN,0.5,UNCERTAIN,0.9999973100599163,POSITIVE,0.9999999892709824,POSITIVE,0.5,UNCERTAIN,0.9999998926923918,POSITIVE,0.5,UNCERTAIN,0.5,UNCERTAIN,0.5,UNCERTAIN,0.5,UNCERTAIN,0.5,UNCERTAIN,0.5,UNCERTAIN,0.5,UNCERTAIN
PMC9957551_01,UNKNOWN (Insufficient Evidence),0.9999980922441104,POSITIVE,0.9999984219434215,POSITIVE,0.999995718940084,POSITIVE,0.5,UNCERTAIN,0.9999973100599163,POSITIVE,0.5,UNCERTAIN,0.9999903165470853,POSITIVE,0.5,UNCERTAIN,0.5,UNCERTAIN,0.5,UNCERTAIN,0.9999884305059787,POSITIVE,0.5,UNCERTAIN,0.5,UNCERTAIN,0.9999966310815537,POSITIVE,0.9999955604184251,POSITIVE
PMC2835670_01,Dengue,0.9999999928198408,POSITIVE,0.5,UNCERTAIN,0.9674266904222035,POSITIVE,0.5,UNCERTAIN,0.5,UNCERTAIN,0.5,UNCERTAIN,0.5,UNCERTAIN,0.5,UNCERTAIN,0.5,UNCERTAIN,0.5,UNCERTAIN,0.5,UNCERTAIN,0.5,UNCERTAIN,0.5,UNCERTAIN,0.5,UNCERTAIN,0.5,UNCERTAIN
PMC6341935_01,UNKNOWN (Insufficient Evidence),0.9986499226313071,POSITIVE,0.5,UNCERTAIN,0.5,UNCERTAIN,0.5,UNCERTAIN,0.5,UNCERTAIN,0.5,UNCERTAIN,0.5,UNCERTAIN,0.5,UNCERTAIN,0.5,UNCERTAIN,0.5,UNCERTAIN,0.5,UNCERTAIN,0.5,UNCERTAIN,0.5,UNCERTAIN,0.5,UNCERTAIN,0.5,UNCERTAIN
PMC6341935_02,UNKNOWN (Insufficient Evidence),0.9986499226313071,POSITIVE,0.5,UNCERTAIN,0.5,UNCERTAIN,0.5,UNCERTAIN,0.5,UNCERTAIN,0.5,UNCERTAIN,0.5,UNCERTAIN,0.5,UNCERTAIN,0.5,UNCERTAIN,0.5,UNCERTAIN,0.5,UNCERTAIN,0.5,UNCERTAIN,0.5,UNCERTAIN,0.5,UNCERTAIN,0.5,UNCERTAIN
PMC6341935_03,UNKNOWN (Insufficient Evidence),0.9999980922441104,POSITIVE,0.5,UNCERTAIN,0.5,UNCERTAIN,0.5,UNCERTAIN,0.5,UNCERTAIN,0.5,UNCERTAIN,0.5,UNCERTAIN,0.5,UNCERTAIN,0.5,UNCERTAIN,0.5,UNCERTAIN,0.5,UNCERTAIN,0.5,UNCERTAIN,0.5,UNCERTAIN,0.5,UNCERTAIN,0.5,UNCERTAIN
PMC9980716_01,UNKNOWN (Insufficient Evidence),0.9999999743045757,POSITIVE,0.9999999660679703,POSITIVE,0.31523947935045293,NEGATIVE,0.9999986813962269,POSITIVE,0.5121104272794513,UNCERTAIN,0.5386905502127388,UNCERTAIN,0.3606335027059405,NEGATIVE,0.47915927757263405,UNCERTAIN,0.6313990075547944,POSITIVE,0.9999980504219312,POSITIVE,0.37350614168368484,NEGATIVE,0.49582222886164945,UNCERTAIN,0.7845133387690117,POSITIVE,0.9999999330051365,POSITIVE,0.9999949210171365,POSITIVE
PMC5388347_01,Dengue,0.9999999999034719,POSITIVE,0.9999999840031514,POSITIVE,0.5,UNCERTAIN,0.9999982180546787,POSITIVE,0.5,UNCERTAIN,0.5,UNCERTAIN,0.9999999987378293,POSITIVE,0.9999999994857669,POSITIVE,0.5,UNCERTAIN,0.5,UNCERTAIN,0.5,UNCERTAIN,0.5,UNCERTAIN,0.5,UNCERTAIN,0.5,UNCERTAIN,0.999999898132083,POSITIVE
PMC8187069_01,Dengue,0.9999999998997969,POSITIVE,0.9999984219434215,POSITIVE,0.5,UNCERTAIN,0.5,UNCERTAIN,0.5,UNCERTAIN,0.5,UNCERTAIN,0.5,UNCERTAIN,0.5,UNCERTAIN,0.5,UNCERTAIN,0.9999964171321384,POSITIVE,0.5,UNCERTAIN,0.5,UNCERTAIN,0.5,UNCERTAIN,0.5,UNCERTAIN,0.5,UNCERTAIN
PMC8187069_02,Dengue,0.9999949119236413,POSITIVE,0.5,UNCERTAIN,0.5,UNCERTAIN,0.5,UNCERTAIN,0.5,UNCERTAIN,0.5,UNCERTAIN,0.5,UNCERTAIN,0.5,UNCERTAIN,0.5,UNCERTAIN,0.5,UNCERTAIN,0.5,UNCERTAIN,0.5,UNCERTAIN,0.5,UNCERTAIN,0.5,UNCERTAIN,0.5,UNCERTAIN
PMC4046007_01,Dengue,0.9999999928198408,POSITIVE,0.5,UNCERTAIN,0.5,UNCERTAIN,0.5,UNCERTAIN,0.5,UNCERTAIN,0.5,UNCERTAIN,0.5,UNCERTAIN,0.5,UNCERTAIN,0.5,UNCERTAIN,0.5,UNCERTAIN,0.5,UNCERTAIN,0.5,UNCERTAIN,0.5,UNCERTAIN,0.5,UNCERTAIN,0.5,UNCERTAIN
PMC6079603_01,Chikungunya,0.5,UNCERTAIN,0.5,UNCERTAIN,0.5,UNCERTAIN,0.5,UNCERTAIN,0.5,UNCERTAIN,0.5,UNCERTAIN,0.9999999233254806,POSITIVE,0.5,UNCERTAIN,0.5,UNCERTAIN,0.5,UNCERTAIN,0.5,UNCERTAIN,0.5,UNCERTAIN,0.9999847361101836,POSITIVE,0.5,UNCERTAIN,0.5,UNCERTAIN
PMC8642775_01,Dengue,0.9999999928198408,POSITIVE,0.5,UNCERTAIN,0.5,UNCERTAIN,0.5,UNCERTAIN,0.9999999066359312,POSITIVE,0.5,UNCERTAIN,0.5,UNCERTAIN,0.5,UNCERTAIN,0.5,UNCERTAIN,0.5,UNCERTAIN,0.5,UNCERTAIN,0.5,UNCERTAIN,0.5,UNCERTAIN,0.5,UNCERTAIN,0.5,UNCERTAIN
PMC9972053_01,Malaria,0.9999999998997969,POSITIVE,0.999999999953786,POSITIVE,0.5,UNCERTAIN,0.5,UNCERTAIN,0.5,UNCERTAIN,0.5,UNCERTAIN,0.5,UNCERTAIN,0.5,UNCERTAIN,0.9999963107031327,POSITIVE,0.9999964171321384,POSITIVE,0.5,UNCERTAIN,0.5,UNCERTAIN,0.5,UNCERTAIN,0.9999966310815537,POSITIVE,0.9999955604184251,POSITIVE
PMC4958465_01,Dengue,0.9999999928198408,POSITIVE,0.5,UNCERTAIN,0.5,UNCERTAIN,0.5,UNCERTAIN,0.5,UNCERTAIN,0.5,UNCERTAIN,0.5,UNCERTAIN,0.5,UNCERTAIN,0.5,UNCERTAIN,0.5,UNCERTAIN,0.5,UNCERTAIN,0.5,UNCERTAIN,0.5,UNCERTAIN,0.5,UNCERTAIN,0.5,UNCERTAIN
PMC4958465_02,UNKNOWN (Insufficient Evidence),0.9999980922441104,POSITIVE,0.5,UNCERTAIN,0.5,UNCERTAIN,0.5,UNCERTAIN,0.5,UNCERTAIN,0.5,UNCERTAIN,0.5,UNCERTAIN,0.5,UNCERTAIN,0.5,UNCERTAIN,0.5,UNCERTAIN,0.5,UNCERTAIN,0.5,UNCERTAIN,0.5,UNCERTAIN,0.5,UNCERTAIN,0.5,UNCERTAIN
PMC4759997_01,Dengue,0.9999999928198408,POSITIVE,0.999999965504895,POSITIVE,0.999995718940084,POSITIVE,0.9999982180546787,POSITIVE,0.5,UNCERTAIN,0.9999979106384406,POSITIVE,0.9999903165470853,POSITIVE,0.5,UNCERTAIN,0.5,UNCERTAIN,0.9999964171321384,POSITIVE,0.5,UNCERTAIN,0.5,UNCERTAIN,0.5,UNCERTAIN,0.5,UNCERTAIN,0.9999955604184251,POSITIVE
PMC3425248_01,Dengue,0.9999999998997969,POSITIVE,0.999999965504895,POSITIVE,0.36389282382704324,NEGATIVE,0.9999982180546787,POSITIVE,0.5,UNCERTAIN,0.5,UNCERTAIN,0.5,UNCERTAIN,0.5,UNCERTAIN,0.5,UNCERTAIN,0.5,UNCERTAIN,0.5,UNCERTAIN,0.5,UNCERTAIN,0.5,UNCERTAIN,0.5,UNCERTAIN,0.5,UNCERTAIN
PMC4395956_01,Dengue,0.9999999998997969,POSITIVE,0.5,UNCERTAIN,0.5,UNCERTAIN,0.5,UNCERTAIN,0.5,UNCERTAIN,0.5,UNCERTAIN,0.5,UNCERTAIN,0.5,UNCERTAIN,0.5,UNCERTAIN,0.5,UNCERTAIN,0.5,UNCERTAIN,0.5,UNCERTAIN,0.5,UNCERTAIN,0.5,UNCERTAIN,0.5,UNCERTAIN
PMC8376402_01,Dengue,0.9999999928198408,POSITIVE,0.9999984219434215,POSITIVE,0.5,UNCERTAIN,0.5,UNCERTAIN,0.5,UNCERTAIN,0.9999999438675821,POSITIVE,0.5,UNCERTAIN,0.5,UNCERTAIN,0.9999963107031327,POSITIVE,0.9999964171321384,POSITIVE,0.5,UNCERTAIN,0.5,UNCERTAIN,0.5,UNCERTAIN,0.5,UNCERTAIN,0.5,UNCERTAIN
PMC3323269_01,Dengue,0.9999999999034719,POSITIVE,0.9999999840031514,POSITIVE,0.9999998558558821,POSITIVE,0.5,UNCERTAIN,0.5,UNCERTAIN,0.5,UNCERTAIN,0.9999998405951925,POSITIVE,0.9999998926923918,POSITIVE,0.5,UNCERTAIN,0.5,UNCERTAIN,0.5,UNCERTAIN,0.5,UNCERTAIN,0.5,UNCERTAIN,0.5,UNCERTAIN,0.5,UNCERTAIN
PMC3825978_01,Dengue,0.9999999928198408,POSITIVE,0.5,UNCERTAIN,0.5,UNCERTAIN,0.5,UNCERTAIN,0.5,UNCERTAIN,0.5,UNCERTAIN,0.5,UNCERTAIN,0.5,UNCERTAIN,0.5,UNCERTAIN,0.5,UNCERTAIN,0.5,UNCERTAIN,0.5,UNCERTAIN,0.5,UNCERTAIN,0.5,UNCERTAIN,0.5,UNCERTAIN
PMC8250497_01,Dengue,0.9999999315969669,POSITIVE,0.5,UNCERTAIN,0.5,UNCERTAIN,0.5,UNCERTAIN,0.966455755654489,POSITIVE,0.5,UNCERTAIN,0.5,UNCERTAIN,0.5,UNCERTAIN,0.5,UNCERTAIN,0.5,UNCERTAIN,0.5,UNCERTAIN,0.5,UNCERTAIN,0.5,UNCERTAIN,0.5,UNCERTAIN,0.5,UNCERTAIN
PMC3703740_01,Malaria,0.9999980922441104,POSITIVE,0.999999999953786,POSITIVE,0.5,UNCERTAIN,0.5,UNCERTAIN,0.5,UNCERTAIN,0.5,UNCERTAIN,0.5,UNCERTAIN,0.5,UNCERTAIN,0.5,UNCERTAIN,0.5,UNCERTAIN,0.5,UNCERTAIN,0.5,UNCERTAIN,0.5,UNCERTAIN,0.5,UNCERTAIN,0.5,UNCERTAIN
PMC6644265_01,Dengue,0.9999999928198408,POSITIVE,0.5,UNCERTAIN,0.5,UNCERTAIN,0.9999982180546787,POSITIVE,0.9999973100599163,POSITIVE,0.5,UNCERTAIN,0.5,UNCERTAIN,0.5,UNCERTAIN,0.5,UNCERTAIN,0.5,UNCERTAIN,0.5,UNCERTAIN,0.5,UNCERTAIN,0.5,UNCERTAIN,0.9999999537913073,POSITIVE,0.5,UNCERTAIN
PMC4085823_01,Dengue,0.9999999928198408,POSITIVE,0.5,UNCERTAIN,0.5,UNCERTAIN,0.5,UNCERTAIN,0.5,UNCERTAIN,0.9999979106384406,POSITIVE,0.5,UNCERTAIN,0.5,UNCERTAIN,0.5,UNCERTAIN,0.5,UNCERTAIN,0.5,UNCERTAIN,0.5,UNCERTAIN,0.5,UNCERTAIN,0.9999966310815537,POSITIVE,0.9999955604184251,POSITIVE
PMC9724064_01,Dengue,0.9999999928198408,POSITIVE,0.9999984219434215,POSITIVE,0.5,UNCERTAIN,0.5,UNCERTAIN,0.5,UNCERTAIN,0.5,UNCERTAIN,0.5,UNCERTAIN,0.5,UNCERTAIN,0.5,UNCERTAIN,0.5,UNCERTAIN,0.5,UNCERTAIN,0.5,UNCERTAIN,0.5,UNCERTAIN,0.5,UNCERTAIN,0.5,UNCERTAIN
PMC9724064_02,UNKNOWN (Insufficient Evidence),0.9999980922441104,POSITIVE,0.9999984219434215,POSITIVE,0.5,UNCERTAIN,0.5,UNCERTAIN,0.5,UNCERTAIN,0.5,UNCERTAIN,0.5,UNCERTAIN,0.9999903670399974,POSITIVE,0.5,UNCERTAIN,0.5,UNCERTAIN,0.5,UNCERTAIN,0.5,UNCERTAIN,0.5,UNCERTAIN,0.5,UNCERTAIN,0.5,UNCERTAIN
PMC9724064_03,Dengue,0.9999999998997969,POSITIVE,0.9999984219434215,POSITIVE,0.5,UNCERTAIN,0.5,UNCERTAIN,0.5,UNCERTAIN,0.5,UNCERTAIN,0.5,UNCERTAIN,0.5,UNCERTAIN,0.5,UNCERTAIN,0.5,UNCERTAIN,0.5,UNCERTAIN,0.5,UNCERTAIN,0.5,UNCERTAIN,0.5,UNCERTAIN,0.5,UNCERTAIN
PMC9724064_04,Dengue,0.9999999928198408,POSITIVE,0.9999984219434215,POSITIVE,0.5,UNCERTAIN,0.5,UNCERTAIN,0.5,UNCERTAIN,0.5,UNCERTAIN,0.5,UNCERTAIN,0.5,UNCERTAIN,0.5,UNCERTAIN,0.5,UNCERTAIN,0.5,UNCERTAIN,0.5,UNCERTAIN,0.5,UNCERTAIN,0.5,UNCERTAIN,0.5,UNCERTAIN
PMC9724064_05,Dengue,0.9999999928198408,POSITIVE,0.9999984219434215,POSITIVE,0.5,UNCERTAIN,0.5,UNCERTAIN,0.5,UNCERTAIN,0.5,UNCERTAIN,0.5,UNCERTAIN,0.5,UNCERTAIN,0.5,UNCERTAIN,0.5,UNCERTAIN,0.5,UNCERTAIN,0.5,UNCERTAIN,0.9999847361101836,POSITIVE,0.5,UNCERTAIN,0.5,UNCERTAIN
PMC3992781_01,UNKNOWN (Insufficient Evidence),0.9999980922441104,POSITIVE,0.5,UNCERTAIN,0.999995718940084,POSITIVE,0.5,UNCERTAIN,0.5,UNCERTAIN,0.5,UNCERTAIN,0.9999903165470853,POSITIVE,0.9999903670399974,POSITIVE,0.5,UNCERTAIN,0.5,UNCERTAIN,0.5,UNCERTAIN,0.5,UNCERTAIN,0.5,UNCERTAIN,0.5,UNCERTAIN,0.5,UNCERTAIN
PMC6679697_01,Zika,0.5,UNCERTAIN,0.5,UNCERTAIN,0.5,UNCERTAIN,0.5,UNCERTAIN,0.5,UNCERTAIN,0.9999979106384406,POSITIVE,0.5,UNCERTAIN,0.9999999993290725,POSITIVE,0.5,UNCERTAIN,0.5,UNCERTAIN,0.5,UNCERTAIN,0.5,UNCERTAIN,0.5,UNCERTAIN,0.5,UNCERTAIN,0.5,UNCERTAIN
PMC6679697_02,Zika,0.9999980922441104,POSITIVE,0.5,UNCERTAIN,0.999995718940084,POSITIVE,0.9999982180546787,POSITIVE,0.5,UNCERTAIN,0.9999979106384406,POSITIVE,0.9999903165470853,POSITIVE,0.9999999993290725,POSITIVE,0.5,UNCERTAIN,0.5,UNCERTAIN,0.5,UNCERTAIN,0.5,UNCERTAIN,0.5,UNCERTAIN,0.5,UNCERTAIN,0.5,UNCERTAIN
PMC2636058_01,Dengue,0.9999999928198408,POSITIVE,0.9999984219434215,POSITIVE,0.5,UNCERTAIN,0.5,UNCERTAIN,0.9999973100599163,POSITIVE,0.5,UNCERTAIN,0.5,UNCERTAIN,0.5,UNCERTAIN,0.5,UNCERTAIN,0.5,UNCERTAIN,0.9999884305059787,POSITIVE,0.5,UNCERTAIN,0.5,UNCERTAIN,0.9999966310815537,POSITIVE,0.5,UNCERTAIN
PMC3625586_01,Malaria,0.9999999998997969,POSITIVE,0.999999999953786,POSITIVE,0.36389282382704324,NEGATIVE,0.9999982180546787,POSITIVE,0.5,UNCERTAIN,0.5,UNCERTAIN,0.5,UNCERTAIN,0.5,UNCERTAIN,0.5,UNCERTAIN,0.5,UNCERTAIN,0.5,UNCERTAIN,0.5,UNCERTAIN,0.5,UNCERTAIN,0.5,UNCERTAIN,0.5,UNCERTAIN
PMC5749440_01,Dengue,0.9999999928198408,POSITIVE,0.9999984219434215,POSITIVE,0.999995718940084,POSITIVE,0.9999982180546787,POSITIVE,0.5,UNCERTAIN,0.5,UNCERTAIN,0.5,UNCERTAIN,0.5,UNCERTAIN,0.5,UNCERTAIN,0.5,UNCERTAIN,0.5,UNCERTAIN,0.5,UNCERTAIN,0.5,UNCERTAIN,0.5,UNCERTAIN,0.999999898132083,POSITIVE
PMC9402360_01,UNKNOWN (Insufficient Evidence),0.9862365430696266,POSITIVE,0.5,UNCERTAIN,0.36389282382704324,NEGATIVE,0.5,UNCERTAIN,0.5,UNCERTAIN,0.5,UNCERTAIN,0.5,UNCERTAIN,0.5,UNCERTAIN,0.5,UNCERTAIN,0.5,UNCERTAIN,0.5,UNCERTAIN,0.5,UNCERTAIN,0.9962832619898732,POSITIVE,0.5,UNCERTAIN,0.5,UNCERTAIN
PMC9386617_01,Dengue,0.9999999999034719,POSITIVE,0.5,UNCERTAIN,0.5,UNCERTAIN,0.5,UNCERTAIN,0.999999987854959,POSITIVE,0.5,UNCERTAIN,0.5,UNCERTAIN,0.5,UNCERTAIN,0.5,UNCERTAIN,0.5,UNCERTAIN,0.5,UNCERTAIN,0.5,UNCERTAIN,0.5,UNCERTAIN,0.5,UNCERTAIN,0.5,UNCERTAIN
PMC4516346_01,Dengue,0.9999999999034719,POSITIVE,0.5,UNCERTAIN,0.5,UNCERTAIN,0.5,UNCERTAIN,0.5,UNCERTAIN,0.5,UNCERTAIN,0.9999903165470853,POSITIVE,0.5,UNCERTAIN,0.5,UNCERTAIN,0.5,UNCERTAIN,0.5,UNCERTAIN,0.9999843110861651,POSITIVE,0.5,UNCERTAIN,0.5,UNCERTAIN,0.5,UNCERTAIN
PMC8308854_01,Dengue,0.9999999928198408,POSITIVE,0.5,UNCERTAIN,0.5,UNCERTAIN,0.5,UNCERTAIN,0.9999973100599163,POSITIVE,0.5,UNCERTAIN,0.9999999233254806,POSITIVE,0.5,UNCERTAIN,0.5,UNCERTAIN,0.5,UNCERTAIN,0.5,UNCERTAIN,0.5,UNCERTAIN,0.5,UNCERTAIN,0.5,UNCERTAIN,0.5,UNCERTAIN
PMC7399731_01,UNKNOWN (Insufficient Evidence),0.5,UNCERTAIN,0.5,UNCERTAIN,0.5,UNCERTAIN,0.5,UNCERTAIN,0.5,UNCERTAIN,0.5,UNCERTAIN,0.5,UNCERTAIN,0.9999903670399974,POSITIVE,0.5,UNCERTAIN,0.5,UNCERTAIN,0.5,UNCERTAIN,0.5,UNCERTAIN,0.5,UNCERTAIN,0.5,UNCERTAIN,0.5,UNCERTAIN
PMC9897698_01,Dengue,0.9999999928198408,POSITIVE,0.9999984219434215,POSITIVE,0.999995718940084,POSITIVE,0.5,UNCERTAIN,0.5,UNCERTAIN,0.5,UNCERTAIN,0.5,UNCERTAIN,0.5,UNCERTAIN,0.5,UNCERTAIN,0.5,UNCERTAIN,0.9999884305059787,POSITIVE,0.5,UNCERTAIN,0.5,UNCERTAIN,0.5,UNCERTAIN,0.5,UNCERTAIN
PMC5288990_01,Dengue,0.9999999928198408,POSITIVE,0.5,UNCERTAIN,0.9999999305007128,POSITIVE,0.5,UNCERTAIN,0.5,UNCERTAIN,0.5,UNCERTAIN,0.5,UNCERTAIN,0.5,UNCERTAIN,0.5,UNCERTAIN,0.5,UNCERTAIN,0.5,UNCERTAIN,0.5,UNCERTAIN,0.5,UNCERTAIN,0.5,UNCERTAIN,0.5,UNCERTAIN
PMC3628230_01,Dengue,0.9999999928198408,POSITIVE,0.9999984219434215,POSITIVE,0.5,UNCERTAIN,0.5,UNCERTAIN,0.5,UNCERTAIN,0.5,UNCERTAIN,0.5,UNCERTAIN,0.5,UNCERTAIN,0.9999963107031327,POSITIVE,0.9999964171321384,POSITIVE,0.5,UNCERTAIN,0.5,UNCERTAIN,0.5,UNCERTAIN,0.5,UNCERTAIN,0.5,UNCERTAIN
PMC5566360_01,Malaria,0.9999980922441104,POSITIVE,0.999999999953786,POSITIVE,0.5,UNCERTAIN,0.9999982180546787,POSITIVE,0.5,UNCERTAIN,0.5,UNCERTAIN,0.5,UNCERTAIN,0.5,UNCERTAIN,0.5,UNCERTAIN,0.9999999497366001,POSITIVE,0.9999997657775918,POSITIVE,0.5,UNCERTAIN,0.5,UNCERTAIN,0.5,UNCERTAIN,0.5,UNCERTAIN
PMC7490298_01,Zika,0.9986499226313071,POSITIVE,0.5,UNCERTAIN,0.5,UNCERTAIN,0.5,UNCERTAIN,0.5,UNCERTAIN,0.9987458547310324,POSITIVE,0.5,UNCERTAIN,0.9952307146499256,POSITIVE,0.5,UNCERTAIN,0.5,UNCERTAIN,0.5,UNCERTAIN,0.5,UNCERTAIN,0.5,UNCERTAIN,0.5,UNCERTAIN,0.5,UNCERTAIN
PMC7490298_02,Dengue,0.9999999928198408,POSITIVE,0.5,UNCERTAIN,0.5,UNCERTAIN,0.5,UNCERTAIN,0.5,UNCERTAIN,0.5,UNCERTAIN,0.5,UNCERTAIN,0.9999999538370603,POSITIVE,0.5,UNCERTAIN,0.5,UNCERTAIN,0.5,UNCERTAIN,0.5,UNCERTAIN,0.5,UNCERTAIN,0.5,UNCERTAIN,0.5,UNCERTAIN
PMC7490298_03,Zika,0.9999980922441104,POSITIVE,0.5,UNCERTAIN,0.5,UNCERTAIN,0.5,UNCERTAIN,0.5,UNCERTAIN,0.9999979106384406,POSITIVE,0.9999903165470853,POSITIVE,0.9999999538370603,POSITIVE,0.5,UNCERTAIN,0.5,UNCERTAIN,0.5,UNCERTAIN,0.5,UNCERTAIN,0.5,UNCERTAIN,0.5,UNCERTAIN,0.5,UNCERTAIN
PMC7490298_06,Zika,0.5,UNCERTAIN,0.5,UNCERTAIN,0.5,UNCERTAIN,0.5,UNCERTAIN,0.5,UNCERTAIN,0.5,UNCERTAIN,0.5,UNCERTAIN,0.9999866749519265,POSITIVE,0.5,UNCERTAIN,0.5,UNCERTAIN,0.5,UNCERTAIN,0.5,UNCERTAIN,0.5,UNCERTAIN,0.5,UNCERTAIN,0.5,UNCERTAIN
PMC7490298_07,Dengue,0.9999949119236413,POSITIVE,0.5,UNCERTAIN,0.5,UNCERTAIN,0.5,UNCERTAIN,0.5,UNCERTAIN,0.9987458547310324,POSITIVE,0.9969147378167993,POSITIVE,0.9952307146499256,POSITIVE,0.5,UNCERTAIN,0.5,UNCERTAIN,0.5,UNCERTAIN,0.5,UNCERTAIN,0.5,UNCERTAIN,0.5,UNCERTAIN,0.5,UNCERTAIN
PMC7490298_08,HIV_AIDS,0.9998394644722342,POSITIVE,0.5,UNCERTAIN,0.5,UNCERTAIN,0.5,UNCERTAIN,0.5,UNCERTAIN,0.9999998267642572,POSITIVE,0.5,UNCERTAIN,0.9999866749519265,POSITIVE,0.5,UNCERTAIN,0.5,UNCERTAIN,0.5,UNCERTAIN,0.5,UNCERTAIN,0.5,UNCERTAIN,0.5,UNCERTAIN,0.5,UNCERTAIN
PMC7490298_09,Zika,0.5,UNCERTAIN,0.5,UNCERTAIN,0.5,UNCERTAIN,0.5,UNCERTAIN,0.5,UNCERTAIN,0.5,UNCERTAIN,0.5,UNCERTAIN,0.9999866749519265,POSITIVE,0.5,UNCERTAIN,0.5,UNCERTAIN,0.5,UNCERTAIN,0.5,UNCERTAIN,0.5,UNCERTAIN,0.5,UNCERTAIN,0.5,UNCERTAIN
PMC7490298_10,Dengue,0.9999999928198408,POSITIVE,0.5,UNCERTAIN,0.5,UNCERTAIN,0.5,UNCERTAIN,0.5,UNCERTAIN,0.9999999886022101,POSITIVE,0.9999903165470853,POSITIVE,0.9999999538370603,POSITIVE,0.5,UNCERTAIN,0.5,UNCERTAIN,0.5,UNCERTAIN,0.5,UNCERTAIN,0.5,UNCERTAIN,0.5,UNCERTAIN,0.5,UNCERTAIN
PMC7468372_01,Dengue,0.9999999928198408,POSITIVE,0.9999984219434215,POSITIVE,0.999995718940084,POSITIVE,0.9999982180546787,POSITIVE,0.5,UNCERTAIN,0.5,UNCERTAIN,0.5,UNCERTAIN,0.5,UNCERTAIN,0.5,UNCERTAIN,0.5,UNCERTAIN,0.9999884305059787,POSITIVE,0.5,UNCERTAIN,0.5,UNCERTAIN,0.5,UNCERTAIN,0.5,UNCERTAIN
PMC3987999_01,Dengue,0.9999999928198408,POSITIVE,0.5,UNCERTAIN,0.999995718940084,POSITIVE,0.5,UNCERTAIN,0.5,UNCERTAIN,0.5,UNCERTAIN,0.5,UNCERTAIN,0.5,UNCERTAIN,0.5,UNCERTAIN,0.5,UNCERTAIN,0.5,UNCERTAIN,0.5,UNCERTAIN,0.5,UNCERTAIN,0.5,UNCERTAIN,0.5,UNCERTAIN
PMC3987999_02,UNKNOWN (Insufficient Evidence),0.9999980922441104,POSITIVE,0.5,UNCERTAIN,0.999995718940084,POSITIVE,0.9999982180546787,POSITIVE,0.5,UNCERTAIN,0.5,UNCERTAIN,0.5,UNCERTAIN,0.5,UNCERTAIN,0.5,UNCERTAIN,0.5,UNCERTAIN,0.5,UNCERTAIN,0.5,UNCERTAIN,0.5,UNCERTAIN,0.9999966310815537,POSITIVE,0.9999955604184251,POSITIVE
PMC3987999_03,UNKNOWN (Insufficient Evidence),0.9999980922441104,POSITIVE,0.9999984219434215,POSITIVE,0.999995718940084,POSITIVE,0.5,UNCERTAIN,0.5,UNCERTAIN,0.5,UNCERTAIN,0.5,UNCERTAIN,0.5,UNCERTAIN,0.5,UNCERTAIN,0.9999964171321384,POSITIVE,0.5,UNCERTAIN,0.5,UNCERTAIN,0.5,UNCERTAIN,0.9999966310815537,POSITIVE,0.5,UNCERTAIN
PMC3987999_04,UNKNOWN (Insufficient Evidence),0.9999980922441104,POSITIVE,0.5,UNCERTAIN,0.999995718940084,POSITIVE,0.5,UNCERTAIN,0.5,UNCERTAIN,0.5,UNCERTAIN,0.5,UNCERTAIN,0.5,UNCERTAIN,0.5,UNCERTAIN,0.5,UNCERTAIN,0.5,UNCERTAIN,0.5,UNCERTAIN,0.5,UNCERTAIN,0.5,UNCERTAIN,0.5,UNCERTAIN
PMC3987999_05,Dengue,0.9999999928198408,POSITIVE,0.5,UNCERTAIN,0.5,UNCERTAIN,0.5,UNCERTAIN,0.5,UNCERTAIN,0.5,UNCERTAIN,0.5,UNCERTAIN,0.5,UNCERTAIN,0.5,UNCERTAIN,0.5,UNCERTAIN,0.5,UNCERTAIN,0.5,UNCERTAIN,0.5,UNCERTAIN,0.5,UNCERTAIN,0.5,UNCERTAIN
PMC5366795_01,Malaria,0.9999980922441104,POSITIVE,0.9999999927651935,POSITIVE,0.5,UNCERTAIN,0.5,UNCERTAIN,0.5,UNCERTAIN,0.9999979106384406,POSITIVE,0.5,UNCERTAIN,0.5,UNCERTAIN,0.9999999780593704,POSITIVE,0.9999964171321384,POSITIVE,0.9999884305059787,POSITIVE,0.5,UNCERTAIN,0.5,UNCERTAIN,0.9999966310815537,POSITIVE,0.9999955604184251,POSITIVE
PMC8312185_01,Dengue,0.9999999928198408,POSITIVE,0.9999984219434215,POSITIVE,0.9999998558558821,POSITIVE,0.9999999891550005,POSITIVE,0.5,UNCERTAIN,0.5,UNCERTAIN,0.9999903165470853,POSITIVE,0.5,UNCERTAIN,0.5,UNCERTAIN,0.9999964171321384,POSITIVE,0.5,UNCERTAIN,0.5,UNCERTAIN,0.5,UNCERTAIN,0.5,UNCERTAIN,0.5,UNCERTAIN
PMC5436409_01,Dengue,0.9999999928198408,POSITIVE,0.9999999927651935,POSITIVE,0.9999998558558821,POSITIVE,0.9999982180546787,POSITIVE,0.5,UNCERTAIN,0.5,UNCERTAIN,0.5,UNCERTAIN,0.5,UNCERTAIN,0.5,UNCERTAIN,0.5,UNCERTAIN,0.9999998953950457,POSITIVE,0.5,UNCERTAIN,0.5,UNCERTAIN,0.5,UNCERTAIN,0.5,UNCERTAIN
PMC3361784_01,Dengue,0.9999999998997969,POSITIVE,0.5,UNCERTAIN,0.5,UNCERTAIN,0.5,UNCERTAIN,0.5,UNCERTAIN,0.5,UNCERTAIN,0.5,UNCERTAIN,0.5,UNCERTAIN,0.5,UNCERTAIN,0.5,UNCERTAIN,0.5,UNCERTAIN,0.5,UNCERTAIN,0.5,UNCERTAIN,0.5,UNCERTAIN,0.5,UNCERTAIN
PMC9767721_01,Dengue,0.9999999999034719,POSITIVE,0.9999999840031514,POSITIVE,0.999995718940084,POSITIVE,0.5,UNCERTAIN,0.5,UNCERTAIN,0.5,UNCERTAIN,0.5,UNCERTAIN,0.5,UNCERTAIN,0.9999963107031327,POSITIVE,0.9999999275921589,POSITIVE,0.5,UNCERTAIN,0.5,UNCERTAIN,0.5,UNCERTAIN,0.5,UNCERTAIN,0.5,UNCERTAIN
PMC9215869_01,UNKNOWN (Insufficient Evidence),0.5,UNCERTAIN,0.9999984219434215,POSITIVE,0.9999999305007128,POSITIVE,0.5,UNCERTAIN,0.5,UNCERTAIN,0.5,UNCERTAIN,0.5,UNCERTAIN,0.5,UNCERTAIN,0.5,UNCERTAIN,0.5,UNCERTAIN,0.5,UNCERTAIN,0.5,UNCERTAIN,0.5,UNCERTAIN,0.5,UNCERTAIN,0.5,UNCERTAIN
PMC2876252_01,UNKNOWN (Insufficient Evidence),0.5,UNCERTAIN,0.5,UNCERTAIN,0.9999999305007128,POSITIVE,0.5,UNCERTAIN,0.5,UNCERTAIN,0.5,UNCERTAIN,0.5,UNCERTAIN,0.5,UNCERTAIN,0.5,UNCERTAIN,0.5,UNCERTAIN,0.5,UNCERTAIN,0.5,UNCERTAIN,0.5,UNCERTAIN,0.5,UNCERTAIN,0.5,UNCERTAIN
PMC7717484_01,Tuberculosis,0.5,UNCERTAIN,0.5,UNCERTAIN,0.9999999305007128,POSITIVE,0.9999999926375517,POSITIVE,0.5,UNCERTAIN,0.5,UNCERTAIN,0.5,UNCERTAIN,0.5,UNCERTAIN,0.5,UNCERTAIN,0.5,UNCERTAIN,0.5,UNCERTAIN,0.5,UNCERTAIN,0.5,UNCERTAIN,0.5,UNCERTAIN,0.5,UNCERTAIN
PMC5723013_01,UNKNOWN (Insufficient Evidence),0.5,UNCERTAIN,0.5,UNCERTAIN,0.9999999305007128,POSITIVE,0.5,UNCERTAIN,0.5,UNCERTAIN,0.5,UNCERTAIN,0.5,UNCERTAIN,0.5,UNCERTAIN,0.5,UNCERTAIN,0.5,UNCERTAIN,0.5,UNCERTAIN,0.5,UNCERTAIN,0.5,UNCERTAIN,0.5,UNCERTAIN,0.5,UNCERTAIN
PMC9062920_01,UNKNOWN (Insufficient Evidence),0.5,UNCERTAIN,0.5,UNCERTAIN,0.9999672488156672,POSITIVE,0.5,UNCERTAIN,0.5,UNCERTAIN,0.5,UNCERTAIN,0.5,UNCERTAIN,0.5,UNCERTAIN,0.5,UNCERTAIN,0.5,UNCERTAIN,0.5,UNCERTAIN,0.5,UNCERTAIN,0.5,UNCERTAIN,0.5,UNCERTAIN,0.5,UNCERTAIN
PMC7467607_01,Malaria,0.5,UNCERTAIN,0.9999999927651935,POSITIVE,0.9999998558558821,POSITIVE,0.5,UNCERTAIN,0.9999973100599163,POSITIVE,0.5,UNCERTAIN,0.5,UNCERTAIN,0.5,UNCERTAIN,0.5,UNCERTAIN,0.5,UNCERTAIN,0.5,UNCERTAIN,0.5,UNCERTAIN,0.5,UNCERTAIN,0.5,UNCERTAIN,0.5,UNCERTAIN
PMC4695514_01,UNKNOWN (Insufficient Evidence),0.5,UNCERTAIN,0.5,UNCERTAIN,0.999995718940084,POSITIVE,0.9999982180546787,POSITIVE,0.9999973100599163,POSITIVE,0.5,UNCERTAIN,0.5,UNCERTAIN,0.5,UNCERTAIN,0.5,UNCERTAIN,0.5,UNCERTAIN,0.5,UNCERTAIN,0.5,UNCERTAIN,0.5,UNCERTAIN,0.5,UNCERTAIN,0.5,UNCERTAIN
PMC5748105_02,Malaria,0.5,UNCERTAIN,0.9999999927651935,POSITIVE,0.5,UNCERTAIN,0.5,UNCERTAIN,0.5,UNCERTAIN,0.5,UNCERTAIN,0.5,UNCERTAIN,0.5,UNCERTAIN,0.5,UNCERTAIN,0.5,UNCERTAIN,0.5,UNCERTAIN,0.5,UNCERTAIN,0.5,UNCERTAIN,0.5,UNCERTAIN,0.9999955604184251,POSITIVE
PMC4696703_01,Ebola_Filovirus,0.5,UNCERTAIN,0.9999984219434215,POSITIVE,0.9999998558558821,POSITIVE,0.5,UNCERTAIN,0.5,UNCERTAIN,0.9999979106384406,POSITIVE,0.5,UNCERTAIN,0.5,UNCERTAIN,0.5,UNCERTAIN,0.5,UNCERTAIN,0.5,UNCERTAIN,0.5,UNCERTAIN,0.5,UNCERTAIN,0.5,UNCERTAIN,0.5,UNCERTAIN
PMC6438490_02,UNKNOWN (Insufficient Evidence),0.5,UNCERTAIN,0.5,UNCERTAIN,0.999995718940084,POSITIVE,0.9999982180546787,POSITIVE,0.5,UNCERTAIN,0.5,UNCERTAIN,0.5,UNCERTAIN,0.5,UNCERTAIN,0.5,UNCERTAIN,0.5,UNCERTAIN,0.5,UNCERTAIN,0.5,UNCERTAIN,0.5,UNCERTAIN,0.5,UNCERTAIN,0.5,UNCERTAIN
PMC8326086_01,COVID-19,0.5,UNCERTAIN,0.5,UNCERTAIN,0.9979865599175791,POSITIVE,0.5,UNCERTAIN,0.9999936558397975,POSITIVE,0.5,UNCERTAIN,0.5,UNCERTAIN,0.5,UNCERTAIN,0.5,UNCERTAIN,0.5,UNCERTAIN,0.5,UNCERTAIN,0.5,UNCERTAIN,0.5,UNCERTAIN,0.5,UNCERTAIN,0.5,UNCERTAIN
PMC9175973_01,UNKNOWN (Insufficient Evidence),0.5,UNCERTAIN,0.5,UNCERTAIN,0.9999999305007128,POSITIVE,0.5,UNCERTAIN,0.9999973100599163,POSITIVE,0.5,UNCERTAIN,0.5,UNCERTAIN,0.5,UNCERTAIN,0.5,UNCERTAIN,0.5,UNCERTAIN,0.5,UNCERTAIN,0.5,UNCERTAIN,0.5,UNCERTAIN,0.5,UNCERTAIN,0.5,UNCERTAIN
PMC9922937_01,COVID-19,0.5,UNCERTAIN,0.5,UNCERTAIN,0.9999999305007128,POSITIVE,0.5,UNCERTAIN,0.999999987854959,POSITIVE,0.5,UNCERTAIN,0.5,UNCERTAIN,0.5,UNCERTAIN,0.5,UNCERTAIN,0.5,UNCERTAIN,0.5,UNCERTAIN,0.5,UNCERTAIN,0.5,UNCERTAIN,0.5,UNCERTAIN,0.5,UNCERTAIN
PMC10075215_01,UNKNOWN (Insufficient Evidence),0.5,UNCERTAIN,0.5,UNCERTAIN,0.9999999305007128,POSITIVE,0.5,UNCERTAIN,0.5,UNCERTAIN,0.5,UNCERTAIN,0.5,UNCERTAIN,0.5,UNCERTAIN,0.5,UNCERTAIN,0.5,UNCERTAIN,0.5,UNCERTAIN,0.5,UNCERTAIN,0.5,UNCERTAIN,0.5,UNCERTAIN,0.5,UNCERTAIN
PMC7749959_01,UNKNOWN (Insufficient Evidence),0.5,UNCERTAIN,0.5,UNCERTAIN,0.9999999305007128,POSITIVE,0.5,UNCERTAIN,0.5,UNCERTAIN,0.5,UNCERTAIN,0.5,UNCERTAIN,0.5,UNCERTAIN,0.5,UNCERTAIN,0.5,UNCERTAIN,0.5,UNCERTAIN,0.5,UNCERTAIN,0.9999847361101836,POSITIVE,0.5,UNCERTAIN,0.9999955604184251,POSITIVE
PMC10316143_01,UNKNOWN (Insufficient Evidence),0.5,UNCERTAIN,0.5,UNCERTAIN,0.9999999305007128,POSITIVE,0.5,UNCERTAIN,0.5,UNCERTAIN,0.5,UNCERTAIN,0.5,UNCERTAIN,0.5,UNCERTAIN,0.5,UNCERTAIN,0.5,UNCERTAIN,0.5,UNCERTAIN,0.5,UNCERTAIN,0.5,UNCERTAIN,0.5,UNCERTAIN,0.5,UNCERTAIN
PMC7568131_01,UNKNOWN (Insufficient Evidence),0.5,UNCERTAIN,0.5,UNCERTAIN,0.9999999305007128,POSITIVE,0.5,UNCERTAIN,0.5,UNCERTAIN,0.5,UNCERTAIN,0.5,UNCERTAIN,0.5,UNCERTAIN,0.5,UNCERTAIN,0.5,UNCERTAIN,0.5,UNCERTAIN,0.5,UNCERTAIN,0.5,UNCERTAIN,0.5,UNCERTAIN,0.5,UNCERTAIN
PMC7236423_01,UNKNOWN (Insufficient Evidence),0.5,UNCERTAIN,0.5,UNCERTAIN,0.999821750731752,POSITIVE,0.9988075807076872,POSITIVE,0.998596824929277,POSITIVE,0.5,UNCERTAIN,0.5,UNCERTAIN,0.5,UNCERTAIN,0.5,UNCERTAIN,0.5,UNCERTAIN,0.5,UNCERTAIN,0.5,UNCERTAIN,0.5,UNCERTAIN,0.5,UNCERTAIN,0.5,UNCERTAIN
PMC9772044_01,UNKNOWN (Insufficient Evidence),0.5,UNCERTAIN,0.5,UNCERTAIN,0.9999672488156672,POSITIVE,0.5,UNCERTAIN,0.5,UNCERTAIN,0.5,UNCERTAIN,0.5,UNCERTAIN,0.5,UNCERTAIN,0.5,UNCERTAIN,0.5,UNCERTAIN,0.5,UNCERTAIN,0.5,UNCERTAIN,0.5,UNCERTAIN,0.5,UNCERTAIN,0.5,UNCERTAIN
PMC4799553_01,Ebola_Filovirus,0.5,UNCERTAIN,0.5,UNCERTAIN,0.9999998558558821,POSITIVE,0.9999982180546787,POSITIVE,0.5,UNCERTAIN,0.5,UNCERTAIN,0.5,UNCERTAIN,0.5,UNCERTAIN,0.5,UNCERTAIN,0.5,UNCERTAIN,0.5,UNCERTAIN,0.5,UNCERTAIN,0.5,UNCERTAIN,0.5,UNCERTAIN,0.9999955604184251,POSITIVE
PMC3357510_01,UNKNOWN (Insufficient Evidence),0.5,UNCERTAIN,0.5,UNCERTAIN,0.999995718940084,POSITIVE,0.5,UNCERTAIN,0.5,UNCERTAIN,0.5,UNCERTAIN,0.5,UNCERTAIN,0.5,UNCERTAIN,0.5,UNCERTAIN,0.5,UNCERTAIN,0.5,UNCERTAIN,0.5,UNCERTAIN,0.5,UNCERTAIN,0.5,UNCERTAIN,0.5,UNCERTAIN
PMC8571241_01,UNKNOWN (Insufficient Evidence),0.5,UNCERTAIN,0.5,UNCERTAIN,0.9999999305007128,POSITIVE,0.5,UNCERTAIN,0.5,UNCERTAIN,0.5,UNCERTAIN,0.5,UNCERTAIN,0.5,UNCERTAIN,0.5,UNCERTAIN,0.5,UNCERTAIN,0.5,UNCERTAIN,0.5,UNCERTAIN,0.5,UNCERTAIN,0.5,UNCERTAIN,0.5,UNCERTAIN
PMC8571241_02,UNKNOWN (Insufficient Evidence),0.5,UNCERTAIN,0.5,UNCERTAIN,0.999995718940084,POSITIVE,0.5,UNCERTAIN,0.5,UNCERTAIN,0.5,UNCERTAIN,0.5,UNCERTAIN,0.5,UNCERTAIN,0.5,UNCERTAIN,0.5,UNCERTAIN,0.5,UNCERTAIN,0.5,UNCERTAIN,0.5,UNCERTAIN,0.5,UNCERTAIN,0.5,UNCERTAIN
PMC8385128_01,UNKNOWN (Insufficient Evidence),0.5,UNCERTAIN,0.5,UNCERTAIN,0.999995718940084,POSITIVE,0.5,UNCERTAIN,0.5,UNCERTAIN,0.5,UNCERTAIN,0.5,UNCERTAIN,0.5,UNCERTAIN,0.5,UNCERTAIN,0.5,UNCERTAIN,0.5,UNCERTAIN,0.5,UNCERTAIN,0.5,UNCERTAIN,0.5,UNCERTAIN,0.5,UNCERTAIN
PMC5436409_01,Dengue,0.9999999928198408,POSITIVE,0.9999999927651935,POSITIVE,0.9999998558558821,POSITIVE,0.9999982180546787,POSITIVE,0.5,UNCERTAIN,0.5,UNCERTAIN,0.5,UNCERTAIN,0.5,UNCERTAIN,0.5,UNCERTAIN,0.5,UNCERTAIN,0.9999998953950457,POSITIVE,0.5,UNCERTAIN,0.5,UNCERTAIN,0.5,UNCERTAIN,0.5,UNCERTAIN
PMC8326076_01,UNKNOWN (Insufficient Evidence),0.9999980922441104,POSITIVE,0.5,UNCERTAIN,0.999995718940084,POSITIVE,0.5,UNCERTAIN,0.5,UNCERTAIN,0.5,UNCERTAIN,0.5,UNCERTAIN,0.5,UNCERTAIN,0.5,UNCERTAIN,0.5,UNCERTAIN,0.5,UNCERTAIN,0.5,UNCERTAIN,0.5,UNCERTAIN,0.5,UNCERTAIN,0.5,UNCERTAIN
PMC6521133_01,UNKNOWN (Insufficient Evidence),0.5,UNCERTAIN,0.5,UNCERTAIN,0.9979865599175791,POSITIVE,0.5,UNCERTAIN,0.5,UNCERTAIN,0.5,UNCERTAIN,0.5,UNCERTAIN,0.5,UNCERTAIN,0.5,UNCERTAIN,0.5,UNCERTAIN,0.5,UNCERTAIN,0.5,UNCERTAIN,0.5,UNCERTAIN,0.5,UNCERTAIN,0.5,UNCERTAIN
PMC10481797_01,UNKNOWN (Insufficient Evidence),0.5,UNCERTAIN,0.5,UNCERTAIN,0.9999999305007128,POSITIVE,0.5,UNCERTAIN,0.5,UNCERTAIN,0.5,UNCERTAIN,0.5,UNCERTAIN,0.5,UNCERTAIN,0.5,UNCERTAIN,0.5,UNCERTAIN,0.5,UNCERTAIN,0.5,UNCERTAIN,0.5,UNCERTAIN,0.5,UNCERTAIN,0.5,UNCERTAIN
PMC10927178_01,UNKNOWN (Insufficient Evidence),0.5,UNCERTAIN,0.5,UNCERTAIN,0.9999999305007128,POSITIVE,0.5,UNCERTAIN,0.5,UNCERTAIN,0.5,UNCERTAIN,0.5,UNCERTAIN,0.5,UNCERTAIN,0.5,UNCERTAIN,0.5,UNCERTAIN,0.5,UNCERTAIN,0.5,UNCERTAIN,0.5,UNCERTAIN,0.5,UNCERTAIN,0.5,UNCERTAIN
PMC10695458_01,UNKNOWN (Insufficient Evidence),0.5,UNCERTAIN,0.5,UNCERTAIN,0.999995718940084,POSITIVE,0.5,UNCERTAIN,0.5,UNCERTAIN,0.5,UNCERTAIN,0.5,UNCERTAIN,0.5,UNCERTAIN,0.5,UNCERTAIN,0.5,UNCERTAIN,0.5,UNCERTAIN,0.5,UNCERTAIN,0.5,UNCERTAIN,0.5,UNCERTAIN,0.5,UNCERTAIN
PMC10581452_01,UNKNOWN (Insufficient Evidence),0.5,UNCERTAIN,0.5,UNCERTAIN,0.9999996216931903,POSITIVE,0.5,UNCERTAIN,0.9999973100599163,POSITIVE,0.5,UNCERTAIN,0.5,UNCERTAIN,0.5,UNCERTAIN,0.5,UNCERTAIN,0.5,UNCERTAIN,0.5,UNCERTAIN,0.9999843110861651,POSITIVE,0.5,UNCERTAIN,0.5,UNCERTAIN,0.5,UNCERTAIN
PMC11152542_01,UNKNOWN (Insufficient Evidence),0.5,UNCERTAIN,0.5,UNCERTAIN,0.9999999305007128,POSITIVE,0.5,UNCERTAIN,0.5,UNCERTAIN,0.5,UNCERTAIN,0.5,UNCERTAIN,0.5,UNCERTAIN,0.5,UNCERTAIN,0.5,UNCERTAIN,0.5,UNCERTAIN,0.5,UNCERTAIN,0.9999847361101836,POSITIVE,0.5,UNCERTAIN,0.5,UNCERTAIN
PMC12968226_01,UNKNOWN (Insufficient Evidence),0.5,UNCERTAIN,0.5,UNCERTAIN,0.999995718940084,POSITIVE,0.5,UNCERTAIN,0.5,UNCERTAIN,0.5,UNCERTAIN,0.5,UNCERTAIN,0.5,UNCERTAIN,0.5,UNCERTAIN,0.5,UNCERTAIN,0.5,UNCERTAIN,0.5,UNCERTAIN,0.5,UNCERTAIN,0.5,UNCERTAIN,0.5,UNCERTAIN
PMC3722985_01,HIV_AIDS,0.5,UNCERTAIN,0.5,UNCERTAIN,0.9979865599175791,POSITIVE,0.9988075807076872,POSITIVE,0.998596824929277,POSITIVE,0.9999999992929459,POSITIVE,0.5,UNCERTAIN,0.5,UNCERTAIN,0.5,UNCERTAIN,0.5,UNCERTAIN,0.5,UNCERTAIN,0.5,UNCERTAIN,0.9962832619898732,POSITIVE,0.5,UNCERTAIN,0.5,UNCERTAIN
PMC6111644_01,Tuberculosis,0.5,UNCERTAIN,0.5,UNCERTAIN,0.5,UNCERTAIN,0.999999999955192,POSITIVE,0.5,UNCERTAIN,0.9999999999414717,POSITIVE,0.5,UNCERTAIN,0.5,UNCERTAIN,0.5,UNCERTAIN,0.5,UNCERTAIN,0.5,UNCERTAIN,0.5,UNCERTAIN,0.5,UNCERTAIN,0.5,UNCERTAIN,0.5,UNCERTAIN
PMC9170507_01,UNKNOWN (Insufficient Evidence),0.5,UNCERTAIN,0.9988334643200636,POSITIVE,0.5,UNCERTAIN,0.5,UNCERTAIN,0.5,UNCERTAIN,0.9987458547310324,POSITIVE,0.5,UNCERTAIN,0.5,UNCERTAIN,0.9981855547014358,POSITIVE,0.9984444806720881,POSITIVE,0.5,UNCERTAIN,0.5,UNCERTAIN,0.5,UNCERTAIN,0.5,UNCERTAIN,0.5,UNCERTAIN
PMC6796728_01,HIV_AIDS,0.5,UNCERTAIN,0.5,UNCERTAIN,0.5,UNCERTAIN,0.9999999926375517,POSITIVE,0.5,UNCERTAIN,0.9999999999414717,POSITIVE,0.5,UNCERTAIN,0.5,UNCERTAIN,0.5,UNCERTAIN,0.5,UNCERTAIN,0.9999884305059787,POSITIVE,0.5,UNCERTAIN,0.5,UNCERTAIN,0.5,UNCERTAIN,0.5,UNCERTAIN
PMC8182299_01,HIV_AIDS,0.9999980922441104,POSITIVE,0.9999984219434215,POSITIVE,0.5,UNCERTAIN,0.9999982180546787,POSITIVE,0.5,UNCERTAIN,0.9999999997843407,POSITIVE,0.5,UNCERTAIN,0.5,UNCERTAIN,0.5,UNCERTAIN,0.9999964171321384,POSITIVE,0.5,UNCERTAIN,0.5,UNCERTAIN,0.5,UNCERTAIN,0.5,UNCERTAIN,0.5,UNCERTAIN
PMC6215577_01,UNKNOWN (Insufficient Evidence),0.5,UNCERTAIN,0.5,UNCERTAIN,0.5,UNCERTAIN,0.5,UNCERTAIN,0.5,UNCERTAIN,0.9987458547310324,POSITIVE,0.5,UNCERTAIN,0.5,UNCERTAIN,0.5,UNCERTAIN,0.5,UNCERTAIN,0.5,UNCERTAIN,0.5,UNCERTAIN,0.5,UNCERTAIN,0.5,UNCERTAIN,0.5,UNCERTAIN
PMC8560288_01,Zika,0.5,UNCERTAIN,0.5,UNCERTAIN,0.5,UNCERTAIN,0.5,UNCERTAIN,0.5,UNCERTAIN,0.9987458547310324,POSITIVE,0.5,UNCERTAIN,0.9999595880676214,POSITIVE,0.5,UNCERTAIN,0.5,UNCERTAIN,0.5,UNCERTAIN,0.5,UNCERTAIN,0.5,UNCERTAIN,0.5,UNCERTAIN,0.5,UNCERTAIN
PMC2778135_01,HIV_AIDS,0.5,UNCERTAIN,0.5,UNCERTAIN,0.5,UNCERTAIN,0.9999982180546787,POSITIVE,0.5,UNCERTAIN,0.9999999892709824,POSITIVE,0.5,UNCERTAIN,0.5,UNCERTAIN,0.5,UNCERTAIN,0.5,UNCERTAIN,0.5,UNCERTAIN,0.5,UNCERTAIN,0.5,UNCERTAIN,0.5,UNCERTAIN,0.5,UNCERTAIN
PMC10321783_01,HIV_AIDS,0.5,UNCERTAIN,0.5,UNCERTAIN,0.5,UNCERTAIN,0.5,UNCERTAIN,0.999999987854959,POSITIVE,0.9999999892709824,POSITIVE,0.5,UNCERTAIN,0.5,UNCERTAIN,0.5,UNCERTAIN,0.5,UNCERTAIN,0.5,UNCERTAIN,0.5,UNCERTAIN,0.5,UNCERTAIN,0.5,UNCERTAIN,0.5,UNCERTAIN
PMC5569634_01,HIV_AIDS,0.9999980922441104,POSITIVE,0.9999984219434215,POSITIVE,0.999995718940084,POSITIVE,0.5,UNCERTAIN,0.5,UNCERTAIN,0.9999999999414717,POSITIVE,0.5,UNCERTAIN,0.5,UNCERTAIN,0.9999963107031327,POSITIVE,0.9999964171321384,POSITIVE,0.5,UNCERTAIN,0.5,UNCERTAIN,0.5,UNCERTAIN,0.5,UNCERTAIN,0.9999955604184251,POSITIVE
PMC5015792_01,UNKNOWN (Insufficient Evidence),0.5,UNCERTAIN,0.5,UNCERTAIN,0.9979865599175791,POSITIVE,0.5,UNCERTAIN,0.5,UNCERTAIN,0.9987458547310324,POSITIVE,0.5,UNCERTAIN,0.5,UNCERTAIN,0.5,UNCERTAIN,0.5,UNCERTAIN,0.5,UNCERTAIN,0.5,UNCERTAIN,0.5,UNCERTAIN,0.5,UNCERTAIN,0.5,UNCERTAIN
PMC3085326_01,HIV_AIDS,0.5,UNCERTAIN,0.5,UNCERTAIN,0.5,UNCERTAIN,0.9999982180546787,POSITIVE,0.5,UNCERTAIN,0.9999999892709824,POSITIVE,0.5,UNCERTAIN,0.5,UNCERTAIN,0.5,UNCERTAIN,0.5,UNCERTAIN,0.5,UNCERTAIN,0.5,UNCERTAIN,0.5,UNCERTAIN,0.5,UNCERTAIN,0.5,UNCERTAIN
PMC5422736_01,HIV_AIDS,0.9986499226313071,POSITIVE,0.9988334643200636,POSITIVE,0.5,UNCERTAIN,0.995885316449353,POSITIVE,0.5,UNCERTAIN,0.9999999648241626,POSITIVE,0.5,UNCERTAIN,0.5,UNCERTAIN,0.5,UNCERTAIN,0.9984444806720881,POSITIVE,0.5,UNCERTAIN,0.5,UNCERTAIN,0.5,UNCERTAIN,0.5,UNCERTAIN,0.5,UNCERTAIN
PMC4363670_01,HIV_AIDS,0.5,UNCERTAIN,0.5,UNCERTAIN,0.5,UNCERTAIN,0.9999982180546787,POSITIVE,0.5,UNCERTAIN,0.9999999892709824,POSITIVE,0.5,UNCERTAIN,0.5,UNCERTAIN,0.5,UNCERTAIN,0.5,UNCERTAIN,0.5,UNCERTAIN,0.5,UNCERTAIN,0.5,UNCERTAIN,0.9999966310815537,POSITIVE,0.5,UNCERTAIN
PMC3090653_01,HIV_AIDS,0.5,UNCERTAIN,0.9999984219434215,POSITIVE,0.5,UNCERTAIN,0.9999982180546787,POSITIVE,0.5,UNCERTAIN,0.9999999997843407,POSITIVE,0.5,UNCERTAIN,0.5,UNCERTAIN,0.5,UNCERTAIN,0.9999964171321384,POSITIVE,0.5,UNCERTAIN,0.9999843110861651,POSITIVE,0.5,UNCERTAIN,0.5,UNCERTAIN,0.5,UNCERTAIN
PMC8438790_01,UNKNOWN (Insufficient Evidence),0.9986499226313071,POSITIVE,0.5,UNCERTAIN,0.5,UNCERTAIN,0.5,UNCERTAIN,0.5,UNCERTAIN,0.9972298498857673,POSITIVE,0.5,UNCERTAIN,0.5,UNCERTAIN,0.5,UNCERTAIN,0.5,UNCERTAIN,0.5,UNCERTAIN,0.5,UNCERTAIN,0.5,UNCERTAIN,0.5,UNCERTAIN,0.5,UNCERTAIN
PMC3861361_01,UNKNOWN (Insufficient Evidence),0.5,UNCERTAIN,0.5,UNCERTAIN,0.5,UNCERTAIN,0.5,UNCERTAIN,0.5,UNCERTAIN,0.9999999438675821,POSITIVE,0.5,UNCERTAIN,0.5,UNCERTAIN,0.5,UNCERTAIN,0.5,UNCERTAIN,0.5,UNCERTAIN,0.5,UNCERTAIN,0.5,UNCERTAIN,0.5,UNCERTAIN,0.5,UNCERTAIN
PMC9109171_01,HIV_AIDS,0.5,UNCERTAIN,0.9999984219434215,POSITIVE,0.5,UNCERTAIN,0.5,UNCERTAIN,0.5,UNCERTAIN,0.9999999999414717,POSITIVE,0.5,UNCERTAIN,0.5,UNCERTAIN,0.9999963107031327,POSITIVE,0.9999964171321384,POSITIVE,0.5,UNCERTAIN,0.5,UNCERTAIN,0.5,UNCERTAIN,0.9999966310815537,POSITIVE,0.9999955604184251,POSITIVE
PMC8326784_01,HIV_AIDS,0.5,UNCERTAIN,0.5,UNCERTAIN,0.5,UNCERTAIN,0.5,UNCERTAIN,0.5,UNCERTAIN,0.9999999999414717,POSITIVE,0.5,UNCERTAIN,0.5,UNCERTAIN,0.5,UNCERTAIN,0.5,UNCERTAIN,0.5,UNCERTAIN,0.5,UNCERTAIN,0.5,UNCERTAIN,0.5,UNCERTAIN,0.5,UNCERTAIN
PMC8326784_02,HIV_AIDS,0.5,UNCERTAIN,0.5,UNCERTAIN,0.5,UNCERTAIN,0.9999982180546787,POSITIVE,0.5,UNCERTAIN,0.9999999886022101,POSITIVE,0.5,UNCERTAIN,0.5,UNCERTAIN,0.5,UNCERTAIN,0.5,UNCERTAIN,0.5,UNCERTAIN,0.5,UNCERTAIN,0.5,UNCERTAIN,0.5,UNCERTAIN,0.5,UNCERTAIN
PMC8326784_03,HIV_AIDS,0.5,UNCERTAIN,0.5,UNCERTAIN,0.5,UNCERTAIN,0.5,UNCERTAIN,0.5,UNCERTAIN,0.9999999999414717,POSITIVE,0.5,UNCERTAIN,0.5,UNCERTAIN,0.5,UNCERTAIN,0.5,UNCERTAIN,0.5,UNCERTAIN,0.5,UNCERTAIN,0.5,UNCERTAIN,0.5,UNCERTAIN,0.5,UNCERTAIN
PMC9755863_01,HIV_AIDS,0.5,UNCERTAIN,0.9999984219434215,POSITIVE,0.5,UNCERTAIN,0.9999982180546787,POSITIVE,0.5,UNCERTAIN,0.9999999886022101,POSITIVE,0.9999903165470853,POSITIVE,0.5,UNCERTAIN,0.5,UNCERTAIN,0.9999964171321384,POSITIVE,0.5,UNCERTAIN,0.5,UNCERTAIN,0.5,UNCERTAIN,0.5,UNCERTAIN,0.5,UNCERTAIN
PMC4804558_01,Tuberculosis,0.5,UNCERTAIN,0.5,UNCERTAIN,0.5,UNCERTAIN,0.9999999891550005,POSITIVE,0.5,UNCERTAIN,0.9999979106384406,POSITIVE,0.5,UNCERTAIN,0.5,UNCERTAIN,0.5,UNCERTAIN,0.5,UNCERTAIN,0.5,UNCERTAIN,0.5,UNCERTAIN,0.5,UNCERTAIN,0.5,UNCERTAIN,0.5,UNCERTAIN
PMC4804558_02,UNKNOWN (Insufficient Evidence),0.5,UNCERTAIN,0.5,UNCERTAIN,0.5,UNCERTAIN,0.9999982180546787,POSITIVE,0.5,UNCERTAIN,0.9999979106384406,POSITIVE,0.5,UNCERTAIN,0.5,UNCERTAIN,0.5,UNCERTAIN,0.5,UNCERTAIN,0.5,UNCERTAIN,0.5,UNCERTAIN,0.5,UNCERTAIN,0.5,UNCERTAIN,0.5,UNCERTAIN
PMC5528908_01,HIV_AIDS,0.5,UNCERTAIN,0.5,UNCERTAIN,0.5,UNCERTAIN,0.5,UNCERTAIN,0.5,UNCERTAIN,0.9999999999414717,POSITIVE,0.5,UNCERTAIN,0.5,UNCERTAIN,0.5,UNCERTAIN,0.5,UNCERTAIN,0.5,UNCERTAIN,0.5,UNCERTAIN,0.5,UNCERTAIN,0.5,UNCERTAIN,0.5,UNCERTAIN
PMC3735564_01,UNKNOWN (Insufficient Evidence),0.5,UNCERTAIN,0.5,UNCERTAIN,0.5,UNCERTAIN,0.9988075807076872,POSITIVE,0.5,UNCERTAIN,0.9987458547310324,POSITIVE,0.5,UNCERTAIN,0.5,UNCERTAIN,0.5,UNCERTAIN,0.5,UNCERTAIN,0.5,UNCERTAIN,0.5,UNCERTAIN,0.5,UNCERTAIN,0.5,UNCERTAIN,0.5,UNCERTAIN
PMC10365909_01,HIV_AIDS,0.5,UNCERTAIN,0.5,UNCERTAIN,0.5,UNCERTAIN,0.5,UNCERTAIN,0.5,UNCERTAIN,0.9999999886022101,POSITIVE,0.5,UNCERTAIN,0.5,UNCERTAIN,0.5,UNCERTAIN,0.5,UNCERTAIN,0.5,UNCERTAIN,0.5,UNCERTAIN,0.5,UNCERTAIN,0.5,UNCERTAIN,0.5,UNCERTAIN
PMC6532492_01,UNKNOWN (Insufficient Evidence),0.5,UNCERTAIN,0.5,UNCERTAIN,0.5,UNCERTAIN,0.5,UNCERTAIN,0.5,UNCERTAIN,0.999999999993845,POSITIVE,0.5,UNCERTAIN,0.5,UNCERTAIN,0.5,UNCERTAIN,0.5,UNCERTAIN,0.5,UNCERTAIN,0.5,UNCERTAIN,0.5,UNCERTAIN,0.5,UNCERTAIN,0.5,UNCERTAIN
PMC6532492_02,HIV_AIDS,0.5,UNCERTAIN,0.5,UNCERTAIN,0.5,UNCERTAIN,0.5,UNCERTAIN,0.5,UNCERTAIN,0.9999931499139199,POSITIVE,0.5,UNCERTAIN,0.5,UNCERTAIN,0.5,UNCERTAIN,0.5,UNCERTAIN,0.5,UNCERTAIN,0.5,UNCERTAIN,0.5,UNCERTAIN,0.5,UNCERTAIN,0.5,UNCERTAIN
PMC6739527_01,Tuberculosis,0.5,UNCERTAIN,0.9999984219434215,POSITIVE,0.5,UNCERTAIN,0.999999999955192,POSITIVE,0.5,UNCERTAIN,0.9999999999414717,POSITIVE,0.5,UNCERTAIN,0.5,UNCERTAIN,0.9999963107031327,POSITIVE,0.9999964171321384,POSITIVE,0.5,UNCERTAIN,0.5,UNCERTAIN,0.5,UNCERTAIN,0.5,UNCERTAIN,0.5,UNCERTAIN
PMC10192905_01,UNKNOWN (Insufficient Evidence),0.4995322228842786,UNCERTAIN,0.3203927069469911,NEGATIVE,0.31523947935045293,NEGATIVE,0.9999963500036565,POSITIVE,0.9986631009930288,POSITIVE,0.9999999698770542,POSITIVE,0.3606335027059405,NEGATIVE,0.47915927757263405,UNCERTAIN,0.6313990075547944,POSITIVE,0.6476104726216728,POSITIVE,0.37350614168368484,NEGATIVE,0.49582222886164945,UNCERTAIN,0.7845133387690117,POSITIVE,0.41244856790741624,UNCERTAIN,0.46641277567978456,UNCERTAIN
PMC9082236_01,Tuberculosis,0.5,UNCERTAIN,0.5,UNCERTAIN,0.5,UNCERTAIN,0.9999950674427663,POSITIVE,0.5,UNCERTAIN,0.5,UNCERTAIN,0.5,UNCERTAIN,0.5,UNCERTAIN,0.5,UNCERTAIN,0.5,UNCERTAIN,0.5,UNCERTAIN,0.5,UNCERTAIN,0.5,UNCERTAIN,0.5,UNCERTAIN,0.5,UNCERTAIN
PMC9082236_03,Tuberculosis,0.5,UNCERTAIN,0.5,UNCERTAIN,0.5,UNCERTAIN,0.9999999926375517,POSITIVE,0.5,UNCERTAIN,0.5,UNCERTAIN,0.5,UNCERTAIN,0.5,UNCERTAIN,0.5,UNCERTAIN,0.5,UNCERTAIN,0.5,UNCERTAIN,0.5,UNCERTAIN,0.5,UNCERTAIN,0.5,UNCERTAIN,0.5,UNCERTAIN
PMC9082236_04,HIV_AIDS,0.5,UNCERTAIN,0.5,UNCERTAIN,0.5,UNCERTAIN,0.9999950674427663,POSITIVE,0.5,UNCERTAIN,0.9999999648241626,POSITIVE,0.5,UNCERTAIN,0.5,UNCERTAIN,0.5,UNCERTAIN,0.5,UNCERTAIN,0.5,UNCERTAIN,0.5,UNCERTAIN,0.5,UNCERTAIN,0.5,UNCERTAIN,0.5,UNCERTAIN
PMC10293939_01,UNKNOWN (Insufficient Evidence),0.9999980886711564,POSITIVE,0.3203927069469911,NEGATIVE,0.31523947935045293,NEGATIVE,0.9999986813962269,POSITIVE,0.5121104272794513,UNCERTAIN,0.9999982107677212,POSITIVE,0.3606335027059405,NEGATIVE,0.47915927757263405,UNCERTAIN,0.6313990075547944,POSITIVE,0.6476104726216728,POSITIVE,0.37350614168368484,NEGATIVE,0.49582222886164945,UNCERTAIN,0.7845133387690117,POSITIVE,0.41244856790741624,UNCERTAIN,0.46641277567978456,UNCERTAIN
PMC7723371_01,COVID-19,0.5,UNCERTAIN,0.5,UNCERTAIN,0.5,UNCERTAIN,0.5,UNCERTAIN,0.9999936558397975,POSITIVE,0.9987458547310324,POSITIVE,0.5,UNCERTAIN,0.5,UNCERTAIN,0.5,UNCERTAIN,0.5,UNCERTAIN,0.5,UNCERTAIN,0.5,UNCERTAIN,0.5,UNCERTAIN,0.5,UNCERTAIN,0.5,UNCERTAIN
PMC10377551_01,UNKNOWN (Insufficient Evidence),0.5,UNCERTAIN,0.5,UNCERTAIN,0.5,UNCERTAIN,0.5,UNCERTAIN,0.998596824929277,POSITIVE,0.9987458547310324,POSITIVE,0.5,UNCERTAIN,0.5,UNCERTAIN,0.5,UNCERTAIN,0.5,UNCERTAIN,0.5,UNCERTAIN,0.5,UNCERTAIN,0.5,UNCERTAIN,0.5,UNCERTAIN,0.5,UNCERTAIN
PMC4414437_01,UNKNOWN (Insufficient Evidence),0.5,UNCERTAIN,0.5,UNCERTAIN,0.5,UNCERTAIN,0.9988075807076872,POSITIVE,0.5,UNCERTAIN,0.9999662652519811,POSITIVE,0.5,UNCERTAIN,0.5,UNCERTAIN,0.5,UNCERTAIN,0.5,UNCERTAIN,0.5,UNCERTAIN,0.5,UNCERTAIN,0.5,UNCERTAIN,0.5,UNCERTAIN,0.5,UNCERTAIN
PMC8280840_01,HIV_AIDS,0.5,UNCERTAIN,0.5,UNCERTAIN,0.5,UNCERTAIN,0.5,UNCERTAIN,0.5,UNCERTAIN,0.9999935518443837,POSITIVE,0.5,UNCERTAIN,0.5,UNCERTAIN,0.5,UNCERTAIN,0.5,UNCERTAIN,0.5,UNCERTAIN,0.5,UNCERTAIN,0.5,UNCERTAIN,0.5,UNCERTAIN,0.5,UNCERTAIN
PMC8280840_03,UNKNOWN (Insufficient Evidence),0.5,UNCERTAIN,0.5,UNCERTAIN,0.5,UNCERTAIN,0.5,UNCERTAIN,0.5,UNCERTAIN,0.9987458547310324,POSITIVE,0.5,UNCERTAIN,0.5,UNCERTAIN,0.5,UNCERTAIN,0.5,UNCERTAIN,0.5,UNCERTAIN,0.5,UNCERTAIN,0.9842146314491133,POSITIVE,0.5,UNCERTAIN,0.5,UNCERTAIN
PMC8280840_05,UNKNOWN (Insufficient Evidence),0.5,UNCERTAIN,0.5,UNCERTAIN,0.5,UNCERTAIN,0.5,UNCERTAIN,0.5,UNCERTAIN,0.9987458547310324,POSITIVE,0.5,UNCERTAIN,0.5,UNCERTAIN,0.5,UNCERTAIN,0.5,UNCERTAIN,0.5,UNCERTAIN,0.5,UNCERTAIN,0.5,UNCERTAIN,0.5,UNCERTAIN,0.5,UNCERTAIN
PMC3872017_01,HIV_AIDS,0.5,UNCERTAIN,0.9999984219434215,POSITIVE,0.5,UNCERTAIN,0.9999982180546787,POSITIVE,0.5,UNCERTAIN,0.9999999886022101,POSITIVE,0.5,UNCERTAIN,0.5,UNCERTAIN,0.5,UNCERTAIN,0.5,UNCERTAIN,0.5,UNCERTAIN,0.5,UNCERTAIN,0.5,UNCERTAIN,0.5,UNCERTAIN,0.5,UNCERTAIN
PMC3505658_01,HIV_AIDS,0.5,UNCERTAIN,0.9999984219434215,POSITIVE,0.5,UNCERTAIN,0.9999982180546787,POSITIVE,0.5,UNCERTAIN,0.9999999886022101,POSITIVE,0.5,UNCERTAIN,0.5,UNCERTAIN,0.5,UNCERTAIN,0.9999999852041529,POSITIVE,0.5,UNCERTAIN,0.5,UNCERTAIN,0.5,UNCERTAIN,0.5,UNCERTAIN,0.5,UNCERTAIN
PMC5347410_01,HIV_AIDS,0.5,UNCERTAIN,0.5,UNCERTAIN,0.5,UNCERTAIN,0.5,UNCERTAIN,0.5,UNCERTAIN,0.9999935518443837,POSITIVE,0.5,UNCERTAIN,0.5,UNCERTAIN,0.5,UNCERTAIN,0.5,UNCERTAIN,0.5,UNCERTAIN,0.5,UNCERTAIN,0.5,UNCERTAIN,0.5,UNCERTAIN,0.5,UNCERTAIN
PMC5007318_01,HIV_AIDS,0.5,UNCERTAIN,0.5,UNCERTAIN,0.5,UNCERTAIN,0.9999999891550005,POSITIVE,0.9999973100599163,POSITIVE,0.9999999892709824,POSITIVE,0.5,UNCERTAIN,0.5,UNCERTAIN,0.5,UNCERTAIN,0.5,UNCERTAIN,0.5,UNCERTAIN,0.5,UNCERTAIN,0.5,UNCERTAIN,0.5,UNCERTAIN,0.5,UNCERTAIN
PMC9359805_01,HIV_AIDS,0.5,UNCERTAIN,0.9999984219434215,POSITIVE,0.5,UNCERTAIN,0.9999982180546787,POSITIVE,0.5,UNCERTAIN,0.9999999886022101,POSITIVE,0.5,UNCERTAIN,0.5,UNCERTAIN,0.5,UNCERTAIN,0.5,UNCERTAIN,0.5,UNCERTAIN,0.5,UNCERTAIN,0.5,UNCERTAIN,0.5,UNCERTAIN,0.5,UNCERTAIN
PMC3473972_01,UNKNOWN (Insufficient Evidence),0.5,UNCERTAIN,0.5,UNCERTAIN,0.5,UNCERTAIN,0.5,UNCERTAIN,0.5,UNCERTAIN,0.9999999438675821,POSITIVE,0.5,UNCERTAIN,0.5,UNCERTAIN,0.5,UNCERTAIN,0.5,UNCERTAIN,0.5,UNCERTAIN,0.5,UNCERTAIN,0.5,UNCERTAIN,0.5,UNCERTAIN,0.5,UNCERTAIN
PMC3473972_02,UNKNOWN (Insufficient Evidence),0.5,UNCERTAIN,0.5,UNCERTAIN,0.5,UNCERTAIN,0.5,UNCERTAIN,0.5,UNCERTAIN,0.9999979106384406,POSITIVE,0.5,UNCERTAIN,0.5,UNCERTAIN,0.5,UNCERTAIN,0.5,UNCERTAIN,0.5,UNCERTAIN,0.5,UNCERTAIN,0.5,UNCERTAIN,0.5,UNCERTAIN,0.5,UNCERTAIN
PMC7570771_01,HIV_AIDS,0.5,UNCERTAIN,0.9999984219434215,POSITIVE,0.5,UNCERTAIN,0.5,UNCERTAIN,0.9999973100599163,POSITIVE,0.9999999886022101,POSITIVE,0.5,UNCERTAIN,0.5,UNCERTAIN,0.5,UNCERTAIN,0.5,UNCERTAIN,0.5,UNCERTAIN,0.5,UNCERTAIN,0.5,UNCERTAIN,0.5,UNCERTAIN,0.5,UNCERTAIN
PMC7570771_05,HIV_AIDS,0.5,UNCERTAIN,0.5,UNCERTAIN,0.5,UNCERTAIN,0.5,UNCERTAIN,0.5,UNCERTAIN,0.9999935518443837,POSITIVE,0.5,UNCERTAIN,0.5,UNCERTAIN,0.5,UNCERTAIN,0.5,UNCERTAIN,0.5,UNCERTAIN,0.996235782685246,POSITIVE,0.5,UNCERTAIN,0.5,UNCERTAIN,0.5,UNCERTAIN
PMC8549385_01,Tuberculosis,0.5,UNCERTAIN,0.5,UNCERTAIN,0.5,UNCERTAIN,0.999999999955192,POSITIVE,0.5,UNCERTAIN,0.9999999999414717,POSITIVE,0.5,UNCERTAIN,0.5,UNCERTAIN,0.5,UNCERTAIN,0.5,UNCERTAIN,0.5,UNCERTAIN,0.5,UNCERTAIN,0.5,UNCERTAIN,0.5,UNCERTAIN,0.5,UNCERTAIN
PMC3420709_01,HIV_AIDS,0.5,UNCERTAIN,0.5,UNCERTAIN,0.5,UNCERTAIN,0.5,UNCERTAIN,0.5,UNCERTAIN,0.9999999992929459,POSITIVE,0.5,UNCERTAIN,0.5,UNCERTAIN,0.5,UNCERTAIN,0.5,UNCERTAIN,0.5,UNCERTAIN,0.5,UNCERTAIN,0.5,UNCERTAIN,0.5,UNCERTAIN,0.5,UNCERTAIN
PMC7580132_04,UNKNOWN (Insufficient Evidence),0.5,UNCERTAIN,0.5,UNCERTAIN,0.5,UNCERTAIN,0.5,UNCERTAIN,0.5,UNCERTAIN,0.9987458547310324,POSITIVE,0.9969147378167993,POSITIVE,0.5,UNCERTAIN,0.5,UNCERTAIN,0.5,UNCERTAIN,0.5,UNCERTAIN,0.5,UNCERTAIN,0.5,UNCERTAIN,0.5,UNCERTAIN,0.5,UNCERTAIN
PMC7580132_06,UNKNOWN (Insufficient Evidence),0.5,UNCERTAIN,0.5,UNCERTAIN,0.5,UNCERTAIN,0.5,UNCERTAIN,0.9999973100599163,POSITIVE,0.9999979106384406,POSITIVE,0.9999903165470853,POSITIVE,0.5,UNCERTAIN,0.5,UNCERTAIN,0.5,UNCERTAIN,0.5,UNCERTAIN,0.5,UNCERTAIN,0.9999847361101836,POSITIVE,0.5,UNCERTAIN,0.5,UNCERTAIN
PMC9421359_01,HIV_AIDS,0.5,UNCERTAIN,0.5,UNCERTAIN,0.5,UNCERTAIN,0.9999982180546787,POSITIVE,0.5,UNCERTAIN,0.9999999886022101,POSITIVE,0.5,UNCERTAIN,0.5,UNCERTAIN,0.5,UNCERTAIN,0.5,UNCERTAIN,0.5,UNCERTAIN,0.5,UNCERTAIN,0.5,UNCERTAIN,0.5,UNCERTAIN,0.5,UNCERTAIN
PMC7303543_01,UNKNOWN (Insufficient Evidence),0.5,UNCERTAIN,0.5,UNCERTAIN,0.5,UNCERTAIN,0.5,UNCERTAIN,0.5,UNCERTAIN,0.9987458547310324,POSITIVE,0.5,UNCERTAIN,0.5,UNCERTAIN,0.5,UNCERTAIN,0.5,UNCERTAIN,0.5,UNCERTAIN,0.5,UNCERTAIN,0.5,UNCERTAIN,0.5,UNCERTAIN,0.5,UNCERTAIN
PMC3033331_01,HIV_AIDS,0.5,UNCERTAIN,0.5,UNCERTAIN,0.5,UNCERTAIN,0.995885316449353,POSITIVE,0.5,UNCERTAIN,0.9999999999414717,POSITIVE,0.5,UNCERTAIN,0.5,UNCERTAIN,0.5,UNCERTAIN,0.5,UNCERTAIN,0.5,UNCERTAIN,0.5,UNCERTAIN,0.5,UNCERTAIN,0.5,UNCERTAIN,0.5,UNCERTAIN
PMC2878410_01,Tuberculosis,0.5,UNCERTAIN,0.5,UNCERTAIN,0.5,UNCERTAIN,0.999999999955192,POSITIVE,0.5,UNCERTAIN,0.9999979106384406,POSITIVE,0.5,UNCERTAIN,0.5,UNCERTAIN,0.5,UNCERTAIN,0.5,UNCERTAIN,0.5,UNCERTAIN,0.5,UNCERTAIN,0.5,UNCERTAIN,0.5,UNCERTAIN,0.5,UNCERTAIN
PMC8421329_01,HIV_AIDS,0.5,UNCERTAIN,0.5,UNCERTAIN,0.5,UNCERTAIN,0.9999982180546787,POSITIVE,0.9999973100599163,POSITIVE,0.9999999999414717,POSITIVE,0.5,UNCERTAIN,0.5,UNCERTAIN,0.5,UNCERTAIN,0.5,UNCERTAIN,0.5,UNCERTAIN,0.5,UNCERTAIN,0.5,UNCERTAIN,0.5,UNCERTAIN,0.5,UNCERTAIN
PMC8278854_01,UNKNOWN (Insufficient Evidence),0.5,UNCERTAIN,0.5,UNCERTAIN,0.5,UNCERTAIN,0.9999102885401702,POSITIVE,0.5,UNCERTAIN,0.9987458547310324,POSITIVE,0.5,UNCERTAIN,0.5,UNCERTAIN,0.5,UNCERTAIN,0.5,UNCERTAIN,0.5,UNCERTAIN,0.5,UNCERTAIN,0.5,UNCERTAIN,0.9981947955627861,POSITIVE,0.5,UNCERTAIN
PMC7171606_01,UNKNOWN (Insufficient Evidence),0.5,UNCERTAIN,0.5,UNCERTAIN,0.5,UNCERTAIN,0.5,UNCERTAIN,0.5,UNCERTAIN,0.9987458547310324,POSITIVE,0.5,UNCERTAIN,0.5,UNCERTAIN,0.5,UNCERTAIN,0.5,UNCERTAIN,0.5,UNCERTAIN,0.5,UNCERTAIN,0.5,UNCERTAIN,0.5,UNCERTAIN,0.5,UNCERTAIN
PMC7171606_02,HIV_AIDS,0.5,UNCERTAIN,0.5,UNCERTAIN,0.5,UNCERTAIN,0.5,UNCERTAIN,0.5,UNCERTAIN,0.9999999999414717,POSITIVE,0.5,UNCERTAIN,0.5,UNCERTAIN,0.5,UNCERTAIN,0.5,UNCERTAIN,0.5,UNCERTAIN,0.5,UNCERTAIN,0.5,UNCERTAIN,0.5,UNCERTAIN,0.5,UNCERTAIN
PMC8371664_01,UNKNOWN (Insufficient Evidence),0.5,UNCERTAIN,0.5,UNCERTAIN,0.999995718940084,POSITIVE,0.5,UNCERTAIN,0.5,UNCERTAIN,0.9999979106384406,POSITIVE,0.5,UNCERTAIN,0.5,UNCERTAIN,0.5,UNCERTAIN,0.5,UNCERTAIN,0.5,UNCERTAIN,0.5,UNCERTAIN,0.5,UNCERTAIN,0.5,UNCERTAIN,0.5,UNCERTAIN
PMC5843205_01,UNKNOWN (Insufficient Evidence),0.5,UNCERTAIN,0.5,UNCERTAIN,0.5,UNCERTAIN,0.5,UNCERTAIN,0.5,UNCERTAIN,0.9987458547310324,POSITIVE,0.5,UNCERTAIN,0.5,UNCERTAIN,0.5,UNCERTAIN,0.5,UNCERTAIN,0.5,UNCERTAIN,0.5,UNCERTAIN,0.5,UNCERTAIN,0.5,UNCERTAIN,0.5,UNCERTAIN
PMC6556212_01,HIV_AIDS,0.5,UNCERTAIN,0.9999984219434215,POSITIVE,0.5,UNCERTAIN,0.9999982180546787,POSITIVE,0.5,UNCERTAIN,0.9999999999414717,POSITIVE,0.5,UNCERTAIN,0.5,UNCERTAIN,0.5,UNCERTAIN,0.5,UNCERTAIN,0.5,UNCERTAIN,0.5,UNCERTAIN,0.5,UNCERTAIN,0.9999966310815537,POSITIVE,0.5,UNCERTAIN
PMC10420095_01,UNKNOWN (Insufficient Evidence),0.5,UNCERTAIN,0.5,UNCERTAIN,0.999821750731752,POSITIVE,0.9988075807076872,POSITIVE,0.998596824929277,POSITIVE,0.9987458547310324,POSITIVE,0.5,UNCERTAIN,0.5,UNCERTAIN,0.5,UNCERTAIN,0.5,UNCERTAIN,0.5,UNCERTAIN,0.5,UNCERTAIN,0.5,UNCERTAIN,0.5,UNCERTAIN,0.5,UNCERTAIN
PMC3844251_01,HIV_AIDS,0.5,UNCERTAIN,0.5,UNCERTAIN,0.5,UNCERTAIN,0.9999999994466984,POSITIVE,0.5,UNCERTAIN,0.9999999892709824,POSITIVE,0.5,UNCERTAIN,0.5,UNCERTAIN,0.5,UNCERTAIN,0.5,UNCERTAIN,0.5,UNCERTAIN,0.5,UNCERTAIN,0.5,UNCERTAIN,0.5,UNCERTAIN,0.5,UNCERTAIN
PMC3844251_02,HIV_AIDS,0.5,UNCERTAIN,0.5,UNCERTAIN,0.5,UNCERTAIN,0.9999982180546787,POSITIVE,0.5,UNCERTAIN,0.9999999886022101,POSITIVE,0.5,UNCERTAIN,0.5,UNCERTAIN,0.5,UNCERTAIN,0.5,UNCERTAIN,0.5,UNCERTAIN,0.5,UNCERTAIN,0.5,UNCERTAIN,0.5,UNCERTAIN,0.5,UNCERTAIN
PMC3938368_01,HIV_AIDS,0.5,UNCERTAIN,0.9988334643200636,POSITIVE,0.5,UNCERTAIN,0.9988075807076872,POSITIVE,0.5,UNCERTAIN,0.9999931499139199,POSITIVE,0.5,UNCERTAIN,0.5,UNCERTAIN,0.9981855547014358,POSITIVE,0.9984444806720881,POSITIVE,0.5,UNCERTAIN,0.5,UNCERTAIN,0.5,UNCERTAIN,0.5,UNCERTAIN,0.5,UNCERTAIN
PMC6374990_01,HIV_AIDS,0.9999980922441104,POSITIVE,0.5,UNCERTAIN,0.5,UNCERTAIN,0.9999999891550005,POSITIVE,0.5,UNCERTAIN,0.9999999892709824,POSITIVE,0.5,UNCERTAIN,0.5,UNCERTAIN,0.5,UNCERTAIN,0.5,UNCERTAIN,0.5,UNCERTAIN,0.5,UNCERTAIN,0.5,UNCERTAIN,0.5,UNCERTAIN,0.5,UNCERTAIN
PMC4549335_01,HIV_AIDS,0.5,UNCERTAIN,0.9988334643200636,POSITIVE,0.36389282382704324,NEGATIVE,0.5,UNCERTAIN,0.5,UNCERTAIN,0.9999999648241626,POSITIVE,0.5,UNCERTAIN,0.5,UNCERTAIN,0.9981855547014358,POSITIVE,0.9999935663683562,POSITIVE,0.5,UNCERTAIN,0.5,UNCERTAIN,0.5,UNCERTAIN,0.5,UNCERTAIN,0.5,UNCERTAIN
PMC4415315_01,UNKNOWN (Insufficient Evidence),0.4995322228842786,UNCERTAIN,0.3203927069469911,NEGATIVE,0.31523947935045293,NEGATIVE,0.5747193862290804,UNCERTAIN,0.5121104272794513,UNCERTAIN,0.9999941339001608,POSITIVE,0.3606335027059405,NEGATIVE,0.47915927757263405,UNCERTAIN,0.6313990075547944,POSITIVE,0.6476104726216728,POSITIVE,0.37350614168368484,NEGATIVE,0.49582222886164945,UNCERTAIN,0.7845133387690117,POSITIVE,0.41244856790741624,UNCERTAIN,0.46641277567978456,UNCERTAIN
PMC9091447_01,HIV_AIDS,0.5,UNCERTAIN,0.5,UNCERTAIN,0.9979865599175791,POSITIVE,0.5,UNCERTAIN,0.5,UNCERTAIN,0.9999931499139199,POSITIVE,0.5,UNCERTAIN,0.5,UNCERTAIN,0.5,UNCERTAIN,0.5,UNCERTAIN,0.5,UNCERTAIN,0.5,UNCERTAIN,0.5,UNCERTAIN,0.5,UNCERTAIN,0.5,UNCERTAIN
PMC9091447_02,HIV_AIDS,0.5,UNCERTAIN,0.5,UNCERTAIN,0.9979865599175791,POSITIVE,0.5,UNCERTAIN,0.5,UNCERTAIN,0.9999931499139199,POSITIVE,0.5,UNCERTAIN,0.5,UNCERTAIN,0.5,UNCERTAIN,0.5,UNCERTAIN,0.5,UNCERTAIN,0.5,UNCERTAIN,0.5,UNCERTAIN,0.5,UNCERTAIN,0.5,UNCERTAIN
PMC6357707_01,UNKNOWN (Insufficient Evidence),0.5,UNCERTAIN,0.5,UNCERTAIN,0.5,UNCERTAIN,0.5,UNCERTAIN,0.5,UNCERTAIN,0.9999979106384406,POSITIVE,0.5,UNCERTAIN,0.5,UNCERTAIN,0.5,UNCERTAIN,0.5,UNCERTAIN,0.5,UNCERTAIN,0.5,UNCERTAIN,0.5,UNCERTAIN,0.5,UNCERTAIN,0.5,UNCERTAIN
PMC4903138_01,HIV_AIDS,0.5,UNCERTAIN,0.5,UNCERTAIN,0.5,UNCERTAIN,0.9999982180546787,POSITIVE,0.5,UNCERTAIN,0.9999999999414717,POSITIVE,0.9999903165470853,POSITIVE,0.5,UNCERTAIN,0.5,UNCERTAIN,0.9999964171321384,POSITIVE,0.5,UNCERTAIN,0.5,UNCERTAIN,0.5,UNCERTAIN,0.5,UNCERTAIN,0.5,UNCERTAIN
PMC5478159_01,UNKNOWN (Insufficient Evidence),0.9999980922441104,POSITIVE,0.9999984219434215,POSITIVE,0.5,UNCERTAIN,0.5,UNCERTAIN,0.5,UNCERTAIN,0.9999979106384406,POSITIVE,0.5,UNCERTAIN,0.5,UNCERTAIN,0.5,UNCERTAIN,0.5,UNCERTAIN,0.5,UNCERTAIN,0.5,UNCERTAIN,0.5,UNCERTAIN,0.5,UNCERTAIN,0.5,UNCERTAIN
PMC4642844_01,HIV_AIDS,0.5,UNCERTAIN,0.5,UNCERTAIN,0.5,UNCERTAIN,0.5,UNCERTAIN,0.5,UNCERTAIN,0.9999999648241626,POSITIVE,0.5,UNCERTAIN,0.9972270688059729,POSITIVE,0.5,UNCERTAIN,0.5,UNCERTAIN,0.5,UNCERTAIN,0.5,UNCERTAIN,0.5,UNCERTAIN,0.5,UNCERTAIN,0.5,UNCERTAIN
PMC9902066_01,HIV_AIDS,0.5,UNCERTAIN,0.5,UNCERTAIN,0.5,UNCERTAIN,0.9999982180546787,POSITIVE,0.5,UNCERTAIN,0.9999999886022101,POSITIVE,0.5,UNCERTAIN,0.5,UNCERTAIN,0.5,UNCERTAIN,0.5,UNCERTAIN,0.5,UNCERTAIN,0.5,UNCERTAIN,0.5,UNCERTAIN,0.5,UNCERTAIN,0.5,UNCERTAIN
PMC10331026_01,Tuberculosis,0.5,UNCERTAIN,0.5,UNCERTAIN,0.5,UNCERTAIN,0.9999999926375517,POSITIVE,0.5,UNCERTAIN,0.9999999892709824,POSITIVE,0.5,UNCERTAIN,0.5,UNCERTAIN,0.5,UNCERTAIN,0.5,UNCERTAIN,0.5,UNCERTAIN,0.5,UNCERTAIN,0.5,UNCERTAIN,0.5,UNCERTAIN,0.5,UNCERTAIN
PMC9356588_01,UNKNOWN (Insufficient Evidence),0.5,UNCERTAIN,0.9988334643200636,POSITIVE,0.5,UNCERTAIN,0.9988075807076872,POSITIVE,0.5,UNCERTAIN,0.5,UNCERTAIN,0.5,UNCERTAIN,0.5,UNCERTAIN,0.5,UNCERTAIN,0.9984444806720881,POSITIVE,0.5,UNCERTAIN,0.5,UNCERTAIN,0.5,UNCERTAIN,0.5,UNCERTAIN,0.5,UNCERTAIN
PMC9356588_02,Tuberculosis,0.5,UNCERTAIN,0.5,UNCERTAIN,0.5,UNCERTAIN,0.9999950674427663,POSITIVE,0.5,UNCERTAIN,0.9999931499139199,POSITIVE,0.5,UNCERTAIN,0.5,UNCERTAIN,0.5,UNCERTAIN,0.5,UNCERTAIN,0.5,UNCERTAIN,0.5,UNCERTAIN,0.5,UNCERTAIN,0.5,UNCERTAIN,0.5,UNCERTAIN
PMC9371859_01,HIV_AIDS,0.5,UNCERTAIN,0.5,UNCERTAIN,0.5,UNCERTAIN,0.5,UNCERTAIN,0.5,UNCERTAIN,0.9999935518443837,POSITIVE,0.5,UNCERTAIN,0.5,UNCERTAIN,0.5,UNCERTAIN,0.5,UNCERTAIN,0.5,UNCERTAIN,0.5,UNCERTAIN,0.5,UNCERTAIN,0.5,UNCERTAIN,0.5,UNCERTAIN
PMC10132291_01,HIV_AIDS,0.5,UNCERTAIN,0.9999984219434215,POSITIVE,0.5,UNCERTAIN,0.5,UNCERTAIN,0.9999973100599163,POSITIVE,0.9999999999414717,POSITIVE,0.5,UNCERTAIN,0.5,UNCERTAIN,0.5,UNCERTAIN,0.5,UNCERTAIN,0.5,UNCERTAIN,0.5,UNCERTAIN,0.9999847361101836,POSITIVE,0.5,UNCERTAIN,0.5,UNCERTAIN
PMC6533965_01,HIV_AIDS,0.5,UNCERTAIN,0.5,UNCERTAIN,0.5,UNCERTAIN,0.5,UNCERTAIN,0.5,UNCERTAIN,0.9999999892709824,POSITIVE,0.5,UNCERTAIN,0.5,UNCERTAIN,0.5,UNCERTAIN,0.5,UNCERTAIN,0.5,UNCERTAIN,0.5,UNCERTAIN,0.5,UNCERTAIN,0.5,UNCERTAIN,0.5,UNCERTAIN
PMC9354256_01,HIV_AIDS,0.5,UNCERTAIN,0.5,UNCERTAIN,0.5,UNCERTAIN,0.5,UNCERTAIN,0.998596824929277,POSITIVE,0.9999931499139199,POSITIVE,0.5,UNCERTAIN,0.5,UNCERTAIN,0.5,UNCERTAIN,0.5,UNCERTAIN,0.5,UNCERTAIN,0.5,UNCERTAIN,0.5,UNCERTAIN,0.5,UNCERTAIN,0.5,UNCERTAIN
PMC9034561_01,HIV_AIDS,0.5,UNCERTAIN,0.9999984219434215,POSITIVE,0.5,UNCERTAIN,0.9999982180546787,POSITIVE,0.5,UNCERTAIN,0.9999999999414717,POSITIVE,0.5,UNCERTAIN,0.5,UNCERTAIN,0.5,UNCERTAIN,0.9999964171321384,POSITIVE,0.5,UNCERTAIN,0.5,UNCERTAIN,0.5,UNCERTAIN,0.5,UNCERTAIN,0.5,UNCERTAIN
PMC9034561_02,Tuberculosis,0.5,UNCERTAIN,0.9999984219434215,POSITIVE,0.5,UNCERTAIN,0.9999999926375517,POSITIVE,0.5,UNCERTAIN,0.9999999580025705,POSITIVE,0.5,UNCERTAIN,0.5,UNCERTAIN,0.5,UNCERTAIN,0.9999964171321384,POSITIVE,0.5,UNCERTAIN,0.5,UNCERTAIN,0.5,UNCERTAIN,0.5,UNCERTAIN,0.5,UNCERTAIN
PMC9034561_03,UNKNOWN (Insufficient Evidence),0.5,UNCERTAIN,0.5,UNCERTAIN,0.5,UNCERTAIN,0.9999982180546787,POSITIVE,0.5,UNCERTAIN,0.9999979106384406,POSITIVE,0.5,UNCERTAIN,0.5,UNCERTAIN,0.5,UNCERTAIN,0.5,UNCERTAIN,0.5,UNCERTAIN,0.5,UNCERTAIN,0.5,UNCERTAIN,0.5,UNCERTAIN,0.5,UNCERTAIN
PMC9034561_04,UNKNOWN (Insufficient Evidence),0.5,UNCERTAIN,0.5,UNCERTAIN,0.5,UNCERTAIN,0.5,UNCERTAIN,0.5,UNCERTAIN,0.9999979106384406,POSITIVE,0.5,UNCERTAIN,0.5,UNCERTAIN,0.5,UNCERTAIN,0.5,UNCERTAIN,0.5,UNCERTAIN,0.5,UNCERTAIN,0.5,UNCERTAIN,0.5,UNCERTAIN,0.5,UNCERTAIN
PMC5429921_01,HIV_AIDS,0.9999980922441104,POSITIVE,0.9999984219434215,POSITIVE,0.5,UNCERTAIN,0.9999982180546787,POSITIVE,0.9999973100599163,POSITIVE,0.9999999886022101,POSITIVE,0.5,UNCERTAIN,0.5,UNCERTAIN,0.5,UNCERTAIN,0.9999964171321384,POSITIVE,0.5,UNCERTAIN,0.5,UNCERTAIN,0.5,UNCERTAIN,0.5,UNCERTAIN,0.5,UNCERTAIN
PMC9282698_01,HIV_AIDS,0.5,UNCERTAIN,0.5,UNCERTAIN,0.5,UNCERTAIN,0.9999982180546787,POSITIVE,0.5,UNCERTAIN,0.9999999886022101,POSITIVE,0.5,UNCERTAIN,0.5,UNCERTAIN,0.5,UNCERTAIN,0.5,UNCERTAIN,0.5,UNCERTAIN,0.5,UNCERTAIN,0.5,UNCERTAIN,0.5,UNCERTAIN,0.5,UNCERTAIN
PMC7529184_01,UNKNOWN (Insufficient Evidence),0.5,UNCERTAIN,0.5,UNCERTAIN,0.5,UNCERTAIN,0.5,UNCERTAIN,0.5,UNCERTAIN,0.9987458547310324,POSITIVE,0.5,UNCERTAIN,0.5,UNCERTAIN,0.5,UNCERTAIN,0.5,UNCERTAIN,0.5,UNCERTAIN,0.5,UNCERTAIN,0.5,UNCERTAIN,0.5,UNCERTAIN,0.5,UNCERTAIN
PMC7529184_02,UNKNOWN (Insufficient Evidence),0.5,UNCERTAIN,0.5,UNCERTAIN,0.5,UNCERTAIN,0.5,UNCERTAIN,0.5,UNCERTAIN,0.5,UNCERTAIN,0.5,UNCERTAIN,0.5,UNCERTAIN,0.5,UNCERTAIN,0.5,UNCERTAIN,0.5,UNCERTAIN,0.5,UNCERTAIN,0.5,UNCERTAIN,0.5,UNCERTAIN,0.5,UNCERTAIN
PMC8212367_01,HIV_AIDS,0.5,UNCERTAIN,0.5,UNCERTAIN,0.5,UNCERTAIN,0.5,UNCERTAIN,0.999999987854959,POSITIVE,0.9999999999414717,POSITIVE,0.5,UNCERTAIN,0.5,UNCERTAIN,0.5,UNCERTAIN,0.5,UNCERTAIN,0.5,UNCERTAIN,0.5,UNCERTAIN,0.5,UNCERTAIN,0.5,UNCERTAIN,0.5,UNCERTAIN
PMC5832397_01,HIV_AIDS,0.5,UNCERTAIN,0.9999984219434215,POSITIVE,0.5,UNCERTAIN,0.5,UNCERTAIN,0.9999973100599163,POSITIVE,0.9999999886022101,POSITIVE,0.5,UNCERTAIN,0.5,UNCERTAIN,0.5,UNCERTAIN,0.9999964171321384,POSITIVE,0.5,UNCERTAIN,0.5,UNCERTAIN,0.5,UNCERTAIN,0.5,UNCERTAIN,0.5,UNCERTAIN
PMC5430503_01,Tuberculosis,0.5,UNCERTAIN,0.9999984219434215,POSITIVE,0.5,UNCERTAIN,0.999999999955192,POSITIVE,0.5,UNCERTAIN,0.9999999999414717,POSITIVE,0.5,UNCERTAIN,0.5,UNCERTAIN,0.9999963107031327,POSITIVE,0.9999999997924325,POSITIVE,0.5,UNCERTAIN,0.5,UNCERTAIN,0.5,UNCERTAIN,0.5,UNCERTAIN,0.5,UNCERTAIN
PMC7431457_01,Tuberculosis,0.5,UNCERTAIN,0.5,UNCERTAIN,0.5,UNCERTAIN,0.9999999926375517,POSITIVE,0.9999973100599163,POSITIVE,0.9999999886022101,POSITIVE,0.5,UNCERTAIN,0.5,UNCERTAIN,0.5,UNCERTAIN,0.5,UNCERTAIN,0.5,UNCERTAIN,0.5,UNCERTAIN,0.5,UNCERTAIN,0.5,UNCERTAIN,0.5,UNCERTAIN
PMC2799960_01,UNKNOWN (Insufficient Evidence),0.9999980922441104,POSITIVE,0.5,UNCERTAIN,0.5,UNCERTAIN,0.9999982180546787,POSITIVE,0.9999973100599163,POSITIVE,0.9999979106384406,POSITIVE,0.5,UNCERTAIN,0.5,UNCERTAIN,0.5,UNCERTAIN,0.5,UNCERTAIN,0.5,UNCERTAIN,0.5,UNCERTAIN,0.5,UNCERTAIN,0.5,UNCERTAIN,0.5,UNCERTAIN
PMC7542526_01,COVID-19,0.5,UNCERTAIN,0.5,UNCERTAIN,0.5,UNCERTAIN,0.5,UNCERTAIN,0.998596824929277,POSITIVE,0.9987458547310324,POSITIVE,0.5,UNCERTAIN,0.5,UNCERTAIN,0.5,UNCERTAIN,0.5,UNCERTAIN,0.5,UNCERTAIN,0.5,UNCERTAIN,0.5,UNCERTAIN,0.9981947955627861,POSITIVE,0.5,UNCERTAIN
PMC9794504_01,Leishmaniasis,0.5,UNCERTAIN,0.5,UNCERTAIN,0.5,UNCERTAIN,0.5,UNCERTAIN,0.5,UNCERTAIN,0.5,UNCERTAIN,0.5,UNCERTAIN,0.5,UNCERTAIN,0.5,UNCERTAIN,0.9999935663683562,POSITIVE,0.5,UNCERTAIN,0.5,UNCERTAIN,0.5,UNCERTAIN,0.5,UNCERTAIN,0.5,UNCERTAIN
PMC5292196_01,Leishmaniasis,0.5,UNCERTAIN,0.5,UNCERTAIN,0.5,UNCERTAIN,0.5,UNCERTAIN,0.5,UNCERTAIN,0.5,UNCERTAIN,0.5,UNCERTAIN,0.5,UNCERTAIN,0.5,UNCERTAIN,0.999999999700985,POSITIVE,0.5,UNCERTAIN,0.5,UNCERTAIN,0.5,UNCERTAIN,0.5,UNCERTAIN,0.5,UNCERTAIN
PMC4703342_01,Malaria,0.9999980922441104,POSITIVE,0.9999999927651935,POSITIVE,0.5,UNCERTAIN,0.5,UNCERTAIN,0.5,UNCERTAIN,0.5,UNCERTAIN,0.5,UNCERTAIN,0.5,UNCERTAIN,0.5,UNCERTAIN,0.9999999852041529,POSITIVE,0.5,UNCERTAIN,0.9999843110861651,POSITIVE,0.5,UNCERTAIN,0.9999966310815537,POSITIVE,0.5,UNCERTAIN
PMC4703342_02,Leishmaniasis,0.5,UNCERTAIN,0.9999984219434215,POSITIVE,0.5,UNCERTAIN,0.5,UNCERTAIN,0.5,UNCERTAIN,0.5,UNCERTAIN,0.5,UNCERTAIN,0.5,UNCERTAIN,0.9999963107031327,POSITIVE,0.9999999852041529,POSITIVE,0.5,UNCERTAIN,0.5,UNCERTAIN,0.5,UNCERTAIN,0.5,UNCERTAIN,0.5,UNCERTAIN
PMC4703342_03,Malaria,0.9986499226313071,POSITIVE,0.9999946456558404,POSITIVE,0.5,UNCERTAIN,0.9988075807076872,POSITIVE,0.5,UNCERTAIN,0.9987458547310324,POSITIVE,0.5,UNCERTAIN,0.5,UNCERTAIN,0.9981855547014358,POSITIVE,0.9999935663683562,POSITIVE,0.5,UNCERTAIN,0.5,UNCERTAIN,0.5,UNCERTAIN,0.5,UNCERTAIN,0.5,UNCERTAIN
PMC4703342_04,Malaria,0.5,UNCERTAIN,0.9999999927651935,POSITIVE,0.5,UNCERTAIN,0.9999982180546787,POSITIVE,0.5,UNCERTAIN,0.9999979106384406,POSITIVE,0.5,UNCERTAIN,0.5,UNCERTAIN,0.5,UNCERTAIN,0.9999964171321384,POSITIVE,0.5,UNCERTAIN,0.5,UNCERTAIN,0.5,UNCERTAIN,0.5,UNCERTAIN,0.5,UNCERTAIN
PMC9848784_01,UNKNOWN (Insufficient Evidence),0.9986473975446263,POSITIVE,0.3203927069469911,NEGATIVE,0.31523947935045293,NEGATIVE,0.5747193862290804,UNCERTAIN,0.5121104272794513,UNCERTAIN,0.5386905502127388,UNCERTAIN,0.3606335027059405,NEGATIVE,0.47915927757263405,UNCERTAIN,0.6313990075547944,POSITIVE,0.999996499205681,POSITIVE,0.37350614168368484,NEGATIVE,0.49582222886164945,UNCERTAIN,0.7845133387690117,POSITIVE,0.41244856790741624,UNCERTAIN,0.46641277567978456,UNCERTAIN
PMC3505658_01,HIV_AIDS,0.5,UNCERTAIN,0.9999984219434215,POSITIVE,0.5,UNCERTAIN,0.9999982180546787,POSITIVE,0.5,UNCERTAIN,0.9999999886022101,POSITIVE,0.5,UNCERTAIN,0.5,UNCERTAIN,0.5,UNCERTAIN,0.9999999852041529,POSITIVE,0.5,UNCERTAIN,0.5,UNCERTAIN,0.5,UNCERTAIN,0.5,UNCERTAIN,0.5,UNCERTAIN
PMC8723866_01,Leishmaniasis,0.5,UNCERTAIN,0.5,UNCERTAIN,0.5,UNCERTAIN,0.5,UNCERTAIN,0.5,UNCERTAIN,0.5,UNCERTAIN,0.5,UNCERTAIN,0.5,UNCERTAIN,0.5,UNCERTAIN,0.9999935663683562,POSITIVE,0.5,UNCERTAIN,0.5,UNCERTAIN,0.5,UNCERTAIN,0.5,UNCERTAIN,0.5,UNCERTAIN
PMC4549335_01,HIV_AIDS,0.5,UNCERTAIN,0.9988334643200636,POSITIVE,0.36389282382704324,NEGATIVE,0.5,UNCERTAIN,0.5,UNCERTAIN,0.9999999648241626,POSITIVE,0.5,UNCERTAIN,0.5,UNCERTAIN,0.9981855547014358,POSITIVE,0.9999935663683562,POSITIVE,0.5,UNCERTAIN,0.5,UNCERTAIN,0.5,UNCERTAIN,0.5,UNCERTAIN,0.5,UNCERTAIN
PMC5958277_01,HIV_AIDS,0.5,UNCERTAIN,0.5,UNCERTAIN,0.5,UNCERTAIN,0.5,UNCERTAIN,0.5,UNCERTAIN,0.9999999886022101,POSITIVE,0.5,UNCERTAIN,0.5,UNCERTAIN,0.5,UNCERTAIN,0.9999999852041529,POSITIVE,0.5,UNCERTAIN,0.5,UNCERTAIN,0.5,UNCERTAIN,0.5,UNCERTAIN,0.5,UNCERTAIN
PMC5430503_01,Tuberculosis,0.5,UNCERTAIN,0.9999984219434215,POSITIVE,0.5,UNCERTAIN,0.999999999955192,POSITIVE,0.5,UNCERTAIN,0.9999999999414717,POSITIVE,0.5,UNCERTAIN,0.5,UNCERTAIN,0.9999963107031327,POSITIVE,0.9999999997924325,POSITIVE,0.5,UNCERTAIN,0.5,UNCERTAIN,0.5,UNCERTAIN,0.5,UNCERTAIN,0.5,UNCERTAIN
PMC6850740_01,UNKNOWN (Insufficient Evidence),0.5,UNCERTAIN,0.9999984219434215,POSITIVE,0.5,UNCERTAIN,0.5,UNCERTAIN,0.5,UNCERTAIN,0.9999979106384406,POSITIVE,0.5,UNCERTAIN,0.5,UNCERTAIN,0.5,UNCERTAIN,0.9999999275921589,POSITIVE,0.5,UNCERTAIN,0.5,UNCERTAIN,0.5,UNCERTAIN,0.5,UNCERTAIN,0.5,UNCERTAIN
PMC6850740_02,Leishmaniasis,0.9999980922441104,POSITIVE,0.9999984219434215,POSITIVE,0.5,UNCERTAIN,0.5,UNCERTAIN,0.5,UNCERTAIN,0.9999979106384406,POSITIVE,0.5,UNCERTAIN,0.5,UNCERTAIN,0.9999963107031327,POSITIVE,0.9999999997924325,POSITIVE,0.9999884305059787,POSITIVE,0.5,UNCERTAIN,0.5,UNCERTAIN,0.9999966310815537,POSITIVE,0.5,UNCERTAIN
PMC5813666_01,Leishmaniasis,0.5,UNCERTAIN,0.5,UNCERTAIN,0.5,UNCERTAIN,0.5,UNCERTAIN,0.5,UNCERTAIN,0.5,UNCERTAIN,0.5,UNCERTAIN,0.5,UNCERTAIN,0.5,UNCERTAIN,0.9999999852041529,POSITIVE,0.5,UNCERTAIN,0.5,UNCERTAIN,0.5,UNCERTAIN,0.5,UNCERTAIN,0.5,UNCERTAIN
PMC9745029_01,UNKNOWN (Insufficient Evidence),0.4995322228842786,UNCERTAIN,0.3203927069469911,NEGATIVE,0.31523947935045293,NEGATIVE,0.5747193862290804,UNCERTAIN,0.5121104272794513,UNCERTAIN,0.5386905502127388,UNCERTAIN,0.3606335027059405,NEGATIVE,0.47915927757263405,UNCERTAIN,0.6313990075547944,POSITIVE,0.9999999919490159,POSITIVE,0.37350614168368484,NEGATIVE,0.49582222886164945,UNCERTAIN,0.7845133387690117,POSITIVE,0.41244856790741624,UNCERTAIN,0.46641277567978456,UNCERTAIN
PMC6019590_01,Leishmaniasis,0.5,UNCERTAIN,0.9999984219434215,POSITIVE,0.5,UNCERTAIN,0.9999982180546787,POSITIVE,0.5,UNCERTAIN,0.9999979106384406,POSITIVE,0.5,UNCERTAIN,0.5,UNCERTAIN,0.9908969262538192,POSITIVE,0.9999999852041529,POSITIVE,0.5,UNCERTAIN,0.5,UNCERTAIN,0.5,UNCERTAIN,0.5,UNCERTAIN,0.5,UNCERTAIN
PMC3965941_01,Leishmaniasis,0.9999980922441104,POSITIVE,0.9999984219434215,POSITIVE,0.999995718940084,POSITIVE,0.5,UNCERTAIN,0.5,UNCERTAIN,0.9999979106384406,POSITIVE,0.5,UNCERTAIN,0.5,UNCERTAIN,0.9999963107031327,POSITIVE,0.9999999852041529,POSITIVE,0.5,UNCERTAIN,0.5,UNCERTAIN,0.5,UNCERTAIN,0.9999999537913073,POSITIVE,0.9999955604184251,POSITIVE
PMC8320547_01,Malaria,0.5,UNCERTAIN,0.9999999927651935,POSITIVE,0.5,UNCERTAIN,0.9999982180546787,POSITIVE,0.5,UNCERTAIN,0.9999979106384406,POSITIVE,0.5,UNCERTAIN,0.5,UNCERTAIN,0.9999963107031327,POSITIVE,0.9999999852041529,POSITIVE,0.5,UNCERTAIN,0.5,UNCERTAIN,0.5,UNCERTAIN,0.5,UNCERTAIN,0.5,UNCERTAIN
PMC8640386_01,Leishmaniasis,0.5,UNCERTAIN,0.9999984219434215,POSITIVE,0.5,UNCERTAIN,0.9999992650792293,POSITIVE,0.5,UNCERTAIN,0.9999999580025705,POSITIVE,0.5,UNCERTAIN,0.5,UNCERTAIN,0.5,UNCERTAIN,0.999999999700985,POSITIVE,0.5,UNCERTAIN,0.5,UNCERTAIN,0.5,UNCERTAIN,0.9999966310815537,POSITIVE,0.5,UNCERTAIN
PMC3362615_01,UNKNOWN (Insufficient Evidence),0.4995322228842786,UNCERTAIN,0.3203927069469911,NEGATIVE,0.31523947935045293,NEGATIVE,0.5747193862290804,UNCERTAIN,0.5121104272794513,UNCERTAIN,0.9999944780953118,POSITIVE,0.3606335027059405,NEGATIVE,0.47915927757263405,UNCERTAIN,0.6313990075547944,POSITIVE,0.9999999990074763,POSITIVE,0.37350614168368484,NEGATIVE,0.49582222886164945,UNCERTAIN,0.9959910473422104,POSITIVE,0.41244856790741624,UNCERTAIN,0.46641277567978456,UNCERTAIN
PMC9755212_01,Leishmaniasis,0.5,UNCERTAIN,0.5,UNCERTAIN,0.5,UNCERTAIN,0.9988075807076872,POSITIVE,0.5,UNCERTAIN,0.9987458547310324,POSITIVE,0.5,UNCERTAIN,0.5,UNCERTAIN,0.5,UNCERTAIN,0.9999935663683562,POSITIVE,0.5,UNCERTAIN,0.5,UNCERTAIN,0.5,UNCERTAIN,0.5,UNCERTAIN,0.5,UNCERTAIN
PMC6330183_01,Leishmaniasis,0.9999999743526097,POSITIVE,0.9999999840031514,POSITIVE,0.5,UNCERTAIN,0.5,UNCERTAIN,0.9999973100599163,POSITIVE,0.9999979106384406,POSITIVE,0.5,UNCERTAIN,0.5,UNCERTAIN,0.9999963107031327,POSITIVE,0.9999999999958052,POSITIVE,0.5,UNCERTAIN,0.5,UNCERTAIN,0.5,UNCERTAIN,0.5,UNCERTAIN,0.5,UNCERTAIN
PMC5749450_01,Leishmaniasis,0.5,UNCERTAIN,0.5,UNCERTAIN,0.5,UNCERTAIN,0.9999982180546787,POSITIVE,0.5,UNCERTAIN,0.9999999886022101,POSITIVE,0.5,UNCERTAIN,0.5,UNCERTAIN,0.5,UNCERTAIN,0.9999999999958052,POSITIVE,0.5,UNCERTAIN,0.5,UNCERTAIN,0.5,UNCERTAIN,0.5,UNCERTAIN,0.5,UNCERTAIN
PMC6600853_01,Tuberculosis,0.5,UNCERTAIN,0.5,UNCERTAIN,0.36389282382704324,NEGATIVE,0.9999999926375517,POSITIVE,0.5,UNCERTAIN,0.9999999886022101,POSITIVE,0.5,UNCERTAIN,0.5,UNCERTAIN,0.5,UNCERTAIN,0.9999964171321384,POSITIVE,0.5,UNCERTAIN,0.9999843110861651,POSITIVE,0.5,UNCERTAIN,0.5,UNCERTAIN,0.5,UNCERTAIN
PMC10162717_01,Leishmaniasis,0.5,UNCERTAIN,0.5,UNCERTAIN,0.5,UNCERTAIN,0.5,UNCERTAIN,0.5,UNCERTAIN,0.5,UNCERTAIN,0.5,UNCERTAIN,0.5,UNCERTAIN,0.5,UNCERTAIN,0.9999935663683562,POSITIVE,0.5,UNCERTAIN,0.5,UNCERTAIN,0.5,UNCERTAIN,0.5,UNCERTAIN,0.5,UNCERTAIN
PMC4153245_01,Leishmaniasis,0.5,UNCERTAIN,0.9999999840031514,POSITIVE,0.5,UNCERTAIN,0.5,UNCERTAIN,0.5,UNCERTAIN,0.5,UNCERTAIN,0.5,UNCERTAIN,0.5,UNCERTAIN,0.9999963107031327,POSITIVE,0.999999999700985,POSITIVE,0.5,UNCERTAIN,0.5,UNCERTAIN,0.5,UNCERTAIN,0.5,UNCERTAIN,0.5,UNCERTAIN
PMC4153245_02,UNKNOWN (Insufficient Evidence),0.9999999743526097,POSITIVE,0.9999999996503217,POSITIVE,0.5,UNCERTAIN,0.5,UNCERTAIN,0.5,UNCERTAIN,0.9999979106384406,POSITIVE,0.5,UNCERTAIN,0.5,UNCERTAIN,0.9999963107031327,POSITIVE,0.9999999275921589,POSITIVE,0.5,UNCERTAIN,0.5,UNCERTAIN,0.5,UNCERTAIN,0.9999966310815537,POSITIVE,0.9999955604184251,POSITIVE
PMC3090634_01,Leishmaniasis,0.9986499226313071,POSITIVE,0.9988334643200636,POSITIVE,0.5,UNCERTAIN,0.9988075807076872,POSITIVE,0.5,UNCERTAIN,0.9987458547310324,POSITIVE,0.5,UNCERTAIN,0.5,UNCERTAIN,0.9981855547014358,POSITIVE,0.9999935663683562,POSITIVE,0.5,UNCERTAIN,0.5,UNCERTAIN,0.9962832619898732,POSITIVE,0.9981947955627861,POSITIVE,0.9979039963314953,POSITIVE
PMC7670763_01,UNKNOWN (Insufficient Evidence),0.5,UNCERTAIN,0.5,UNCERTAIN,0.5,UNCERTAIN,0.5,UNCERTAIN,0.9999973100599163,POSITIVE,0.9999979106384406,POSITIVE,0.5,UNCERTAIN,0.5,UNCERTAIN,0.5,UNCERTAIN,0.9999964171321384,POSITIVE,0.5,UNCERTAIN,0.5,UNCERTAIN,0.5,UNCERTAIN,0.5,UNCERTAIN,0.5,UNCERTAIN
PMC9444186_01,UNKNOWN (Insufficient Evidence),0.5,UNCERTAIN,0.5,UNCERTAIN,0.5,UNCERTAIN,0.5,UNCERTAIN,0.5,UNCERTAIN,0.5,UNCERTAIN,0.5,UNCERTAIN,0.5,UNCERTAIN,0.5,UNCERTAIN,0.9984444806720881,POSITIVE,0.5,UNCERTAIN,0.5,UNCERTAIN,0.5,UNCERTAIN,0.5,UNCERTAIN,0.5,UNCERTAIN
PMC7456484_01,Leishmaniasis,0.5,UNCERTAIN,0.9999984219434215,POSITIVE,0.5,UNCERTAIN,0.9999982180546787,POSITIVE,0.5,UNCERTAIN,0.9999979106384406,POSITIVE,0.5,UNCERTAIN,0.5,UNCERTAIN,0.5,UNCERTAIN,0.9999999997924325,POSITIVE,0.5,UNCERTAIN,0.5,UNCERTAIN,0.5,UNCERTAIN,0.5,UNCERTAIN,0.5,UNCERTAIN
PMC7516301_01,Leishmaniasis,0.5,UNCERTAIN,0.9999984219434215,POSITIVE,0.5,UNCERTAIN,0.5,UNCERTAIN,0.5,UNCERTAIN,0.9999979106384406,POSITIVE,0.5,UNCERTAIN,0.5,UNCERTAIN,0.5,UNCERTAIN,0.9999999852041529,POSITIVE,0.5,UNCERTAIN,0.5,UNCERTAIN,0.5,UNCERTAIN,0.5,UNCERTAIN,0.5,UNCERTAIN
PMC8343584_01,UNKNOWN (Insufficient Evidence),0.5,UNCERTAIN,0.5,UNCERTAIN,0.5,UNCERTAIN,0.5,UNCERTAIN,0.5,UNCERTAIN,0.9987458547310324,POSITIVE,0.5,UNCERTAIN,0.5,UNCERTAIN,0.5,UNCERTAIN,0.5,UNCERTAIN,0.5,UNCERTAIN,0.5,UNCERTAIN,0.5,UNCERTAIN,0.5,UNCERTAIN,0.5,UNCERTAIN
PMC4804557_01,Leishmaniasis,0.5,UNCERTAIN,0.5,UNCERTAIN,0.5,UNCERTAIN,0.9988075807076872,POSITIVE,0.5,UNCERTAIN,0.9987458547310324,POSITIVE,0.5,UNCERTAIN,0.5,UNCERTAIN,0.5,UNCERTAIN,0.9999935663683562,POSITIVE,0.5,UNCERTAIN,0.5,UNCERTAIN,0.5,UNCERTAIN,0.9981947955627861,POSITIVE,0.5,UNCERTAIN
PMC9448255_01,Leishmaniasis,0.5,UNCERTAIN,0.5,UNCERTAIN,0.5,UNCERTAIN,0.9999982180546787,POSITIVE,0.5,UNCERTAIN,0.9999979106384406,POSITIVE,0.5,UNCERTAIN,0.5,UNCERTAIN,0.5,UNCERTAIN,0.9999999997924325,POSITIVE,0.5,UNCERTAIN,0.5,UNCERTAIN,0.5,UNCERTAIN,0.5,UNCERTAIN,0.5,UNCERTAIN
PMC3992805_01,HIV_AIDS,0.5,UNCERTAIN,0.9999881611098925,POSITIVE,0.5,UNCERTAIN,0.5,UNCERTAIN,0.5,UNCERTAIN,0.9999999648241626,POSITIVE,0.5,UNCERTAIN,0.5,UNCERTAIN,0.9981855547014358,POSITIVE,0.9999998699793861,POSITIVE,0.5,UNCERTAIN,0.5,UNCERTAIN,0.5,UNCERTAIN,0.5,UNCERTAIN,0.5,UNCERTAIN
PMC3992805_02,HIV_AIDS,0.5,UNCERTAIN,0.9999881611098925,POSITIVE,0.5,UNCERTAIN,0.5,UNCERTAIN,0.5,UNCERTAIN,0.9999999648241626,POSITIVE,0.5,UNCERTAIN,0.5,UNCERTAIN,0.9981855547014358,POSITIVE,0.9999998699793861,POSITIVE,0.5,UNCERTAIN,0.5,UNCERTAIN,0.5,UNCERTAIN,0.5,UNCERTAIN,0.5,UNCERTAIN
PMC8635719_01,Leishmaniasis,0.5,UNCERTAIN,0.9999984219434215,POSITIVE,0.5,UNCERTAIN,0.9999982180546787,POSITIVE,0.5,UNCERTAIN,0.5,UNCERTAIN,0.5,UNCERTAIN,0.5,UNCERTAIN,0.9999963107031327,POSITIVE,0.9999999852041529,POSITIVE,0.5,UNCERTAIN,0.5,UNCERTAIN,0.5,UNCERTAIN,0.5,UNCERTAIN,0.5,UNCERTAIN
PMC8635719_02,Leishmaniasis,0.5,UNCERTAIN,0.9999999840031514,POSITIVE,0.5,UNCERTAIN,0.5,UNCERTAIN,0.5,UNCERTAIN,0.5,UNCERTAIN,0.5,UNCERTAIN,0.5,UNCERTAIN,0.5,UNCERTAIN,0.9999999852041529,POSITIVE,0.5,UNCERTAIN,0.5,UNCERTAIN,0.5,UNCERTAIN,0.5,UNCERTAIN,0.5,UNCERTAIN
PMC8635719_03,Leishmaniasis,0.9999999743526097,POSITIVE,0.9999999840031514,POSITIVE,0.999995718940084,POSITIVE,0.9999982180546787,POSITIVE,0.5,UNCERTAIN,0.5,UNCERTAIN,0.5,UNCERTAIN,0.5,UNCERTAIN,0.9999963107031327,POSITIVE,0.9999999852041529,POSITIVE,0.5,UNCERTAIN,0.5,UNCERTAIN,0.5,UNCERTAIN,0.5,UNCERTAIN,0.5,UNCERTAIN
PMC8635719_04,Leishmaniasis,0.5,UNCERTAIN,0.9999984219434215,POSITIVE,0.5,UNCERTAIN,0.9999982180546787,POSITIVE,0.5,UNCERTAIN,0.5,UNCERTAIN,0.5,UNCERTAIN,0.5,UNCERTAIN,0.9999963107031327,POSITIVE,0.9999999852041529,POSITIVE,0.5,UNCERTAIN,0.5,UNCERTAIN,0.5,UNCERTAIN,0.5,UNCERTAIN,0.5,UNCERTAIN
PMC5771930_01,Leishmaniasis,0.5,UNCERTAIN,0.9999984219434215,POSITIVE,0.5,UNCERTAIN,0.9999982180546787,POSITIVE,0.5,UNCERTAIN,0.9999999580025705,POSITIVE,0.5,UNCERTAIN,0.5,UNCERTAIN,0.5,UNCERTAIN,0.9999999852041529,POSITIVE,0.5,UNCERTAIN,0.5,UNCERTAIN,0.5,UNCERTAIN,0.9999966310815537,POSITIVE,0.5,UNCERTAIN
PMC9922052_01,Leishmaniasis,0.5,UNCERTAIN,0.9999984219434215,POSITIVE,0.999995718940084,POSITIVE,0.9999982180546787,POSITIVE,0.5,UNCERTAIN,0.5,UNCERTAIN,0.5,UNCERTAIN,0.5,UNCERTAIN,0.5,UNCERTAIN,0.9999999997924325,POSITIVE,0.5,UNCERTAIN,0.5,UNCERTAIN,0.5,UNCERTAIN,0.9999966310815537,POSITIVE,0.9999955604184251,POSITIVE
PMC3534205_01,Leishmaniasis,0.5,UNCERTAIN,0.9988334643200636,POSITIVE,0.5,UNCERTAIN,0.5,UNCERTAIN,0.5,UNCERTAIN,0.9999935518443837,POSITIVE,0.5,UNCERTAIN,0.5,UNCERTAIN,0.9981855547014358,POSITIVE,0.9999935663683562,POSITIVE,0.5,UNCERTAIN,0.5,UNCERTAIN,0.5,UNCERTAIN,0.5,UNCERTAIN,0.5,UNCERTAIN
PMC6381853_01,Leishmaniasis,0.9999980922441104,POSITIVE,0.9999984219434215,POSITIVE,0.5,UNCERTAIN,0.9999982180546787,POSITIVE,0.5,UNCERTAIN,0.9999979106384406,POSITIVE,0.5,UNCERTAIN,0.5,UNCERTAIN,0.9999999780593704,POSITIVE,0.9999999852041529,POSITIVE,0.5,UNCERTAIN,0.5,UNCERTAIN,0.5,UNCERTAIN,0.9999966310815537,POSITIVE,0.9999955604184251,POSITIVE
PMC6450598_01,HIV_AIDS,0.5,UNCERTAIN,0.9999984219434215,POSITIVE,0.5,UNCERTAIN,0.5,UNCERTAIN,0.5,UNCERTAIN,0.9999999892709824,POSITIVE,0.5,UNCERTAIN,0.5,UNCERTAIN,0.9999963107031327,POSITIVE,0.9999999852041529,POSITIVE,0.5,UNCERTAIN,0.5,UNCERTAIN,0.5,UNCERTAIN,0.5,UNCERTAIN,0.5,UNCERTAIN
PMC6019596_01,Tuberculosis,0.5,UNCERTAIN,0.9999984219434215,POSITIVE,0.5,UNCERTAIN,0.9999999926375517,POSITIVE,0.5,UNCERTAIN,0.5,UNCERTAIN,0.5,UNCERTAIN,0.5,UNCERTAIN,0.9999963107031327,POSITIVE,0.9999999852041529,POSITIVE,0.5,UNCERTAIN,0.5,UNCERTAIN,0.5,UNCERTAIN,0.5,UNCERTAIN,0.5,UNCERTAIN
PMC10264663_01,Leishmaniasis,0.5,UNCERTAIN,0.9999984219434215,POSITIVE,0.5,UNCERTAIN,0.9999982180546787,POSITIVE,0.5,UNCERTAIN,0.5,UNCERTAIN,0.5,UNCERTAIN,0.5,UNCERTAIN,0.9999963107031327,POSITIVE,0.9999999852041529,POSITIVE,0.5,UNCERTAIN,0.5,UNCERTAIN,0.5,UNCERTAIN,0.5,UNCERTAIN,0.5,UNCERTAIN
PMC3227237_01,Leishmaniasis,0.5,UNCERTAIN,0.5,UNCERTAIN,0.5,UNCERTAIN,0.5,UNCERTAIN,0.5,UNCERTAIN,0.5,UNCERTAIN,0.5,UNCERTAIN,0.5,UNCERTAIN,0.5,UNCERTAIN,0.9999998699793861,POSITIVE,0.5,UNCERTAIN,0.5,UNCERTAIN,0.5,UNCERTAIN,0.5,UNCERTAIN,0.5,UNCERTAIN
PMC10278424_01,UNKNOWN (Insufficient Evidence),0.5,UNCERTAIN,0.5,UNCERTAIN,0.5,UNCERTAIN,0.5,UNCERTAIN,0.5,UNCERTAIN,0.5,UNCERTAIN,0.5,UNCERTAIN,0.5,UNCERTAIN,0.5,UNCERTAIN,0.9984444806720881,POSITIVE,0.5,UNCERTAIN,0.5,UNCERTAIN,0.5,UNCERTAIN,0.5,UNCERTAIN,0.5,UNCERTAIN
PMC4944368_01,Leishmaniasis,0.5,UNCERTAIN,0.9999984219434215,POSITIVE,0.999995718940084,POSITIVE,0.5,UNCERTAIN,0.5,UNCERTAIN,0.5,UNCERTAIN,0.5,UNCERTAIN,0.5,UNCERTAIN,0.9999963107031327,POSITIVE,0.9999999852041529,POSITIVE,0.5,UNCERTAIN,0.5,UNCERTAIN,0.5,UNCERTAIN,0.5,UNCERTAIN,0.5,UNCERTAIN
PMC9870268_01,Leishmaniasis,0.5,UNCERTAIN,0.5,UNCERTAIN,0.5,UNCERTAIN,0.5,UNCERTAIN,0.5,UNCERTAIN,0.5,UNCERTAIN,0.5,UNCERTAIN,0.5,UNCERTAIN,0.5,UNCERTAIN,0.9999935663683562,POSITIVE,0.5,UNCERTAIN,0.5,UNCERTAIN,0.5,UNCERTAIN,0.5,UNCERTAIN,0.5,UNCERTAIN
PMC7528117_01,UNKNOWN (Insufficient Evidence),0.5,UNCERTAIN,0.5,UNCERTAIN,0.5,UNCERTAIN,0.9988075807076872,POSITIVE,0.5,UNCERTAIN,0.5,UNCERTAIN,0.5,UNCERTAIN,0.5,UNCERTAIN,0.5,UNCERTAIN,0.9984444806720881,POSITIVE,0.5,UNCERTAIN,0.5,UNCERTAIN,0.5,UNCERTAIN,0.5,UNCERTAIN,0.5,UNCERTAIN
PMC10243522_01,Leishmaniasis,0.5,UNCERTAIN,0.9999999840031514,POSITIVE,0.5,UNCERTAIN,0.9999982180546787,POSITIVE,0.9999973100599163,POSITIVE,0.5,UNCERTAIN,0.5,UNCERTAIN,0.5,UNCERTAIN,0.5,UNCERTAIN,0.999999999700985,POSITIVE,0.5,UNCERTAIN,0.5,UNCERTAIN,0.5,UNCERTAIN,0.5,UNCERTAIN,0.5,UNCERTAIN
PMC10220448_01,HIV_AIDS,0.9986499226313071,POSITIVE,0.9988334643200636,POSITIVE,0.5,UNCERTAIN,0.5,UNCERTAIN,0.5,UNCERTAIN,0.9999999648241626,POSITIVE,0.5,UNCERTAIN,0.5,UNCERTAIN,0.5,UNCERTAIN,0.9999935663683562,POSITIVE,0.5,UNCERTAIN,0.5,UNCERTAIN,0.5,UNCERTAIN,0.5,UNCERTAIN,0.5,UNCERTAIN
PMC4759897_01,UNKNOWN (Insufficient Evidence),0.5,UNCERTAIN,0.5,UNCERTAIN,0.5,UNCERTAIN,0.5,UNCERTAIN,0.5,UNCERTAIN,0.5,UNCERTAIN,0.5,UNCERTAIN,0.5,UNCERTAIN,0.5,UNCERTAIN,0.9984444806720881,POSITIVE,0.5,UNCERTAIN,0.5,UNCERTAIN,0.5,UNCERTAIN,0.5,UNCERTAIN,0.5,UNCERTAIN
PMC7310364_01,Tuberculosis,0.5,UNCERTAIN,0.5,UNCERTAIN,0.5,UNCERTAIN,0.9999999926375517,POSITIVE,0.5,UNCERTAIN,0.5,UNCERTAIN,0.5,UNCERTAIN,0.5,UNCERTAIN,0.5,UNCERTAIN,0.9999999852041529,POSITIVE,0.5,UNCERTAIN,0.5,UNCERTAIN,0.5,UNCERTAIN,0.5,UNCERTAIN,0.5,UNCERTAIN
PMC4085831_01,UNKNOWN (Insufficient Evidence),0.9999999928063933,POSITIVE,0.9999966526801677,POSITIVE,0.31523947935045293,NEGATIVE,0.9999986813962269,POSITIVE,0.5121104272794513,UNCERTAIN,0.9999982107677212,POSITIVE,0.3606335027059405,NEGATIVE,0.47915927757263405,UNCERTAIN,0.999999991201078,POSITIVE,0.9999999919490159,POSITIVE,0.37350614168368484,NEGATIVE,0.9999840467025133,POSITIVE,0.7845133387690117,POSITIVE,0.9999952008318594,POSITIVE,0.9999998834607001,POSITIVE
PMC3861112_01,Leishmaniasis,0.5,UNCERTAIN,0.5,UNCERTAIN,0.5,UNCERTAIN,0.5,UNCERTAIN,0.5,UNCERTAIN,0.5,UNCERTAIN,0.5,UNCERTAIN,0.5,UNCERTAIN,0.5,UNCERTAIN,0.9999935663683562,POSITIVE,0.5,UNCERTAIN,0.5,UNCERTAIN,0.5,UNCERTAIN,0.5,UNCERTAIN,0.5,UNCERTAIN
PMC7747827_01,Leishmaniasis,0.5,UNCERTAIN,0.9999984219434215,POSITIVE,0.5,UNCERTAIN,0.5,UNCERTAIN,0.5,UNCERTAIN,0.5,UNCERTAIN,0.5,UNCERTAIN,0.5,UNCERTAIN,0.9999963107031327,POSITIVE,0.9999999997924325,POSITIVE,0.5,UNCERTAIN,0.5,UNCERTAIN,0.5,UNCERTAIN,0.5,UNCERTAIN,0.5,UNCERTAIN
PMC5490479_01,Leishmaniasis,0.5,UNCERTAIN,0.5,UNCERTAIN,0.5,UNCERTAIN,0.5,UNCERTAIN,0.5,UNCERTAIN,0.5,UNCERTAIN,0.5,UNCERTAIN,0.5,UNCERTAIN,0.5,UNCERTAIN,0.9999935663683562,POSITIVE,0.5,UNCERTAIN,0.5,UNCERTAIN,0.5,UNCERTAIN,0.5,UNCERTAIN,0.5,UNCERTAIN
PMC10042474_01,Leishmaniasis,0.5,UNCERTAIN,0.9954362994596944,POSITIVE,0.5,UNCERTAIN,0.5,UNCERTAIN,0.5,UNCERTAIN,0.5,UNCERTAIN,0.5,UNCERTAIN,0.5,UNCERTAIN,0.5,UNCERTAIN,0.9999935663683562,POSITIVE,0.5,UNCERTAIN,0.5,UNCERTAIN,0.5,UNCERTAIN,0.5,UNCERTAIN,0.5,UNCERTAIN
PMC4150412_01,HIV_AIDS,0.5,UNCERTAIN,0.9999984219434215,POSITIVE,0.5,UNCERTAIN,0.9999982180546787,POSITIVE,0.5,UNCERTAIN,0.9999999999414717,POSITIVE,0.5,UNCERTAIN,0.5,UNCERTAIN,0.9999963107031327,POSITIVE,0.9999999852041529,POSITIVE,0.5,UNCERTAIN,0.5,UNCERTAIN,0.5,UNCERTAIN,0.5,UNCERTAIN,0.5,UNCERTAIN
PMC2631533_01,Malaria,0.5,UNCERTAIN,0.9999999927651935,POSITIVE,0.5,UNCERTAIN,0.5,UNCERTAIN,0.5,UNCERTAIN,0.5,UNCERTAIN,0.5,UNCERTAIN,0.5,UNCERTAIN,0.9999963107031327,POSITIVE,0.9999999852041529,POSITIVE,0.5,UNCERTAIN,0.5,UNCERTAIN,0.5,UNCERTAIN,0.5,UNCERTAIN,0.5,UNCERTAIN
PMC7572673_01,Leishmaniasis,0.5,UNCERTAIN,0.5,UNCERTAIN,0.5,UNCERTAIN,0.5,UNCERTAIN,0.5,UNCERTAIN,0.5,UNCERTAIN,0.5,UNCERTAIN,0.5,UNCERTAIN,0.5,UNCERTAIN,0.9999999852041529,POSITIVE,0.5,UNCERTAIN,0.5,UNCERTAIN,0.5,UNCERTAIN,0.5,UNCERTAIN,0.5,UNCERTAIN
PMC7995465_01,UNKNOWN (Insufficient Evidence),0.9986473975446263,POSITIVE,0.3203927069469911,NEGATIVE,0.31523947935045293,NEGATIVE,0.5747193862290804,UNCERTAIN,0.5121104272794513,UNCERTAIN,0.5386905502127388,UNCERTAIN,0.3606335027059405,NEGATIVE,0.47915927757263405,UNCERTAIN,0.6313990075547944,POSITIVE,0.999999929250827,POSITIVE,0.37350614168368484,NEGATIVE,0.49582222886164945,UNCERTAIN,0.7845133387690117,POSITIVE,0.41244856790741624,UNCERTAIN,0.46641277567978456,UNCERTAIN
PMC9816402_01,COVID-19,0.5,UNCERTAIN,0.9999984219434215,POSITIVE,0.5,UNCERTAIN,0.9999982180546787,POSITIVE,0.999999987854959,POSITIVE,0.5,UNCERTAIN,0.9999903165470853,POSITIVE,0.5,UNCERTAIN,0.5,UNCERTAIN,0.9999999852041529,POSITIVE,0.5,UNCERTAIN,0.9999843110861651,POSITIVE,0.5,UNCERTAIN,0.5,UNCERTAIN,0.5,UNCERTAIN
PMC9096836_01,Leishmaniasis,0.5,UNCERTAIN,0.5,UNCERTAIN,0.5,UNCERTAIN,0.5,UNCERTAIN,0.5,UNCERTAIN,0.99457445400457,POSITIVE,0.5,UNCERTAIN,0.5,UNCERTAIN,0.5,UNCERTAIN,0.9999999852041529,POSITIVE,0.5,UNCERTAIN,0.5,UNCERTAIN,0.5,UNCERTAIN,0.5,UNCERTAIN,0.5,UNCERTAIN
PMC3504292_01,UNKNOWN (Insufficient Evidence),0.5,UNCERTAIN,0.5,UNCERTAIN,0.5,UNCERTAIN,0.5,UNCERTAIN,0.5,UNCERTAIN,0.5,UNCERTAIN,0.5,UNCERTAIN,0.5,UNCERTAIN,0.5,UNCERTAIN,0.9984444806720881,POSITIVE,0.5,UNCERTAIN,0.5,UNCERTAIN,0.5,UNCERTAIN,0.5,UNCERTAIN,0.5,UNCERTAIN
PMC7470405_01,HIV_AIDS,0.9999980922441104,POSITIVE,0.9999984219434215,POSITIVE,0.5,UNCERTAIN,0.5,UNCERTAIN,0.5,UNCERTAIN,0.9999999892709824,POSITIVE,0.5,UNCERTAIN,0.5,UNCERTAIN,0.5,UNCERTAIN,0.9999999852041529,POSITIVE,0.5,UNCERTAIN,0.5,UNCERTAIN,0.5,UNCERTAIN,0.5,UNCERTAIN,0.5,UNCERTAIN
PMC9637879_01,Leishmaniasis,0.5,UNCERTAIN,0.5,UNCERTAIN,0.5,UNCERTAIN,0.5,UNCERTAIN,0.5,UNCERTAIN,0.5,UNCERTAIN,0.5,UNCERTAIN,0.5,UNCERTAIN,0.5,UNCERTAIN,0.9999935663683562,POSITIVE,0.5,UNCERTAIN,0.5,UNCERTAIN,0.5,UNCERTAIN,0.5,UNCERTAIN,0.5,UNCERTAIN
PMC7585787_01,Leishmaniasis,0.5,UNCERTAIN,0.5,UNCERTAIN,0.5,UNCERTAIN,0.5,UNCERTAIN,0.5,UNCERTAIN,0.9999979106384406,POSITIVE,0.5,UNCERTAIN,0.5,UNCERTAIN,0.5,UNCERTAIN,0.9999999997924325,POSITIVE,0.5,UNCERTAIN,0.5,UNCERTAIN,0.5,UNCERTAIN,0.5,UNCERTAIN,0.5,UNCERTAIN
PMC4006554_01,Leishmaniasis,0.5,UNCERTAIN,0.5,UNCERTAIN,0.5,UNCERTAIN,0.5,UNCERTAIN,0.5,UNCERTAIN,0.5,UNCERTAIN,0.5,UNCERTAIN,0.5,UNCERTAIN,0.5,UNCERTAIN,0.9999935663683562,POSITIVE,0.5,UNCERTAIN,0.5,UNCERTAIN,0.5,UNCERTAIN,0.9981947955627861,POSITIVE,0.5,UNCERTAIN
PMC4276680_01,Leishmaniasis,0.9986499226313071,POSITIVE,0.9954362994596944,POSITIVE,0.5,UNCERTAIN,0.5,UNCERTAIN,0.5,UNCERTAIN,0.5,UNCERTAIN,0.5,UNCERTAIN,0.5,UNCERTAIN,0.5,UNCERTAIN,0.9999935663683562,POSITIVE,0.5,UNCERTAIN,0.5,UNCERTAIN,0.5,UNCERTAIN,0.5,UNCERTAIN,0.9979039963314953,POSITIVE
PMC7266615_01,Leishmaniasis,0.5,UNCERTAIN,0.9999984219434215,POSITIVE,0.5,UNCERTAIN,0.5,UNCERTAIN,0.5,UNCERTAIN,0.9999979106384406,POSITIVE,0.5,UNCERTAIN,0.5,UNCERTAIN,0.5,UNCERTAIN,0.9999999997924325,POSITIVE,0.5,UNCERTAIN,0.5,UNCERTAIN,0.5,UNCERTAIN,0.5,UNCERTAIN,0.5,UNCERTAIN
PMC7266615_02,Leishmaniasis,0.5,UNCERTAIN,0.9988334643200636,POSITIVE,0.5,UNCERTAIN,0.5,UNCERTAIN,0.5,UNCERTAIN,0.9987458547310324,POSITIVE,0.5,UNCERTAIN,0.5,UNCERTAIN,0.5,UNCERTAIN,0.9999781444602841,POSITIVE,0.5,UNCERTAIN,0.5,UNCERTAIN,0.5,UNCERTAIN,0.5,UNCERTAIN,0.5,UNCERTAIN
PMC9375728_01,UNKNOWN (Insufficient Evidence),0.5,UNCERTAIN,0.5,UNCERTAIN,0.5,UNCERTAIN,0.5,UNCERTAIN,0.5,UNCERTAIN,0.5,UNCERTAIN,0.5,UNCERTAIN,0.5,UNCERTAIN,0.5,UNCERTAIN,0.9984444806720881,POSITIVE,0.5,UNCERTAIN,0.5,UNCERTAIN,0.5,UNCERTAIN,0.5,UNCERTAIN,0.5,UNCERTAIN
PMC7304266_01,UNKNOWN (Insufficient Evidence),0.4995322228842786,UNCERTAIN,0.9903688961245438,POSITIVE,0.31523947935045293,NEGATIVE,0.5747193862290804,UNCERTAIN,0.5121104272794513,UNCERTAIN,0.5386905502127388,UNCERTAIN,0.3606335027059405,NEGATIVE,0.47915927757263405,UNCERTAIN,0.6313990075547944,POSITIVE,0.999996499205681,POSITIVE,0.37350614168368484,NEGATIVE,0.49582222886164945,UNCERTAIN,0.7845133387690117,POSITIVE,0.41244856790741624,UNCERTAIN,0.46641277567978456,UNCERTAIN
PMC8097161_01,HIV_AIDS,0.9999980922441104,POSITIVE,0.9999984219434215,POSITIVE,0.5,UNCERTAIN,0.9999999926375517,POSITIVE,0.5,UNCERTAIN,0.9999999999414717,POSITIVE,0.5,UNCERTAIN,0.5,UNCERTAIN,0.9999963107031327,POSITIVE,0.9999999852041529,POSITIVE,0.5,UNCERTAIN,0.5,UNCERTAIN,0.5,UNCERTAIN,0.5,UNCERTAIN,0.5,UNCERTAIN
PMC8097161_02,UNKNOWN (Insufficient Evidence),0.5,UNCERTAIN,0.5,UNCERTAIN,0.5,UNCERTAIN,0.5,UNCERTAIN,0.5,UNCERTAIN,0.9987458547310324,POSITIVE,0.5,UNCERTAIN,0.5,UNCERTAIN,0.5,UNCERTAIN,0.9984444806720881,POSITIVE,0.5,UNCERTAIN,0.5,UNCERTAIN,0.5,UNCERTAIN,0.5,UNCERTAIN,0.5,UNCERTAIN
PMC7182284_01,Leishmaniasis,0.9999980922441104,POSITIVE,0.5,UNCERTAIN,0.999995718940084,POSITIVE,0.5,UNCERTAIN,0.9999973100599163,POSITIVE,0.5,UNCERTAIN,0.5,UNCERTAIN,0.5,UNCERTAIN,0.5,UNCERTAIN,0.9999999852041529,POSITIVE,0.5,UNCERTAIN,0.5,UNCERTAIN,0.5,UNCERTAIN,0.5,UNCERTAIN,0.5,UNCERTAIN
PMC6745118_01,Tuberculosis,0.9999980922441104,POSITIVE,0.9999984219434215,POSITIVE,0.5,UNCERTAIN,0.999999999955192,POSITIVE,0.5,UNCERTAIN,0.9999999580025705,POSITIVE,0.5,UNCERTAIN,0.5,UNCERTAIN,0.9999963107031327,POSITIVE,0.9999999997924325,POSITIVE,0.5,UNCERTAIN,0.5,UNCERTAIN,0.5,UNCERTAIN,0.9999966310815537,POSITIVE,0.5,UNCERTAIN
PMC3362618_01,Leishmaniasis,0.5,UNCERTAIN,0.5,UNCERTAIN,0.5,UNCERTAIN,0.5,UNCERTAIN,0.5,UNCERTAIN,0.5,UNCERTAIN,0.5,UNCERTAIN,0.5,UNCERTAIN,0.5,UNCERTAIN,0.9999935663683562,POSITIVE,0.5,UNCERTAIN,0.5,UNCERTAIN,0.5,UNCERTAIN,0.5,UNCERTAIN,0.5,UNCERTAIN
PMC8371194_02,UNKNOWN (Insufficient Evidence),0.9999980922441104,POSITIVE,0.9999984219434215,POSITIVE,0.999995718940084,POSITIVE,0.5,UNCERTAIN,0.5,UNCERTAIN,0.5,UNCERTAIN,0.5,UNCERTAIN,0.5,UNCERTAIN,0.9999963107031327,POSITIVE,0.9999964171321384,POSITIVE,0.5,UNCERTAIN,0.5,UNCERTAIN,0.5,UNCERTAIN,0.5,UNCERTAIN,0.5,UNCERTAIN
PMC3140149_02,Leishmaniasis,0.5,UNCERTAIN,0.9954362994596944,POSITIVE,0.5,UNCERTAIN,0.5,UNCERTAIN,0.5,UNCERTAIN,0.9999931499139199,POSITIVE,0.5,UNCERTAIN,0.5,UNCERTAIN,0.5,UNCERTAIN,0.9999935663683562,POSITIVE,0.5,UNCERTAIN,0.5,UNCERTAIN,0.5,UNCERTAIN,0.5,UNCERTAIN,0.5,UNCERTAIN
PMC9469688_01,Malaria,0.9999980922441104,POSITIVE,0.9999999899197729,POSITIVE,0.5,UNCERTAIN,0.5,UNCERTAIN,0.9999973100599163,POSITIVE,0.5,UNCERTAIN,0.5,UNCERTAIN,0.5,UNCERTAIN,0.5,UNCERTAIN,0.9999999497366001,POSITIVE,0.5,UNCERTAIN,0.5,UNCERTAIN,0.5,UNCERTAIN,0.5,UNCERTAIN,0.5,UNCERTAIN
PMC9469688_02,Leishmaniasis,0.5,UNCERTAIN,0.9999984219434215,POSITIVE,0.5,UNCERTAIN,0.5,UNCERTAIN,0.9999973100599163,POSITIVE,0.9999979106384406,POSITIVE,0.5,UNCERTAIN,0.5,UNCERTAIN,0.5,UNCERTAIN,0.9999999497366001,POSITIVE,0.5,UNCERTAIN,0.5,UNCERTAIN,0.5,UNCERTAIN,0.5,UNCERTAIN,0.5,UNCERTAIN
PMC10122573_01,HIV_AIDS,0.5,UNCERTAIN,0.9999984219434215,POSITIVE,0.5,UNCERTAIN,0.5,UNCERTAIN,0.5,UNCERTAIN,0.9999999999414717,POSITIVE,0.5,UNCERTAIN,0.5,UNCERTAIN,0.9999963107031327,POSITIVE,0.9999999852041529,POSITIVE,0.5,UNCERTAIN,0.5,UNCERTAIN,0.5,UNCERTAIN,0.5,UNCERTAIN,0.5,UNCERTAIN
PMC10122573_02,Leishmaniasis,0.9999980922441104,POSITIVE,0.5,UNCERTAIN,0.5,UNCERTAIN,0.9999982180546787,POSITIVE,0.5,UNCERTAIN,0.9999999438675821,POSITIVE,0.5,UNCERTAIN,0.5,UNCERTAIN,0.5,UNCERTAIN,0.9999999852041529,POSITIVE,0.5,UNCERTAIN,0.9999843110861651,POSITIVE,0.5,UNCERTAIN,0.5,UNCERTAIN,0.5,UNCERTAIN
PMC6532396_01,UNKNOWN (Insufficient Evidence),0.5,UNCERTAIN,0.5,UNCERTAIN,0.5,UNCERTAIN,0.5,UNCERTAIN,0.5,UNCERTAIN,0.5,UNCERTAIN,0.5,UNCERTAIN,0.5,UNCERTAIN,0.5,UNCERTAIN,0.9984444806720881,POSITIVE,0.5,UNCERTAIN,0.5,UNCERTAIN,0.5,UNCERTAIN,0.5,UNCERTAIN,0.5,UNCERTAIN
PMC6532396_02,Leishmaniasis,0.5,UNCERTAIN,0.5,UNCERTAIN,0.5,UNCERTAIN,0.5,UNCERTAIN,0.5,UNCERTAIN,0.9987458547310324,POSITIVE,0.5,UNCERTAIN,0.5,UNCERTAIN,0.5,UNCERTAIN,0.9999935663683562,POSITIVE,0.5,UNCERTAIN,0.5,UNCERTAIN,0.5,UNCERTAIN,0.5,UNCERTAIN,0.5,UNCERTAIN
PMC5991039_01,Malaria,0.5,UNCERTAIN,0.9999999927651935,POSITIVE,0.5,UNCERTAIN,0.9999999891550005,POSITIVE,0.5,UNCERTAIN,0.9999999892709824,POSITIVE,0.5,UNCERTAIN,0.5,UNCERTAIN,0.5,UNCERTAIN,0.9999999852041529,POSITIVE,0.5,UNCERTAIN,0.5,UNCERTAIN,0.5,UNCERTAIN,0.5,UNCERTAIN,0.5,UNCERTAIN
PMC10332309_01,Leishmaniasis,0.9999980922441104,POSITIVE,0.5,UNCERTAIN,0.5,UNCERTAIN,0.5,UNCERTAIN,0.5,UNCERTAIN,0.5,UNCERTAIN,0.5,UNCERTAIN,0.5,UNCERTAIN,0.5,UNCERTAIN,0.9999999997924325,POSITIVE,0.5,UNCERTAIN,0.5,UNCERTAIN,0.5,UNCERTAIN,0.5,UNCERTAIN,0.9999955604184251,POSITIVE
PMC3655258_01,Leishmaniasis,0.5,UNCERTAIN,0.9999984219434215,POSITIVE,0.5,UNCERTAIN,0.9999982180546787,POSITIVE,0.5,UNCERTAIN,0.9999979106384406,POSITIVE,0.5,UNCERTAIN,0.5,UNCERTAIN,0.5,UNCERTAIN,0.9999999997924325,POSITIVE,0.5,UNCERTAIN,0.5,UNCERTAIN,0.5,UNCERTAIN,0.5,UNCERTAIN,0.5,UNCERTAIN
PMC3523429_01,Leishmaniasis,0.5,UNCERTAIN,0.5,UNCERTAIN,0.5,UNCERTAIN,0.5,UNCERTAIN,0.5,UNCERTAIN,0.5,UNCERTAIN,0.5,UNCERTAIN,0.5,UNCERTAIN,0.5,UNCERTAIN,0.9999935663683562,POSITIVE,0.5,UNCERTAIN,0.5,UNCERTAIN,0.5,UNCERTAIN,0.9981947955627861,POSITIVE,0.5,UNCERTAIN
PMC2964852_01,Leishmaniasis,0.5,UNCERTAIN,0.5,UNCERTAIN,0.5,UNCERTAIN,0.5,UNCERTAIN,0.5,UNCERTAIN,0.5,UNCERTAIN,0.5,UNCERTAIN,0.5,UNCERTAIN,0.5,UNCERTAIN,0.9999935663683562,POSITIVE,0.5,UNCERTAIN,0.5,UNCERTAIN,0.5,UNCERTAIN,0.5,UNCERTAIN,0.5,UNCERTAIN
PMC4934146_01,Tuberculosis,0.5,UNCERTAIN,0.5,UNCERTAIN,0.5,UNCERTAIN,0.9999999699801405,POSITIVE,0.5,UNCERTAIN,0.5,UNCERTAIN,0.5,UNCERTAIN,0.5,UNCERTAIN,0.5,UNCERTAIN,0.9999999097435012,POSITIVE,0.5,UNCERTAIN,0.5,UNCERTAIN,0.5,UNCERTAIN,0.5,UNCERTAIN,0.5,UNCERTAIN
PMC4934146_02,Leishmaniasis,0.5,UNCERTAIN,0.5,UNCERTAIN,0.5,UNCERTAIN,0.5,UNCERTAIN,0.5,UNCERTAIN,0.5,UNCERTAIN,0.5,UNCERTAIN,0.5,UNCERTAIN,0.5,UNCERTAIN,0.9999999097435012,POSITIVE,0.5,UNCERTAIN,0.5,UNCERTAIN,0.5,UNCERTAIN,0.5,UNCERTAIN,0.5,UNCERTAIN
PMC4934146_03,Leishmaniasis,0.5,UNCERTAIN,0.5,UNCERTAIN,0.5,UNCERTAIN,0.5,UNCERTAIN,0.998596824929277,POSITIVE,0.5,UNCERTAIN,0.5,UNCERTAIN,0.5,UNCERTAIN,0.5,UNCERTAIN,0.9999999097435012,POSITIVE,0.5,UNCERTAIN,0.5,UNCERTAIN,0.5,UNCERTAIN,0.5,UNCERTAIN,0.5,UNCERTAIN
PMC10369008_01,UNKNOWN (Insufficient Evidence),0.5,UNCERTAIN,0.9999984219434215,POSITIVE,0.5,UNCERTAIN,0.5,UNCERTAIN,0.9999973100599163,POSITIVE,0.5,UNCERTAIN,0.5,UNCERTAIN,0.5,UNCERTAIN,0.5,UNCERTAIN,0.5,UNCERTAIN,0.5,UNCERTAIN,0.5,UNCERTAIN,0.9999847361101836,POSITIVE,0.9999966310815537,POSITIVE,0.9999955604184251,POSITIVE
PMC5928731_01,Leptospirosis,0.9999980922441104,POSITIVE,0.9999984219434215,POSITIVE,0.5,UNCERTAIN,0.5,UNCERTAIN,0.5,UNCERTAIN,0.5,UNCERTAIN,0.5,UNCERTAIN,0.5,UNCERTAIN,0.5,UNCERTAIN,0.5,UNCERTAIN,0.5,UNCERTAIN,0.5,UNCERTAIN,0.5,UNCERTAIN,0.9936748800392454,POSITIVE,0.5,UNCERTAIN
PMC5928731_02,Leptospirosis,0.9999980922441104,POSITIVE,0.5,UNCERTAIN,0.5,UNCERTAIN,0.5,UNCERTAIN,0.9999973100599163,POSITIVE,0.9999979106384406,POSITIVE,0.5,UNCERTAIN,0.5,UNCERTAIN,0.5,UNCERTAIN,0.5,UNCERTAIN,0.5,UNCERTAIN,0.5,UNCERTAIN,0.5,UNCERTAIN,0.9999999997058641,POSITIVE,0.5,UNCERTAIN
PMC5928731_03,Leptospirosis,0.9999980922441104,POSITIVE,0.9999984219434215,POSITIVE,0.5,UNCERTAIN,0.5,UNCERTAIN,0.5,UNCERTAIN,0.5,UNCERTAIN,0.5,UNCERTAIN,0.5,UNCERTAIN,0.5,UNCERTAIN,0.5,UNCERTAIN,0.5,UNCERTAIN,0.5,UNCERTAIN,0.5,UNCERTAIN,0.9999999785554761,POSITIVE,0.9999955604184251,POSITIVE
PMC5928731_04,Dengue,0.9999999928198408,POSITIVE,0.5,UNCERTAIN,0.5,UNCERTAIN,0.5,UNCERTAIN,0.5,UNCERTAIN,0.5,UNCERTAIN,0.5,UNCERTAIN,0.5,UNCERTAIN,0.5,UNCERTAIN,0.5,UNCERTAIN,0.5,UNCERTAIN,0.5,UNCERTAIN,0.5,UNCERTAIN,0.5,UNCERTAIN,0.5,UNCERTAIN
PMC5629881_01,Leptospirosis,0.9999980922441104,POSITIVE,0.9999984219434215,POSITIVE,0.5,UNCERTAIN,0.5,UNCERTAIN,0.5,UNCERTAIN,0.5,UNCERTAIN,0.5,UNCERTAIN,0.5,UNCERTAIN,0.9999963107031327,POSITIVE,0.9999964171321384,POSITIVE,0.5,UNCERTAIN,0.5,UNCERTAIN,0.5,UNCERTAIN,0.9999999999958941,POSITIVE,0.9999955604184251,POSITIVE
PMC3714027_01,HIV_AIDS,0.5,UNCERTAIN,0.9999984219434215,POSITIVE,0.5,UNCERTAIN,0.5,UNCERTAIN,0.9999973100599163,POSITIVE,0.9999999997843407,POSITIVE,0.5,UNCERTAIN,0.5,UNCERTAIN,0.5,UNCERTAIN,0.5,UNCERTAIN,0.5,UNCERTAIN,0.5,UNCERTAIN,0.5,UNCERTAIN,0.9999999997058641,POSITIVE,0.9999955604184251,POSITIVE
PMC5933029_01,Dengue,0.9999999928198408,POSITIVE,0.5,UNCERTAIN,0.999995718940084,POSITIVE,0.5,UNCERTAIN,0.9999973100599163,POSITIVE,0.5,UNCERTAIN,0.5,UNCERTAIN,0.5,UNCERTAIN,0.5,UNCERTAIN,0.5,UNCERTAIN,0.5,UNCERTAIN,0.5,UNCERTAIN,0.9999997763199829,POSITIVE,0.9999999537913073,POSITIVE,0.5,UNCERTAIN
PMC5933029_02,Leptospirosis,0.9999999928198408,POSITIVE,0.5,UNCERTAIN,0.5,UNCERTAIN,0.5,UNCERTAIN,0.9999973100599163,POSITIVE,0.5,UNCERTAIN,0.5,UNCERTAIN,0.5,UNCERTAIN,0.5,UNCERTAIN,0.5,UNCERTAIN,0.5,UNCERTAIN,0.5,UNCERTAIN,0.5,UNCERTAIN,0.9999999997058641,POSITIVE,0.9999955604184251,POSITIVE
PMC5963052_01,UNKNOWN (Insufficient Evidence),0.5,UNCERTAIN,0.5,UNCERTAIN,0.5,UNCERTAIN,0.5,UNCERTAIN,0.5,UNCERTAIN,0.5,UNCERTAIN,0.5,UNCERTAIN,0.5,UNCERTAIN,0.5,UNCERTAIN,0.5,UNCERTAIN,0.5,UNCERTAIN,0.5,UNCERTAIN,0.5,UNCERTAIN,0.9999966310815537,POSITIVE,0.5,UNCERTAIN
PMC6126086_01,Leptospirosis,0.9999980922441104,POSITIVE,0.9999984219434215,POSITIVE,0.999995718940084,POSITIVE,0.9999982180546787,POSITIVE,0.5,UNCERTAIN,0.9999979106384406,POSITIVE,0.5,UNCERTAIN,0.5,UNCERTAIN,0.9999963107031327,POSITIVE,0.9999964171321384,POSITIVE,0.5,UNCERTAIN,0.5,UNCERTAIN,0.5,UNCERTAIN,0.9999999997058641,POSITIVE,0.9999955604184251,POSITIVE
PMC7183660_01,Tuberculosis,0.9862365430696266,POSITIVE,0.9999984219434215,POSITIVE,0.36389282382704324,NEGATIVE,0.9999999891550005,POSITIVE,0.9999973100599163,POSITIVE,0.9999979106384406,POSITIVE,0.5,UNCERTAIN,0.5,UNCERTAIN,0.5,UNCERTAIN,0.5,UNCERTAIN,0.5,UNCERTAIN,0.5,UNCERTAIN,0.5,UNCERTAIN,0.9999999785554761,POSITIVE,0.9999955604184251,POSITIVE
PMC3025967_01,Leptospirosis,0.9999980922441104,POSITIVE,0.9999984219434215,POSITIVE,0.999995718940084,POSITIVE,0.9999982180546787,POSITIVE,0.9999973100599163,POSITIVE,0.9999979106384406,POSITIVE,0.5,UNCERTAIN,0.5,UNCERTAIN,0.5,UNCERTAIN,0.5,UNCERTAIN,0.5,UNCERTAIN,0.5,UNCERTAIN,0.5,UNCERTAIN,0.9999999997006427,POSITIVE,0.9999955604184251,POSITIVE
PMC2787058_01,Leptospirosis,0.9999999928198408,POSITIVE,0.5,UNCERTAIN,0.5,UNCERTAIN,0.5,UNCERTAIN,0.5,UNCERTAIN,0.9999979106384406,POSITIVE,0.9999999233254806,POSITIVE,0.5,UNCERTAIN,0.5,UNCERTAIN,0.5,UNCERTAIN,0.5,UNCERTAIN,0.5,UNCERTAIN,0.5,UNCERTAIN,0.9999999997006427,POSITIVE,0.5,UNCERTAIN
PMC10404078_01,Leptospirosis,0.5,UNCERTAIN,0.9999999840031514,POSITIVE,0.999995718940084,POSITIVE,0.5,UNCERTAIN,0.9999973100599163,POSITIVE,0.9999999580025705,POSITIVE,0.5,UNCERTAIN,0.5,UNCERTAIN,0.5,UNCERTAIN,0.5,UNCERTAIN,0.5,UNCERTAIN,0.5,UNCERTAIN,0.5,UNCERTAIN,0.9999999785554761,POSITIVE,0.9999955604184251,POSITIVE
PMC2958626_01,UNKNOWN (Insufficient Evidence),0.5,UNCERTAIN,0.5,UNCERTAIN,0.5,UNCERTAIN,0.9999982180546787,POSITIVE,0.9999973100599163,POSITIVE,0.9999979106384406,POSITIVE,0.5,UNCERTAIN,0.5,UNCERTAIN,0.5,UNCERTAIN,0.5,UNCERTAIN,0.5,UNCERTAIN,0.5,UNCERTAIN,0.5,UNCERTAIN,0.9999966310815537,POSITIVE,0.5,UNCERTAIN
PMC8627985_01,Leptospirosis,0.9999980922441104,POSITIVE,0.5,UNCERTAIN,0.999995718940084,POSITIVE,0.5,UNCERTAIN,0.5,UNCERTAIN,0.5,UNCERTAIN,0.5,UNCERTAIN,0.5,UNCERTAIN,0.5,UNCERTAIN,0.5,UNCERTAIN,0.5,UNCERTAIN,0.5,UNCERTAIN,0.5,UNCERTAIN,0.9999999785554761,POSITIVE,0.5,UNCERTAIN
PMC8821090_01,Leptospirosis,0.9999980922441104,POSITIVE,0.9999984219434215,POSITIVE,0.999995718940084,POSITIVE,0.9999982180546787,POSITIVE,0.5,UNCERTAIN,0.5,UNCERTAIN,0.5,UNCERTAIN,0.5,UNCERTAIN,0.5,UNCERTAIN,0.5,UNCERTAIN,0.5,UNCERTAIN,0.5,UNCERTAIN,0.5,UNCERTAIN,0.9999999997058641,POSITIVE,0.9999955604184251,POSITIVE
PMC6644265_01,Dengue,0.9999999928198408,POSITIVE,0.5,UNCERTAIN,0.5,UNCERTAIN,0.9999982180546787,POSITIVE,0.9999973100599163,POSITIVE,0.5,UNCERTAIN,0.5,UNCERTAIN,0.5,UNCERTAIN,0.5,UNCERTAIN,0.5,UNCERTAIN,0.5,UNCERTAIN,0.5,UNCERTAIN,0.5,UNCERTAIN,0.9999999537913073,POSITIVE,0.5,UNCERTAIN
PMC8295509_01,Leptospirosis,0.9999980922441104,POSITIVE,0.9999984219434215,POSITIVE,0.5,UNCERTAIN,0.5,UNCERTAIN,0.9999973100599163,POSITIVE,0.5,UNCERTAIN,0.5,UNCERTAIN,0.5,UNCERTAIN,0.9999963107031327,POSITIVE,0.9999964171321384,POSITIVE,0.5,UNCERTAIN,0.5,UNCERTAIN,0.5,UNCERTAIN,0.9999999785554761,POSITIVE,0.5,UNCERTAIN
PMC5661914_01,UNKNOWN (Insufficient Evidence),0.5,UNCERTAIN,0.9999984219434215,POSITIVE,0.999995718940084,POSITIVE,0.9999982180546787,POSITIVE,0.5,UNCERTAIN,0.5,UNCERTAIN,0.5,UNCERTAIN,0.5,UNCERTAIN,0.9999999780593704,POSITIVE,0.9999964171321384,POSITIVE,0.9999884305059787,POSITIVE,0.5,UNCERTAIN,0.5,UNCERTAIN,0.9999966310815537,POSITIVE,0.5,UNCERTAIN
PMC3560203_01,Dengue,0.9999999999034719,POSITIVE,0.9999999840031514,POSITIVE,0.999995718940084,POSITIVE,0.9999982180546787,POSITIVE,0.9999973100599163,POSITIVE,0.5,UNCERTAIN,0.5,UNCERTAIN,0.5,UNCERTAIN,0.5,UNCERTAIN,0.9999999275921589,POSITIVE,0.5,UNCERTAIN,0.5,UNCERTAIN,0.5,UNCERTAIN,0.9999999997058641,POSITIVE,0.5,UNCERTAIN
PMC6304550_01,UNKNOWN (Insufficient Evidence),0.5,UNCERTAIN,0.5,UNCERTAIN,0.9979865599175791,POSITIVE,0.9988075807076872,POSITIVE,0.998596824929277,POSITIVE,0.5,UNCERTAIN,0.5,UNCERTAIN,0.5,UNCERTAIN,0.5,UNCERTAIN,0.5,UNCERTAIN,0.5,UNCERTAIN,0.5,UNCERTAIN,0.5,UNCERTAIN,0.9981947955627861,POSITIVE,0.5,UNCERTAIN
PMC9744786_01,Leptospirosis,0.5,UNCERTAIN,0.5,UNCERTAIN,0.5,UNCERTAIN,0.5,UNCERTAIN,0.9999973100599163,POSITIVE,0.5,UNCERTAIN,0.5,UNCERTAIN,0.5,UNCERTAIN,0.5,UNCERTAIN,0.5,UNCERTAIN,0.5,UNCERTAIN,0.5,UNCERTAIN,0.5,UNCERTAIN,0.9999999997006427,POSITIVE,0.5,UNCERTAIN
PMC3322787_01,Leptospirosis,0.5,UNCERTAIN,0.9999984219434215,POSITIVE,0.5,UNCERTAIN,0.9999982180546787,POSITIVE,0.5,UNCERTAIN,0.5,UNCERTAIN,0.5,UNCERTAIN,0.5,UNCERTAIN,0.5,UNCERTAIN,0.5,UNCERTAIN,0.5,UNCERTAIN,0.5,UNCERTAIN,0.5,UNCERTAIN,0.9999999997006427,POSITIVE,0.9999955604184251,POSITIVE
PMC3322787_02,Leptospirosis,0.5,UNCERTAIN,0.5,UNCERTAIN,0.5,UNCERTAIN,0.5,UNCERTAIN,0.5,UNCERTAIN,0.5,UNCERTAIN,0.5,UNCERTAIN,0.5,UNCERTAIN,0.9999963107031327,POSITIVE,0.5,UNCERTAIN,0.5,UNCERTAIN,0.5,UNCERTAIN,0.5,UNCERTAIN,0.9999999997058641,POSITIVE,0.5,UNCERTAIN
PMC3322787_03,Leptospirosis,0.5,UNCERTAIN,0.5,UNCERTAIN,0.5,UNCERTAIN,0.5,UNCERTAIN,0.5,UNCERTAIN,0.5,UNCERTAIN,0.5,UNCERTAIN,0.5,UNCERTAIN,0.9999963107031327,POSITIVE,0.5,UNCERTAIN,0.5,UNCERTAIN,0.5,UNCERTAIN,0.5,UNCERTAIN,0.9999999785554761,POSITIVE,0.5,UNCERTAIN
PMC3322787_04,Leptospirosis,0.9999980922441104,POSITIVE,0.9999984219434215,POSITIVE,0.5,UNCERTAIN,0.5,UNCERTAIN,0.5,UNCERTAIN,0.5,UNCERTAIN,0.5,UNCERTAIN,0.5,UNCERTAIN,0.5,UNCERTAIN,0.5,UNCERTAIN,0.5,UNCERTAIN,0.5,UNCERTAIN,0.5,UNCERTAIN,0.9999999785554761,POSITIVE,0.5,UNCERTAIN
PMC3322787_05,Leptospirosis,0.5,UNCERTAIN,0.9999984219434215,POSITIVE,0.5,UNCERTAIN,0.9999982180546787,POSITIVE,0.5,UNCERTAIN,0.5,UNCERTAIN,0.5,UNCERTAIN,0.5,UNCERTAIN,0.5,UNCERTAIN,0.5,UNCERTAIN,0.5,UNCERTAIN,0.5,UNCERTAIN,0.5,UNCERTAIN,0.9999999993549443,POSITIVE,0.9999955604184251,POSITIVE
PMC3322787_06,Leptospirosis,0.5,UNCERTAIN,0.9999984219434215,POSITIVE,0.5,UNCERTAIN,0.5,UNCERTAIN,0.5,UNCERTAIN,0.5,UNCERTAIN,0.5,UNCERTAIN,0.5,UNCERTAIN,0.5,UNCERTAIN,0.5,UNCERTAIN,0.5,UNCERTAIN,0.5,UNCERTAIN,0.5,UNCERTAIN,0.9999999785554761,POSITIVE,0.5,UNCERTAIN
PMC2732520_01,UNKNOWN (Insufficient Evidence),0.9999980922441104,POSITIVE,0.5,UNCERTAIN,0.5,UNCERTAIN,0.5,UNCERTAIN,0.5,UNCERTAIN,0.5,UNCERTAIN,0.5,UNCERTAIN,0.9999903670399974,POSITIVE,0.5,UNCERTAIN,0.5,UNCERTAIN,0.5,UNCERTAIN,0.5,UNCERTAIN,0.5,UNCERTAIN,0.9999966310815537,POSITIVE,0.5,UNCERTAIN
PMC6942725_01,Leptospirosis,0.5,UNCERTAIN,0.9999984219434215,POSITIVE,0.999995718940084,POSITIVE,0.5,UNCERTAIN,0.5,UNCERTAIN,0.5,UNCERTAIN,0.5,UNCERTAIN,0.5,UNCERTAIN,0.5,UNCERTAIN,0.5,UNCERTAIN,0.5,UNCERTAIN,0.5,UNCERTAIN,0.5,UNCERTAIN,0.9999999997058641,POSITIVE,0.9999955604184251,POSITIVE
PMC6942725_02,Leptospirosis,0.9999980922441104,POSITIVE,0.999999965504895,POSITIVE,0.5,UNCERTAIN,0.5,UNCERTAIN,0.5,UNCERTAIN,0.9999979106384406,POSITIVE,0.5,UNCERTAIN,0.5,UNCERTAIN,0.5,UNCERTAIN,0.5,UNCERTAIN,0.5,UNCERTAIN,0.5,UNCERTAIN,0.5,UNCERTAIN,0.9999999997058641,POSITIVE,0.5,UNCERTAIN
PMC6907415_01,UNKNOWN (Insufficient Evidence),0.5,UNCERTAIN,0.9999984219434215,POSITIVE,0.999995718940084,POSITIVE,0.5,UNCERTAIN,0.9999973100599163,POSITIVE,0.9999979106384406,POSITIVE,0.5,UNCERTAIN,0.5,UNCERTAIN,0.5,UNCERTAIN,0.5,UNCERTAIN,0.5,UNCERTAIN,0.9999843110861651,POSITIVE,0.5,UNCERTAIN,0.9999966310815537,POSITIVE,0.9999955604184251,POSITIVE
PMC9950387_01,UNKNOWN (Insufficient Evidence),0.9999980922441104,POSITIVE,0.5,UNCERTAIN,0.5,UNCERTAIN,0.5,UNCERTAIN,0.5,UNCERTAIN,0.5,UNCERTAIN,0.5,UNCERTAIN,0.5,UNCERTAIN,0.5,UNCERTAIN,0.5,UNCERTAIN,0.5,UNCERTAIN,0.5,UNCERTAIN,0.5,UNCERTAIN,0.9999966310815537,POSITIVE,0.5,UNCERTAIN
PMC5660762_01,Leptospirosis,0.9999980922441104,POSITIVE,0.9999999927651935,POSITIVE,0.999995718940084,POSITIVE,0.5,UNCERTAIN,0.9999973100599163,POSITIVE,0.9999979106384406,POSITIVE,0.5,UNCERTAIN,0.5,UNCERTAIN,0.5,UNCERTAIN,0.5,UNCERTAIN,0.5,UNCERTAIN,0.5,UNCERTAIN,0.5,UNCERTAIN,0.9999999997058641,POSITIVE,0.9999955604184251,POSITIVE
PMC5392109_01,Leptospirosis,0.9999999743526097,POSITIVE,0.9999984219434215,POSITIVE,0.999995718940084,POSITIVE,0.9999982180546787,POSITIVE,0.9999973100599163,POSITIVE,0.5,UNCERTAIN,0.5,UNCERTAIN,0.5,UNCERTAIN,0.5,UNCERTAIN,0.5,UNCERTAIN,0.5,UNCERTAIN,0.5,UNCERTAIN,0.5,UNCERTAIN,0.9999999999958941,POSITIVE,0.9999955604184251,POSITIVE
PMC10028085_01,Tuberculosis,0.9999980922441104,POSITIVE,0.9999984219434215,POSITIVE,0.999995718940084,POSITIVE,0.9999999891550005,POSITIVE,0.5,UNCERTAIN,0.5,UNCERTAIN,0.5,UNCERTAIN,0.5,UNCERTAIN,0.5,UNCERTAIN,0.5,UNCERTAIN,0.5,UNCERTAIN,0.5,UNCERTAIN,0.5,UNCERTAIN,0.9999999785554761,POSITIVE,0.9999955604184251,POSITIVE
PMC9577070_01,Tuberculosis,0.9999980922441104,POSITIVE,0.9999984219434215,POSITIVE,0.5,UNCERTAIN,0.9999999926375517,POSITIVE,0.5,UNCERTAIN,0.5,UNCERTAIN,0.5,UNCERTAIN,0.5,UNCERTAIN,0.5,UNCERTAIN,0.5,UNCERTAIN,0.5,UNCERTAIN,0.5,UNCERTAIN,0.9999847361101836,POSITIVE,0.9999999785554761,POSITIVE,0.9999955604184251,POSITIVE
PMC3350071_01,Leptospirosis,0.5,UNCERTAIN,0.5,UNCERTAIN,0.5,UNCERTAIN,0.5,UNCERTAIN,0.5,UNCERTAIN,0.5,UNCERTAIN,0.5,UNCERTAIN,0.5,UNCERTAIN,0.5,UNCERTAIN,0.5,UNCERTAIN,0.5,UNCERTAIN,0.5,UNCERTAIN,0.5,UNCERTAIN,0.9999999997006427,POSITIVE,0.5,UNCERTAIN
PMC6288196_01,Leptospirosis,0.5,UNCERTAIN,0.9999984219434215,POSITIVE,0.5,UNCERTAIN,0.9999982180546787,POSITIVE,0.5,UNCERTAIN,0.5,UNCERTAIN,0.5,UNCERTAIN,0.5,UNCERTAIN,0.5,UNCERTAIN,0.5,UNCERTAIN,0.5,UNCERTAIN,0.5,UNCERTAIN,0.9999847361101836,POSITIVE,0.9999999997058641,POSITIVE,0.9999955604184251,POSITIVE
PMC3701397_01,Leptospirosis,0.5,UNCERTAIN,0.9999984219434215,POSITIVE,0.5,UNCERTAIN,0.5,UNCERTAIN,0.9999973100599163,POSITIVE,0.9999979106384406,POSITIVE,0.5,UNCERTAIN,0.5,UNCERTAIN,0.5,UNCERTAIN,0.5,UNCERTAIN,0.5,UNCERTAIN,0.5,UNCERTAIN,0.5,UNCERTAIN,0.9999999997058641,POSITIVE,0.9999955604184251,POSITIVE
PMC5676363_01,Tuberculosis,0.9999980922441104,POSITIVE,0.9999984219434215,POSITIVE,0.999995718940084,POSITIVE,0.9999999926375517,POSITIVE,0.9999973100599163,POSITIVE,0.5,UNCERTAIN,0.5,UNCERTAIN,0.5,UNCERTAIN,0.5,UNCERTAIN,0.5,UNCERTAIN,0.5,UNCERTAIN,0.5,UNCERTAIN,0.5,UNCERTAIN,0.9999999785554761,POSITIVE,0.9999955604184251,POSITIVE
PMC3914130_01,UNKNOWN (Insufficient Evidence),0.9999980922441104,POSITIVE,0.9999984219434215,POSITIVE,0.5,UNCERTAIN,0.5,UNCERTAIN,0.5,UNCERTAIN,0.5,UNCERTAIN,0.5,UNCERTAIN,0.5,UNCERTAIN,0.5,UNCERTAIN,0.5,UNCERTAIN,0.5,UNCERTAIN,0.5,UNCERTAIN,0.5,UNCERTAIN,0.9999966310815537,POSITIVE,0.9999955604184251,POSITIVE
PMC10262647_01,COVID-19,0.5,UNCERTAIN,0.9999984219434215,POSITIVE,0.5,UNCERTAIN,0.5,UNCERTAIN,0.9999997791379162,POSITIVE,0.5,UNCERTAIN,0.5,UNCERTAIN,0.5,UNCERTAIN,0.5,UNCERTAIN,0.5,UNCERTAIN,0.5,UNCERTAIN,0.5,UNCERTAIN,0.5,UNCERTAIN,0.9999999529710344,POSITIVE,0.9999955604184251,POSITIVE
PMC6778927_01,UNKNOWN (Insufficient Evidence),0.5,UNCERTAIN,0.9999984219434215,POSITIVE,0.5,UNCERTAIN,0.5,UNCERTAIN,0.5,UNCERTAIN,0.5,UNCERTAIN,0.5,UNCERTAIN,0.5,UNCERTAIN,0.5,UNCERTAIN,0.5,UNCERTAIN,0.5,UNCERTAIN,0.5,UNCERTAIN,0.5,UNCERTAIN,0.9999966310815537,POSITIVE,0.9999955604184251,POSITIVE
PMC8084661_01,Dengue,0.9999999998997969,POSITIVE,0.5,UNCERTAIN,0.999995718940084,POSITIVE,0.5,UNCERTAIN,0.999999987854959,POSITIVE,0.5,UNCERTAIN,0.5,UNCERTAIN,0.5,UNCERTAIN,0.5,UNCERTAIN,0.5,UNCERTAIN,0.5,UNCERTAIN,0.5,UNCERTAIN,0.5,UNCERTAIN,0.9999999993549443,POSITIVE,0.5,UNCERTAIN
PMC8084661_02,Dengue,0.9999999998997969,POSITIVE,0.5,UNCERTAIN,0.5,UNCERTAIN,0.5,UNCERTAIN,0.999999987854959,POSITIVE,0.5,UNCERTAIN,0.5,UNCERTAIN,0.5,UNCERTAIN,0.5,UNCERTAIN,0.5,UNCERTAIN,0.5,UNCERTAIN,0.5,UNCERTAIN,0.5,UNCERTAIN,0.9999966310815537,POSITIVE,0.5,UNCERTAIN
PMC3189475_01,Leptospirosis,0.9999980922441104,POSITIVE,0.9999984219434215,POSITIVE,0.999995718940084,POSITIVE,0.9999982180546787,POSITIVE,0.5,UNCERTAIN,0.5,UNCERTAIN,0.5,UNCERTAIN,0.5,UNCERTAIN,0.5,UNCERTAIN,0.5,UNCERTAIN,0.5,UNCERTAIN,0.5,UNCERTAIN,0.5,UNCERTAIN,0.9999999997006427,POSITIVE,0.5,UNCERTAIN
PMC9932277_01,Leptospirosis,0.5,UNCERTAIN,0.5,UNCERTAIN,0.5,UNCERTAIN,0.5,UNCERTAIN,0.5,UNCERTAIN,0.5,UNCERTAIN,0.5,UNCERTAIN,0.5,UNCERTAIN,0.5,UNCERTAIN,0.5,UNCERTAIN,0.5,UNCERTAIN,0.5,UNCERTAIN,0.9855576630906604,POSITIVE,0.9999999938947163,POSITIVE,0.5,UNCERTAIN
PMC11282534_01,Leptospirosis,0.5,UNCERTAIN,0.5,UNCERTAIN,0.5,UNCERTAIN,0.5,UNCERTAIN,0.5,UNCERTAIN,0.5,UNCERTAIN,0.5,UNCERTAIN,0.5,UNCERTAIN,0.5,UNCERTAIN,0.5,UNCERTAIN,0.5,UNCERTAIN,0.5,UNCERTAIN,0.5,UNCERTAIN,0.9999999785554761,POSITIVE,0.5,UNCERTAIN
PMC10749294_01,UNKNOWN (Insufficient Evidence),0.5,UNCERTAIN,0.5,UNCERTAIN,0.5,UNCERTAIN,0.5,UNCERTAIN,0.5,UNCERTAIN,0.5,UNCERTAIN,0.5,UNCERTAIN,0.5,UNCERTAIN,0.5,UNCERTAIN,0.5,UNCERTAIN,0.5,UNCERTAIN,0.5,UNCERTAIN,0.5,UNCERTAIN,0.9981947955627861,POSITIVE,0.5,UNCERTAIN
PMC10944945_01,UNKNOWN (Insufficient Evidence),0.5,UNCERTAIN,0.5,UNCERTAIN,0.5,UNCERTAIN,0.9999982180546787,POSITIVE,0.5,UNCERTAIN,0.5,UNCERTAIN,0.5,UNCERTAIN,0.5,UNCERTAIN,0.5,UNCERTAIN,0.5,UNCERTAIN,0.5,UNCERTAIN,0.5,UNCERTAIN,0.5,UNCERTAIN,0.9999999529710344,POSITIVE,0.5,UNCERTAIN
PMC10495113_01,Leptospirosis,0.5,UNCERTAIN,0.5,UNCERTAIN,0.5,UNCERTAIN,0.9999982180546787,POSITIVE,0.5,UNCERTAIN,0.5,UNCERTAIN,0.5,UNCERTAIN,0.5,UNCERTAIN,0.5,UNCERTAIN,0.5,UNCERTAIN,0.5,UNCERTAIN,0.5,UNCERTAIN,0.5,UNCERTAIN,0.9999999785554761,POSITIVE,0.5,UNCERTAIN
PMC10784276_01,Leptospirosis,0.9999980922441104,POSITIVE,0.9999984219434215,POSITIVE,0.5,UNCERTAIN,0.9999999926375517,POSITIVE,0.5,UNCERTAIN,0.9999979106384406,POSITIVE,0.5,UNCERTAIN,0.5,UNCERTAIN,0.5,UNCERTAIN,0.5,UNCERTAIN,0.5,UNCERTAIN,0.5,UNCERTAIN,0.5,UNCERTAIN,0.9999999997006427,POSITIVE,0.9999955604184251,POSITIVE
PMC10870101_01,UNKNOWN (Insufficient Evidence),0.9999980922441104,POSITIVE,0.9999984219434215,POSITIVE,0.999995718940084,POSITIVE,0.5,UNCERTAIN,0.9999973100599163,POSITIVE,0.5,UNCERTAIN,0.5,UNCERTAIN,0.5,UNCERTAIN,0.5,UNCERTAIN,0.9999964171321384,POSITIVE,0.9999884305059787,POSITIVE,0.5,UNCERTAIN,0.5,UNCERTAIN,0.9999966310815537,POSITIVE,0.5,UNCERTAIN
PMC10696568_01,Leptospirosis,0.9999980922441104,POSITIVE,0.9999999927651935,POSITIVE,0.5,UNCERTAIN,0.5,UNCERTAIN,0.5,UNCERTAIN,0.9999979106384406,POSITIVE,0.5,UNCERTAIN,0.5,UNCERTAIN,0.5,UNCERTAIN,0.5,UNCERTAIN,0.5,UNCERTAIN,0.5,UNCERTAIN,0.5,UNCERTAIN,0.9999999999958941,POSITIVE,0.9999955604184251,POSITIVE
PMC11774432_01,Malaria,0.9999980922441104,POSITIVE,0.9999999927651935,POSITIVE,0.5,UNCERTAIN,0.9999982180546787,POSITIVE,0.5,UNCERTAIN,0.5,UNCERTAIN,0.5,UNCERTAIN,0.5,UNCERTAIN,0.5,UNCERTAIN,0.9999964171321384,POSITIVE,0.9999884305059787,POSITIVE,0.5,UNCERTAIN,0.5,UNCERTAIN,0.9999966310815537,POSITIVE,0.9999955604184251,POSITIVE
PMC11769771_01,UNKNOWN (Insufficient Evidence),0.5,UNCERTAIN,0.9999984219434215,POSITIVE,0.5,UNCERTAIN,0.5,UNCERTAIN,0.5,UNCERTAIN,0.5,UNCERTAIN,0.5,UNCERTAIN,0.5,UNCERTAIN,0.5,UNCERTAIN,0.5,UNCERTAIN,0.5,UNCERTAIN,0.5,UNCERTAIN,0.5,UNCERTAIN,0.9999966310815537,POSITIVE,0.5,UNCERTAIN
PMC12638150_01,Leptospirosis,0.9999980922441104,POSITIVE,0.5,UNCERTAIN,0.5,UNCERTAIN,0.5,UNCERTAIN,0.9999973100599163,POSITIVE,0.5,UNCERTAIN,0.5,UNCERTAIN,0.5,UNCERTAIN,0.5,UNCERTAIN,0.5,UNCERTAIN,0.5,UNCERTAIN,0.5,UNCERTAIN,0.5,UNCERTAIN,0.9999999997006427,POSITIVE,0.9999955604184251,POSITIVE
PMC12638150_02,Leptospirosis,0.9999980922441104,POSITIVE,0.5,UNCERTAIN,0.999995718940084,POSITIVE,0.5,UNCERTAIN,0.9999973100599163,POSITIVE,0.5,UNCERTAIN,0.5,UNCERTAIN,0.5,UNCERTAIN,0.5,UNCERTAIN,0.5,UNCERTAIN,0.5,UNCERTAIN,0.5,UNCERTAIN,0.5,UNCERTAIN,0.9999999997006427,POSITIVE,0.5,UNCERTAIN
PMC12320078_01,Leptospirosis,0.5,UNCERTAIN,0.5,UNCERTAIN,0.5,UNCERTAIN,0.5,UNCERTAIN,0.9999973100599163,POSITIVE,0.5,UNCERTAIN,0.5,UNCERTAIN,0.5,UNCERTAIN,0.5,UNCERTAIN,0.5,UNCERTAIN,0.5,UNCERTAIN,0.5,UNCERTAIN,0.5,UNCERTAIN,0.9999999997006427,POSITIVE,0.9999955604184251,POSITIVE
PMC12148331_01,Leptospirosis,0.5,UNCERTAIN,0.9988334643200636,POSITIVE,0.9979865599175791,POSITIVE,0.5,UNCERTAIN,0.5,UNCERTAIN,0.5,UNCERTAIN,0.5,UNCERTAIN,0.5,UNCERTAIN,0.5,UNCERTAIN,0.5,UNCERTAIN,0.5,UNCERTAIN,0.5,UNCERTAIN,0.5,UNCERTAIN,0.9999998393025582,POSITIVE,0.9979039963314953,POSITIVE
PMC12702039_01,Leptospirosis,0.5,UNCERTAIN,0.9999984219434215,POSITIVE,0.5,UNCERTAIN,0.5,UNCERTAIN,0.9999973100599163,POSITIVE,0.5,UNCERTAIN,0.5,UNCERTAIN,0.5,UNCERTAIN,0.5,UNCERTAIN,0.5,UNCERTAIN,0.5,UNCERTAIN,0.5,UNCERTAIN,0.5,UNCERTAIN,0.9999999785554761,POSITIVE,0.5,UNCERTAIN
PMC12162303_01,Leptospirosis,0.5,UNCERTAIN,0.5,UNCERTAIN,0.999995718940084,POSITIVE,0.9999982180546787,POSITIVE,0.9999973100599163,POSITIVE,0.5,UNCERTAIN,0.5,UNCERTAIN,0.5,UNCERTAIN,0.5,UNCERTAIN,0.5,UNCERTAIN,0.5,UNCERTAIN,0.5,UNCERTAIN,0.5,UNCERTAIN,0.9999999785554761,POSITIVE,0.5,UNCERTAIN
PMC12162303_02,Leptospirosis,0.5,UNCERTAIN,0.5,UNCERTAIN,0.999995718940084,POSITIVE,0.9999982180546787,POSITIVE,0.9999973100599163,POSITIVE,0.5,UNCERTAIN,0.5,UNCERTAIN,0.5,UNCERTAIN,0.5,UNCERTAIN,0.5,UNCERTAIN,0.5,UNCERTAIN,0.5,UNCERTAIN,0.5,UNCERTAIN,0.9999999785554761,POSITIVE,0.5,UNCERTAIN
PMC8282370_01,Malaria,0.5,UNCERTAIN,0.999999999953786,POSITIVE,0.5,UNCERTAIN,0.5,UNCERTAIN,0.5,UNCERTAIN,0.9999979106384406,POSITIVE,0.5,UNCERTAIN,0.5,UNCERTAIN,0.5,UNCERTAIN,0.5,UNCERTAIN,0.5,UNCERTAIN,0.5,UNCERTAIN,0.5,UNCERTAIN,0.9999966310815537,POSITIVE,0.9999955604184251,POSITIVE
PMC9124883_01,UNKNOWN (Insufficient Evidence),0.5,UNCERTAIN,0.9999997872983558,POSITIVE,0.5,UNCERTAIN,0.5,UNCERTAIN,0.5,UNCERTAIN,0.5,UNCERTAIN,0.5,UNCERTAIN,0.5,UNCERTAIN,0.5,UNCERTAIN,0.5,UNCERTAIN,0.5,UNCERTAIN,0.5,UNCERTAIN,0.5,UNCERTAIN,0.5,UNCERTAIN,0.5,UNCERTAIN
PMC3350299_01,Malaria,0.5,UNCERTAIN,0.999999999953786,POSITIVE,0.5,UNCERTAIN,0.5,UNCERTAIN,0.5,UNCERTAIN,0.5,UNCERTAIN,0.5,UNCERTAIN,0.5,UNCERTAIN,0.9999963107031327,POSITIVE,0.9999964171321384,POSITIVE,0.5,UNCERTAIN,0.5,UNCERTAIN,0.5,UNCERTAIN,0.9999966310815537,POSITIVE,0.9999955604184251,POSITIVE
PMC7074520_01,UNKNOWN (Insufficient Evidence),0.9999980922441104,POSITIVE,0.9999984219434215,POSITIVE,0.5,UNCERTAIN,0.5,UNCERTAIN,0.5,UNCERTAIN,0.5,UNCERTAIN,0.5,UNCERTAIN,0.5,UNCERTAIN,0.5,UNCERTAIN,0.9999964171321384,POSITIVE,0.5,UNCERTAIN,0.9999843110861651,POSITIVE,0.5,UNCERTAIN,0.9999966310815537,POSITIVE,0.9999955604184251,POSITIVE
PMC6877966_01,Malaria,0.5,UNCERTAIN,0.9999999999995315,POSITIVE,0.5,UNCERTAIN,0.5,UNCERTAIN,0.5,UNCERTAIN,0.5,UNCERTAIN,0.5,UNCERTAIN,0.5,UNCERTAIN,0.5,UNCERTAIN,0.5,UNCERTAIN,0.5,UNCERTAIN,0.5,UNCERTAIN,0.5,UNCERTAIN,0.5,UNCERTAIN,0.5,UNCERTAIN
PMC7305490_01,Malaria,0.9999980922441104,POSITIVE,0.999999999953786,POSITIVE,0.5,UNCERTAIN,0.5,UNCERTAIN,0.999999987854959,POSITIVE,0.5,UNCERTAIN,0.5,UNCERTAIN,0.5,UNCERTAIN,0.5,UNCERTAIN,0.5,UNCERTAIN,0.5,UNCERTAIN,0.5,UNCERTAIN,0.5,UNCERTAIN,0.9999966310815537,POSITIVE,0.9999955604184251,POSITIVE
PMC5333739_01,Malaria,0.9999980922441104,POSITIVE,0.999999999953786,POSITIVE,0.5,UNCERTAIN,0.5,UNCERTAIN,0.9999973100599163,POSITIVE,0.5,UNCERTAIN,0.5,UNCERTAIN,0.5,UNCERTAIN,0.5,UNCERTAIN,0.5,UNCERTAIN,0.5,UNCERTAIN,0.5,UNCERTAIN,0.5,UNCERTAIN,0.5,UNCERTAIN,0.5,UNCERTAIN
PMC4723722_01,Malaria,0.5,UNCERTAIN,0.9999999657976725,POSITIVE,0.5,UNCERTAIN,0.5,UNCERTAIN,0.5,UNCERTAIN,0.5,UNCERTAIN,0.5,UNCERTAIN,0.5,UNCERTAIN,0.5,UNCERTAIN,0.5,UNCERTAIN,0.5,UNCERTAIN,0.5,UNCERTAIN,0.5,UNCERTAIN,0.5,UNCERTAIN,0.5,UNCERTAIN
PMC6798169_01,UNKNOWN (Insufficient Evidence),0.5,UNCERTAIN,0.9999999840031514,POSITIVE,0.5,UNCERTAIN,0.9999982180546787,POSITIVE,0.5,UNCERTAIN,0.5,UNCERTAIN,0.5,UNCERTAIN,0.5,UNCERTAIN,0.5,UNCERTAIN,0.5,UNCERTAIN,0.5,UNCERTAIN,0.5,UNCERTAIN,0.5,UNCERTAIN,0.9999966310815537,POSITIVE,0.9999955604184251,POSITIVE
PMC10176193_01,Malaria,0.5,UNCERTAIN,0.999999999953786,POSITIVE,0.5,UNCERTAIN,0.9999982180546787,POSITIVE,0.5,UNCERTAIN,0.9999979106384406,POSITIVE,0.5,UNCERTAIN,0.5,UNCERTAIN,0.5,UNCERTAIN,0.5,UNCERTAIN,0.5,UNCERTAIN,0.5,UNCERTAIN,0.5,UNCERTAIN,0.5,UNCERTAIN,0.5,UNCERTAIN
PMC5288520_01,Malaria,0.5,UNCERTAIN,0.999999999953786,POSITIVE,0.5,UNCERTAIN,0.5,UNCERTAIN,0.5,UNCERTAIN,0.5,UNCERTAIN,0.5,UNCERTAIN,0.5,UNCERTAIN,0.5,UNCERTAIN,0.5,UNCERTAIN,0.5,UNCERTAIN,0.5,UNCERTAIN,0.5,UNCERTAIN,0.5,UNCERTAIN,0.5,UNCERTAIN
PMC5298438_01,UNKNOWN (Insufficient Evidence),0.5,UNCERTAIN,0.9998426074156601,POSITIVE,0.5,UNCERTAIN,0.5,UNCERTAIN,0.5,UNCERTAIN,0.9987458547310324,POSITIVE,0.5,UNCERTAIN,0.5,UNCERTAIN,0.5,UNCERTAIN,0.5,UNCERTAIN,0.5,UNCERTAIN,0.5,UNCERTAIN,0.5,UNCERTAIN,0.5,UNCERTAIN,0.5,UNCERTAIN
PMC8626575_01,UNKNOWN (Insufficient Evidence),0.5,UNCERTAIN,0.9998426074156601,POSITIVE,0.9979865599175791,POSITIVE,0.5,UNCERTAIN,0.5,UNCERTAIN,0.5,UNCERTAIN,0.5,UNCERTAIN,0.5,UNCERTAIN,0.5,UNCERTAIN,0.5,UNCERTAIN,0.5,UNCERTAIN,0.5,UNCERTAIN,0.5,UNCERTAIN,0.5,UNCERTAIN,0.5,UNCERTAIN
PMC3278342_01,Malaria,0.5,UNCERTAIN,0.9999999657976725,POSITIVE,0.5,UNCERTAIN,0.9988075807076872,POSITIVE,0.5,UNCERTAIN,0.5,UNCERTAIN,0.5,UNCERTAIN,0.5,UNCERTAIN,0.5,UNCERTAIN,0.5,UNCERTAIN,0.5,UNCERTAIN,0.5,UNCERTAIN,0.5,UNCERTAIN,0.5,UNCERTAIN,0.5,UNCERTAIN
PMC9755714_01,Malaria,0.5,UNCERTAIN,0.9999999657976725,POSITIVE,0.5,UNCERTAIN,0.5,UNCERTAIN,0.5,UNCERTAIN,0.5,UNCERTAIN,0.5,UNCERTAIN,0.5,UNCERTAIN,0.5,UNCERTAIN,0.5,UNCERTAIN,0.5,UNCERTAIN,0.5,UNCERTAIN,0.5,UNCERTAIN,0.5,UNCERTAIN,0.5,UNCERTAIN
PMC9974305_01,UNKNOWN (Insufficient Evidence),0.9999980922441104,POSITIVE,0.9999999999989897,POSITIVE,0.999995718940084,POSITIVE,0.5,UNCERTAIN,0.9999973100599163,POSITIVE,0.9999999580025705,POSITIVE,0.5,UNCERTAIN,0.5,UNCERTAIN,0.5,UNCERTAIN,0.9999964171321384,POSITIVE,0.5,UNCERTAIN,0.5,UNCERTAIN,0.5,UNCERTAIN,0.9999966310815537,POSITIVE,0.9999955604184251,POSITIVE
PMC1190197_01,Malaria,0.9986499226313071,POSITIVE,0.9999992783012074,POSITIVE,0.9979865599175791,POSITIVE,0.5,UNCERTAIN,0.998596824929277,POSITIVE,0.5,UNCERTAIN,0.5,UNCERTAIN,0.9999595880676214,POSITIVE,0.5,UNCERTAIN,0.9984444806720881,POSITIVE,0.5,UNCERTAIN,0.5,UNCERTAIN,0.5,UNCERTAIN,0.9981947955627861,POSITIVE,0.5,UNCERTAIN
PMC5540382_01,Dengue,0.9999999998997969,POSITIVE,0.9999999999989897,POSITIVE,0.5,UNCERTAIN,0.5,UNCERTAIN,0.5,UNCERTAIN,0.9999979106384406,POSITIVE,0.5,UNCERTAIN,0.5,UNCERTAIN,0.5,UNCERTAIN,0.5,UNCERTAIN,0.5,UNCERTAIN,0.5,UNCERTAIN,0.5,UNCERTAIN,0.5,UNCERTAIN,0.5,UNCERTAIN
PMC3160001_01,UNKNOWN (Insufficient Evidence),0.5,UNCERTAIN,0.9999997872983558,POSITIVE,0.5,UNCERTAIN,0.5,UNCERTAIN,0.5,UNCERTAIN,0.5,UNCERTAIN,0.5,UNCERTAIN,0.5,UNCERTAIN,0.5,UNCERTAIN,0.5,UNCERTAIN,0.5,UNCERTAIN,0.5,UNCERTAIN,0.5,UNCERTAIN,0.5,UNCERTAIN,0.5,UNCERTAIN
PMC6854926_01,Malaria,0.9999980922441104,POSITIVE,0.999999999953786,POSITIVE,0.5,UNCERTAIN,0.5,UNCERTAIN,0.9999973100599163,POSITIVE,0.5,UNCERTAIN,0.5,UNCERTAIN,0.5,UNCERTAIN,0.5,UNCERTAIN,0.5,UNCERTAIN,0.5,UNCERTAIN,0.5,UNCERTAIN,0.5,UNCERTAIN,0.9999966310815537,POSITIVE,0.9999955604184251,POSITIVE
PMC3927189_01,Malaria,0.9999980922441104,POSITIVE,0.999999999953786,POSITIVE,0.5,UNCERTAIN,0.5,UNCERTAIN,0.5,UNCERTAIN,0.9999979106384406,POSITIVE,0.5,UNCERTAIN,0.5,UNCERTAIN,0.5,UNCERTAIN,0.5,UNCERTAIN,0.5,UNCERTAIN,0.5,UNCERTAIN,0.5,UNCERTAIN,0.9999966310815537,POSITIVE,0.9999955604184251,POSITIVE
PMC10202396_01,Dengue,0.9999999928198408,POSITIVE,0.9999999899197729,POSITIVE,0.5,UNCERTAIN,0.9999982180546787,POSITIVE,0.5,UNCERTAIN,0.5,UNCERTAIN,0.5,UNCERTAIN,0.5,UNCERTAIN,0.5,UNCERTAIN,0.5,UNCERTAIN,0.9999884305059787,POSITIVE,0.5,UNCERTAIN,0.5,UNCERTAIN,0.5,UNCERTAIN,0.5,UNCERTAIN
PMC2836824_01,Malaria,0.9999980922441104,POSITIVE,0.999999999953786,POSITIVE,0.999995718940084,POSITIVE,0.5,UNCERTAIN,0.5,UNCERTAIN,0.5,UNCERTAIN,0.5,UNCERTAIN,0.5,UNCERTAIN,0.5,UNCERTAIN,0.5,UNCERTAIN,0.5,UNCERTAIN,0.5,UNCERTAIN,0.5,UNCERTAIN,0.9999966310815537,POSITIVE,0.9999955604184251,POSITIVE
PMC4900318_01,UNKNOWN (Insufficient Evidence),0.5,UNCERTAIN,0.9998426074156601,POSITIVE,0.5,UNCERTAIN,0.5,UNCERTAIN,0.998596824929277,POSITIVE,0.5,UNCERTAIN,0.5,UNCERTAIN,0.5,UNCERTAIN,0.5,UNCERTAIN,0.5,UNCERTAIN,0.5,UNCERTAIN,0.5,UNCERTAIN,0.5,UNCERTAIN,0.5,UNCERTAIN,0.5,UNCERTAIN
PMC3909449_01,Malaria,0.5,UNCERTAIN,0.999999999953786,POSITIVE,0.5,UNCERTAIN,0.5,UNCERTAIN,0.5,UNCERTAIN,0.5,UNCERTAIN,0.5,UNCERTAIN,0.5,UNCERTAIN,0.5,UNCERTAIN,0.5,UNCERTAIN,0.5,UNCERTAIN,0.5,UNCERTAIN,0.5,UNCERTAIN,0.5,UNCERTAIN,0.5,UNCERTAIN
PMC5409949_01,UNKNOWN (Insufficient Evidence),0.5,UNCERTAIN,0.9998426074156601,POSITIVE,0.5,UNCERTAIN,0.5,UNCERTAIN,0.5,UNCERTAIN,0.5,UNCERTAIN,0.5,UNCERTAIN,0.5,UNCERTAIN,0.5,UNCERTAIN,0.5,UNCERTAIN,0.5,UNCERTAIN,0.5,UNCERTAIN,0.5,UNCERTAIN,0.5,UNCERTAIN,0.5,UNCERTAIN
PMC8183367_01,Dengue,0.9999999928198408,POSITIVE,0.9999984219434215,POSITIVE,0.5,UNCERTAIN,0.9999982180546787,POSITIVE,0.9999973100599163,POSITIVE,0.9999979106384406,POSITIVE,0.9999903165470853,POSITIVE,0.5,UNCERTAIN,0.5,UNCERTAIN,0.5,UNCERTAIN,0.5,UNCERTAIN,0.5,UNCERTAIN,0.5,UNCERTAIN,0.9999966310815537,POSITIVE,0.5,UNCERTAIN
PMC3634252_01,UNKNOWN (Insufficient Evidence),0.5,UNCERTAIN,0.9998426074156601,POSITIVE,0.5,UNCERTAIN,0.5,UNCERTAIN,0.5,UNCERTAIN,0.5,UNCERTAIN,0.5,UNCERTAIN,0.5,UNCERTAIN,0.5,UNCERTAIN,0.5,UNCERTAIN,0.5,UNCERTAIN,0.5,UNCERTAIN,0.5,UNCERTAIN,0.5,UNCERTAIN,0.5,UNCERTAIN
PMC9187986_01,Malaria,0.5,UNCERTAIN,0.9999999927651935,POSITIVE,0.5,UNCERTAIN,0.5,UNCERTAIN,0.999999987854959,POSITIVE,0.5,UNCERTAIN,0.5,UNCERTAIN,0.5,UNCERTAIN,0.5,UNCERTAIN,0.5,UNCERTAIN,0.5,UNCERTAIN,0.5,UNCERTAIN,0.5,UNCERTAIN,0.5,UNCERTAIN,0.5,UNCERTAIN
PMC5748105_01,Malaria,0.9999980922441104,POSITIVE,0.9999999927651935,POSITIVE,0.5,UNCERTAIN,0.5,UNCERTAIN,0.5,UNCERTAIN,0.5,UNCERTAIN,0.5,UNCERTAIN,0.5,UNCERTAIN,0.5,UNCERTAIN,0.5,UNCERTAIN,0.5,UNCERTAIN,0.5,UNCERTAIN,0.5,UNCERTAIN,0.5,UNCERTAIN,0.9999955604184251,POSITIVE
PMC3327677_01,Malaria,0.5,UNCERTAIN,0.999999999953786,POSITIVE,0.5,UNCERTAIN,0.9999982180546787,POSITIVE,0.9999973100599163,POSITIVE,0.5,UNCERTAIN,0.5,UNCERTAIN,0.5,UNCERTAIN,0.5,UNCERTAIN,0.5,UNCERTAIN,0.5,UNCERTAIN,0.5,UNCERTAIN,0.5,UNCERTAIN,0.9999966310815537,POSITIVE,0.9999955604184251,POSITIVE
PMC3724672_01,UNKNOWN (Insufficient Evidence),0.5,UNCERTAIN,0.9988334643200636,POSITIVE,0.5,UNCERTAIN,0.5,UNCERTAIN,0.5,UNCERTAIN,0.5,UNCERTAIN,0.5,UNCERTAIN,0.5,UNCERTAIN,0.5,UNCERTAIN,0.5,UNCERTAIN,0.5,UNCERTAIN,0.5,UNCERTAIN,0.5,UNCERTAIN,0.5,UNCERTAIN,0.5,UNCERTAIN
PMC4366991_01,Dengue,0.9999999998997969,POSITIVE,0.999999965504895,POSITIVE,0.36389282382704324,NEGATIVE,0.5,UNCERTAIN,0.5,UNCERTAIN,0.9999979106384406,POSITIVE,0.5,UNCERTAIN,0.5,UNCERTAIN,0.5,UNCERTAIN,0.5,UNCERTAIN,0.9999884305059787,POSITIVE,0.5,UNCERTAIN,0.5,UNCERTAIN,0.9999966310815537,POSITIVE,0.9999955604184251,POSITIVE
PMC7102467_01,Malaria,0.5,UNCERTAIN,0.999999999953786,POSITIVE,0.5,UNCERTAIN,0.5,UNCERTAIN,0.5,UNCERTAIN,0.5,UNCERTAIN,0.5,UNCERTAIN,0.5,UNCERTAIN,0.5,UNCERTAIN,0.5,UNCERTAIN,0.5,UNCERTAIN,0.5,UNCERTAIN,0.5,UNCERTAIN,0.5,UNCERTAIN,0.5,UNCERTAIN
PMC3485391_01,Malaria,0.5,UNCERTAIN,0.9999999990248428,POSITIVE,0.5,UNCERTAIN,0.5,UNCERTAIN,0.5,UNCERTAIN,0.5,UNCERTAIN,0.5,UNCERTAIN,0.5,UNCERTAIN,0.5,UNCERTAIN,0.5,UNCERTAIN,0.5,UNCERTAIN,0.5,UNCERTAIN,0.5,UNCERTAIN,0.5,UNCERTAIN,0.5,UNCERTAIN
PMC8298113_01,COVID-19,0.5,UNCERTAIN,0.9998426074156601,POSITIVE,0.5,UNCERTAIN,0.5,UNCERTAIN,0.9999936558397975,POSITIVE,0.5,UNCERTAIN,0.5,UNCERTAIN,0.5,UNCERTAIN,0.5,UNCERTAIN,0.5,UNCERTAIN,0.5,UNCERTAIN,0.5,UNCERTAIN,0.5,UNCERTAIN,0.5,UNCERTAIN,0.5,UNCERTAIN
PMC6556344_01,Malaria,0.5,UNCERTAIN,0.9999946456558404,POSITIVE,0.5,UNCERTAIN,0.5,UNCERTAIN,0.5,UNCERTAIN,0.5,UNCERTAIN,0.5,UNCERTAIN,0.5,UNCERTAIN,0.5,UNCERTAIN,0.5,UNCERTAIN,0.5,UNCERTAIN,0.5,UNCERTAIN,0.5,UNCERTAIN,0.5,UNCERTAIN,0.5,UNCERTAIN
PMC6556344_02,Malaria,0.5,UNCERTAIN,0.9999946456558404,POSITIVE,0.5,UNCERTAIN,0.5,UNCERTAIN,0.5,UNCERTAIN,0.5,UNCERTAIN,0.5,UNCERTAIN,0.5,UNCERTAIN,0.5,UNCERTAIN,0.5,UNCERTAIN,0.5,UNCERTAIN,0.5,UNCERTAIN,0.5,UNCERTAIN,0.5,UNCERTAIN,0.5,UNCERTAIN
PMC4340331_01,Malaria,0.9999999743526097,POSITIVE,0.9999999999995315,POSITIVE,0.5,UNCERTAIN,0.5,UNCERTAIN,0.5,UNCERTAIN,0.5,UNCERTAIN,0.5,UNCERTAIN,0.5,UNCERTAIN,0.5,UNCERTAIN,0.5,UNCERTAIN,0.5,UNCERTAIN,0.5,UNCERTAIN,0.5,UNCERTAIN,0.5,UNCERTAIN,0.5,UNCERTAIN
PMC6396591_01,UNKNOWN (Insufficient Evidence),0.9999980922441104,POSITIVE,0.9999999999989897,POSITIVE,0.5,UNCERTAIN,0.5,UNCERTAIN,0.5,UNCERTAIN,0.5,UNCERTAIN,0.5,UNCERTAIN,0.5,UNCERTAIN,0.5,UNCERTAIN,0.5,UNCERTAIN,0.5,UNCERTAIN,0.5,UNCERTAIN,0.5,UNCERTAIN,0.5,UNCERTAIN,0.5,UNCERTAIN
PMC9048794_01,UNKNOWN (Insufficient Evidence),0.9999980922441104,POSITIVE,0.9999984219434215,POSITIVE,0.999995718940084,POSITIVE,0.5,UNCERTAIN,0.5,UNCERTAIN,0.5,UNCERTAIN,0.5,UNCERTAIN,0.5,UNCERTAIN,0.5,UNCERTAIN,0.5,UNCERTAIN,0.5,UNCERTAIN,0.5,UNCERTAIN,0.5,UNCERTAIN,0.9999966310815537,POSITIVE,0.9999955604184251,POSITIVE
PMC9094363_01,UNKNOWN (Insufficient Evidence),0.5,UNCERTAIN,0.9999984219434215,POSITIVE,0.5,UNCERTAIN,0.9999982180546787,POSITIVE,0.5,UNCERTAIN,0.5,UNCERTAIN,0.5,UNCERTAIN,0.5,UNCERTAIN,0.5,UNCERTAIN,0.5,UNCERTAIN,0.5,UNCERTAIN,0.5,UNCERTAIN,0.5,UNCERTAIN,0.5,UNCERTAIN,0.5,UNCERTAIN
PMC5763020_01,Malaria,0.9999980922441104,POSITIVE,0.9999999999995315,POSITIVE,0.5,UNCERTAIN,0.5,UNCERTAIN,0.5,UNCERTAIN,0.5,UNCERTAIN,0.5,UNCERTAIN,0.5,UNCERTAIN,0.5,UNCERTAIN,0.5,UNCERTAIN,0.5,UNCERTAIN,0.5,UNCERTAIN,0.5,UNCERTAIN,0.9999966310815537,POSITIVE,0.9999955604184251,POSITIVE
PMC3323262_01,Malaria,0.9999980922441104,POSITIVE,0.999999999953786,POSITIVE,0.5,UNCERTAIN,0.5,UNCERTAIN,0.5,UNCERTAIN,0.9999979106384406,POSITIVE,0.5,UNCERTAIN,0.5,UNCERTAIN,0.5,UNCERTAIN,0.5,UNCERTAIN,0.5,UNCERTAIN,0.5,UNCERTAIN,0.5,UNCERTAIN,0.9999966310815537,POSITIVE,0.9999955604184251,POSITIVE
PMC3323262_02,Malaria,0.5,UNCERTAIN,0.999999999953786,POSITIVE,0.5,UNCERTAIN,0.5,UNCERTAIN,0.5,UNCERTAIN,0.9999999580025705,POSITIVE,0.5,UNCERTAIN,0.5,UNCERTAIN,0.5,UNCERTAIN,0.5,UNCERTAIN,0.5,UNCERTAIN,0.5,UNCERTAIN,0.5,UNCERTAIN,0.5,UNCERTAIN,0.5,UNCERTAIN
PMC2793369_01,Malaria,0.5,UNCERTAIN,0.999999999953786,POSITIVE,0.5,UNCERTAIN,0.5,UNCERTAIN,0.5,UNCERTAIN,0.5,UNCERTAIN,0.5,UNCERTAIN,0.5,UNCERTAIN,0.5,UNCERTAIN,0.5,UNCERTAIN,0.5,UNCERTAIN,0.5,UNCERTAIN,0.5,UNCERTAIN,0.5,UNCERTAIN,0.5,UNCERTAIN
PMC9617488_01,UNKNOWN (Insufficient Evidence),0.5,UNCERTAIN,0.9999984219434215,POSITIVE,0.5,UNCERTAIN,0.5,UNCERTAIN,0.5,UNCERTAIN,0.5,UNCERTAIN,0.5,UNCERTAIN,0.5,UNCERTAIN,0.5,UNCERTAIN,0.5,UNCERTAIN,0.5,UNCERTAIN,0.5,UNCERTAIN,0.5,UNCERTAIN,0.5,UNCERTAIN,0.5,UNCERTAIN
PMC10286531_01,UNKNOWN (Insufficient Evidence),0.5,UNCERTAIN,0.9998426074156601,POSITIVE,0.5,UNCERTAIN,0.5,UNCERTAIN,0.5,UNCERTAIN,0.5,UNCERTAIN,0.5,UNCERTAIN,0.5,UNCERTAIN,0.5,UNCERTAIN,0.5,UNCERTAIN,0.5,UNCERTAIN,0.5,UNCERTAIN,0.5,UNCERTAIN,0.5,UNCERTAIN,0.5,UNCERTAIN
PMC7532816_01,UNKNOWN (Insufficient Evidence),0.5,UNCERTAIN,0.5,UNCERTAIN,0.5,UNCERTAIN,0.5,UNCERTAIN,0.5,UNCERTAIN,0.5,UNCERTAIN,0.5,UNCERTAIN,0.5,UNCERTAIN,0.5,UNCERTAIN,0.5,UNCERTAIN,0.5,UNCERTAIN,0.5,UNCERTAIN,0.5,UNCERTAIN,0.5,UNCERTAIN,0.5,UNCERTAIN
PMC3613673_01,Malaria,0.9999980922441104,POSITIVE,0.999999999953786,POSITIVE,0.5,UNCERTAIN,0.5,UNCERTAIN,0.9999973100599163,POSITIVE,0.5,UNCERTAIN,0.5,UNCERTAIN,0.5,UNCERTAIN,0.5,UNCERTAIN,0.5,UNCERTAIN,0.5,UNCERTAIN,0.5,UNCERTAIN,0.5,UNCERTAIN,0.5,UNCERTAIN,0.5,UNCERTAIN
PMC6469747_01,UNKNOWN (Insufficient Evidence),0.5,UNCERTAIN,0.9999984219434215,POSITIVE,0.5,UNCERTAIN,0.9999982180546787,POSITIVE,0.5,UNCERTAIN,0.9999979106384406,POSITIVE,0.5,UNCERTAIN,0.5,UNCERTAIN,0.5,UNCERTAIN,0.5,UNCERTAIN,0.5,UNCERTAIN,0.5,UNCERTAIN,0.5,UNCERTAIN,0.5,UNCERTAIN,0.5,UNCERTAIN
PMC6005283_01,UNKNOWN (Insufficient Evidence),0.5,UNCERTAIN,0.9999997872983558,POSITIVE,0.5,UNCERTAIN,0.5,UNCERTAIN,0.9999973100599163,POSITIVE,0.5,UNCERTAIN,0.5,UNCERTAIN,0.5,UNCERTAIN,0.5,UNCERTAIN,0.5,UNCERTAIN,0.5,UNCERTAIN,0.5,UNCERTAIN,0.5,UNCERTAIN,0.5,UNCERTAIN,0.5,UNCERTAIN
PMC8415062_01,Malaria,0.5,UNCERTAIN,0.999999999953786,POSITIVE,0.5,UNCERTAIN,0.5,UNCERTAIN,0.5,UNCERTAIN,0.5,UNCERTAIN,0.5,UNCERTAIN,0.5,UNCERTAIN,0.5,UNCERTAIN,0.5,UNCERTAIN,0.5,UNCERTAIN,0.9999999013343713,POSITIVE,0.5,UNCERTAIN,0.9999966310815537,POSITIVE,0.5,UNCERTAIN
PMC10169240_01,Malaria,0.5,UNCERTAIN,0.999999999953786,POSITIVE,0.5,UNCERTAIN,0.5,UNCERTAIN,0.5,UNCERTAIN,0.5,UNCERTAIN,0.5,UNCERTAIN,0.5,UNCERTAIN,0.5,UNCERTAIN,0.5,UNCERTAIN,0.5,UNCERTAIN,0.5,UNCERTAIN,0.5,UNCERTAIN,0.5,UNCERTAIN,0.9999955604184251,POSITIVE
PMC10204151_01,Malaria,0.5,UNCERTAIN,0.999999999953786,POSITIVE,0.5,UNCERTAIN,0.9999982180546787,POSITIVE,0.9999973100599163,POSITIVE,0.5,UNCERTAIN,0.5,UNCERTAIN,0.5,UNCERTAIN,0.5,UNCERTAIN,0.9999964171321384,POSITIVE,0.5,UNCERTAIN,0.5,UNCERTAIN,0.5,UNCERTAIN,0.5,UNCERTAIN,0.5,UNCERTAIN
PMC10204151_02,Malaria,0.9999980922441104,POSITIVE,0.999999999953786,POSITIVE,0.5,UNCERTAIN,0.9999982180546787,POSITIVE,0.999999987854959,POSITIVE,0.5,UNCERTAIN,0.5,UNCERTAIN,0.5,UNCERTAIN,0.5,UNCERTAIN,0.5,UNCERTAIN,0.5,UNCERTAIN,0.5,UNCERTAIN,0.5,UNCERTAIN,0.9999966310815537,POSITIVE,0.9999955604184251,POSITIVE
PMC3965942_01,Malaria,0.5,UNCERTAIN,0.999999999953786,POSITIVE,0.5,UNCERTAIN,0.5,UNCERTAIN,0.5,UNCERTAIN,0.5,UNCERTAIN,0.5,UNCERTAIN,0.5,UNCERTAIN,0.5,UNCERTAIN,0.5,UNCERTAIN,0.5,UNCERTAIN,0.5,UNCERTAIN,0.5,UNCERTAIN,0.5,UNCERTAIN,0.5,UNCERTAIN
PMC4010067_01,Malaria,0.9999980922441104,POSITIVE,0.9999999999995315,POSITIVE,0.5,UNCERTAIN,0.5,UNCERTAIN,0.5,UNCERTAIN,0.9999979106384406,POSITIVE,0.5,UNCERTAIN,0.5,UNCERTAIN,0.5,UNCERTAIN,0.5,UNCERTAIN,0.9999884305059787,POSITIVE,0.5,UNCERTAIN,0.5,UNCERTAIN,0.5,UNCERTAIN,0.5,UNCERTAIN
PMC3748642_01,Malaria,0.5,UNCERTAIN,0.999999999953786,POSITIVE,0.5,UNCERTAIN,0.5,UNCERTAIN,0.5,UNCERTAIN,0.5,UNCERTAIN,0.5,UNCERTAIN,0.5,UNCERTAIN,0.5,UNCERTAIN,0.9999964171321384,POSITIVE,0.5,UNCERTAIN,0.5,UNCERTAIN,0.5,UNCERTAIN,0.5,UNCERTAIN,0.5,UNCERTAIN
PMC6598109_03,UNKNOWN (Insufficient Evidence),0.5,UNCERTAIN,0.9999997872983558,POSITIVE,0.5,UNCERTAIN,0.5,UNCERTAIN,0.5,UNCERTAIN,0.5,UNCERTAIN,0.5,UNCERTAIN,0.5,UNCERTAIN,0.5,UNCERTAIN,0.5,UNCERTAIN,0.5,UNCERTAIN,0.5,UNCERTAIN,0.5,UNCERTAIN,0.5,UNCERTAIN,0.5,UNCERTAIN
PMC7491212_01,UNKNOWN (Insufficient Evidence),0.5,UNCERTAIN,0.9998426074156601,POSITIVE,0.5,UNCERTAIN,0.5,UNCERTAIN,0.5,UNCERTAIN,0.5,UNCERTAIN,0.5,UNCERTAIN,0.5,UNCERTAIN,0.5,UNCERTAIN,0.5,UNCERTAIN,0.5,UNCERTAIN,0.5,UNCERTAIN,0.5,UNCERTAIN,0.5,UNCERTAIN,0.5,UNCERTAIN
PMC5439245_01,UNKNOWN (Insufficient Evidence),0.5,UNCERTAIN,0.9998426074156601,POSITIVE,0.5,UNCERTAIN,0.5,UNCERTAIN,0.5,UNCERTAIN,0.5,UNCERTAIN,0.5,UNCERTAIN,0.5,UNCERTAIN,0.5,UNCERTAIN,0.5,UNCERTAIN,0.5,UNCERTAIN,0.5,UNCERTAIN,0.5,UNCERTAIN,0.5,UNCERTAIN,0.5,UNCERTAIN
PMC4066825_01,UNKNOWN (Insufficient Evidence),0.5,UNCERTAIN,0.9998426074156601,POSITIVE,0.5,UNCERTAIN,0.5,UNCERTAIN,0.5,UNCERTAIN,0.5,UNCERTAIN,0.5,UNCERTAIN,0.5,UNCERTAIN,0.5,UNCERTAIN,0.5,UNCERTAIN,0.5,UNCERTAIN,0.5,UNCERTAIN,0.5,UNCERTAIN,0.5,UNCERTAIN,0.5,UNCERTAIN
PMC8579963_01,UNKNOWN (Insufficient Evidence),0.5,UNCERTAIN,0.9999984219434215,POSITIVE,0.5,UNCERTAIN,0.5,UNCERTAIN,0.5,UNCERTAIN,0.5,UNCERTAIN,0.5,UNCERTAIN,0.5,UNCERTAIN,0.5,UNCERTAIN,0.5,UNCERTAIN,0.5,UNCERTAIN,0.5,UNCERTAIN,0.5,UNCERTAIN,0.9999966310815537,POSITIVE,0.9999955604184251,POSITIVE
PMC3154926_01,UNKNOWN (Insufficient Evidence),0.5,UNCERTAIN,0.9999881611098925,POSITIVE,0.5,UNCERTAIN,0.5,UNCERTAIN,0.5,UNCERTAIN,0.5,UNCERTAIN,0.5,UNCERTAIN,0.5,UNCERTAIN,0.5,UNCERTAIN,0.5,UNCERTAIN,0.5,UNCERTAIN,0.5,UNCERTAIN,0.5,UNCERTAIN,0.5,UNCERTAIN,0.5,UNCERTAIN
PMC3154926_02,Malaria,0.5,UNCERTAIN,0.9999999996532897,POSITIVE,0.5,UNCERTAIN,0.5,UNCERTAIN,0.5,UNCERTAIN,0.5,UNCERTAIN,0.5,UNCERTAIN,0.5,UNCERTAIN,0.5,UNCERTAIN,0.5,UNCERTAIN,0.5,UNCERTAIN,0.5,UNCERTAIN,0.5,UNCERTAIN,0.5,UNCERTAIN,0.5,UNCERTAIN
PMC3154926_03,Malaria,0.5,UNCERTAIN,0.9999999657976725,POSITIVE,0.5,UNCERTAIN,0.5,UNCERTAIN,0.5,UNCERTAIN,0.5,UNCERTAIN,0.5,UNCERTAIN,0.5,UNCERTAIN,0.5,UNCERTAIN,0.5,UNCERTAIN,0.5,UNCERTAIN,0.5,UNCERTAIN,0.5,UNCERTAIN,0.5,UNCERTAIN,0.5,UNCERTAIN
PMC3154926_04,Malaria,0.5,UNCERTAIN,0.9999999657976725,POSITIVE,0.5,UNCERTAIN,0.5,UNCERTAIN,0.998596824929277,POSITIVE,0.5,UNCERTAIN,0.5,UNCERTAIN,0.5,UNCERTAIN,0.5,UNCERTAIN,0.5,UNCERTAIN,0.5,UNCERTAIN,0.5,UNCERTAIN,0.5,UNCERTAIN,0.5,UNCERTAIN,0.5,UNCERTAIN
PMC5709382_01,Malaria,0.5,UNCERTAIN,0.9999999996532897,POSITIVE,0.5,UNCERTAIN,0.9988075807076872,POSITIVE,0.966455755654489,POSITIVE,0.99457445400457,POSITIVE,0.5,UNCERTAIN,0.5,UNCERTAIN,0.5,UNCERTAIN,0.5,UNCERTAIN,0.5,UNCERTAIN,0.5,UNCERTAIN,0.5,UNCERTAIN,0.5,UNCERTAIN,0.5,UNCERTAIN
PMC4612483_01,UNKNOWN (Insufficient Evidence),0.5,UNCERTAIN,0.9999997872983558,POSITIVE,0.5,UNCERTAIN,0.5,UNCERTAIN,0.5,UNCERTAIN,0.5,UNCERTAIN,0.5,UNCERTAIN,0.5,UNCERTAIN,0.5,UNCERTAIN,0.5,UNCERTAIN,0.5,UNCERTAIN,0.5,UNCERTAIN,0.5,UNCERTAIN,0.5,UNCERTAIN,0.5,UNCERTAIN
PMC9990783_01,UNKNOWN (Insufficient Evidence),0.5,UNCERTAIN,0.9998426074156601,POSITIVE,0.5,UNCERTAIN,0.5,UNCERTAIN,0.5,UNCERTAIN,0.5,UNCERTAIN,0.5,UNCERTAIN,0.5,UNCERTAIN,0.5,UNCERTAIN,0.5,UNCERTAIN,0.5,UNCERTAIN,0.5,UNCERTAIN,0.5,UNCERTAIN,0.5,UNCERTAIN,0.5,UNCERTAIN
PMC4590547_01,UNKNOWN (Insufficient Evidence),0.9986499226313071,POSITIVE,0.9998426074156601,POSITIVE,0.9979865599175791,POSITIVE,0.5,UNCERTAIN,0.998596824929277,POSITIVE,0.5,UNCERTAIN,0.5,UNCERTAIN,0.5,UNCERTAIN,0.5,UNCERTAIN,0.5,UNCERTAIN,0.5,UNCERTAIN,0.5,UNCERTAIN,0.5,UNCERTAIN,0.5,UNCERTAIN,0.5,UNCERTAIN
PMC6343228_01,Malaria,0.5,UNCERTAIN,0.999999999953786,POSITIVE,0.5,UNCERTAIN,0.9999999926375517,POSITIVE,0.5,UNCERTAIN,0.9999979106384406,POSITIVE,0.5,UNCERTAIN,0.5,UNCERTAIN,0.5,UNCERTAIN,0.5,UNCERTAIN,0.5,UNCERTAIN,0.5,UNCERTAIN,0.5,UNCERTAIN,0.5,UNCERTAIN,0.5,UNCERTAIN
PMC7320767_01,UNKNOWN (Insufficient Evidence),0.5,UNCERTAIN,0.9999999999989897,POSITIVE,0.5,UNCERTAIN,0.5,UNCERTAIN,0.5,UNCERTAIN,0.5,UNCERTAIN,0.5,UNCERTAIN,0.5,UNCERTAIN,0.5,UNCERTAIN,0.5,UNCERTAIN,0.5,UNCERTAIN,0.5,UNCERTAIN,0.5,UNCERTAIN,0.5,UNCERTAIN,0.5,UNCERTAIN
PMC3290876_01,Malaria,0.5,UNCERTAIN,0.999999999953786,POSITIVE,0.5,UNCERTAIN,0.5,UNCERTAIN,0.5,UNCERTAIN,0.9999999438675821,POSITIVE,0.5,UNCERTAIN,0.5,UNCERTAIN,0.5,UNCERTAIN,0.5,UNCERTAIN,0.5,UNCERTAIN,0.5,UNCERTAIN,0.5,UNCERTAIN,0.9999966310815537,POSITIVE,0.9999955604184251,POSITIVE
PMC6590619_01,Malaria,0.5,UNCERTAIN,0.9999999657976725,POSITIVE,0.5,UNCERTAIN,0.5,UNCERTAIN,0.5,UNCERTAIN,0.5,UNCERTAIN,0.5,UNCERTAIN,0.5,UNCERTAIN,0.5,UNCERTAIN,0.5,UNCERTAIN,0.5,UNCERTAIN,0.5,UNCERTAIN,0.5,UNCERTAIN,0.5,UNCERTAIN,0.5,UNCERTAIN
PMC3992807_01,Malaria,0.5,UNCERTAIN,0.999999999953786,POSITIVE,0.5,UNCERTAIN,0.5,UNCERTAIN,0.5,UNCERTAIN,0.5,UNCERTAIN,0.5,UNCERTAIN,0.5,UNCERTAIN,0.5,UNCERTAIN,0.5,UNCERTAIN,0.5,UNCERTAIN,0.5,UNCERTAIN,0.5,UNCERTAIN,0.9999966310815537,POSITIVE,0.9999955604184251,POSITIVE
PMC9972053_01,Malaria,0.9999999998997969,POSITIVE,0.999999999953786,POSITIVE,0.5,UNCERTAIN,0.5,UNCERTAIN,0.5,UNCERTAIN,0.5,UNCERTAIN,0.5,UNCERTAIN,0.5,UNCERTAIN,0.9999963107031327,POSITIVE,0.9999964171321384,POSITIVE,0.5,UNCERTAIN,0.5,UNCERTAIN,0.5,UNCERTAIN,0.9999966310815537,POSITIVE,0.9999955604184251,POSITIVE
PMC4395950_01,UNKNOWN (Insufficient Evidence),0.5,UNCERTAIN,0.999999882957716,POSITIVE,0.5,UNCERTAIN,0.5,UNCERTAIN,0.5,UNCERTAIN,0.9987458547310324,POSITIVE,0.5,UNCERTAIN,0.5,UNCERTAIN,0.5,UNCERTAIN,0.5,UNCERTAIN,0.5,UNCERTAIN,0.5,UNCERTAIN,0.5,UNCERTAIN,0.5,UNCERTAIN,0.5,UNCERTAIN
PMC6854972_01,Malaria,0.9999980922441104,POSITIVE,0.999999999953786,POSITIVE,0.5,UNCERTAIN,0.9999982180546787,POSITIVE,0.9999973100599163,POSITIVE,0.5,UNCERTAIN,0.5,UNCERTAIN,0.5,UNCERTAIN,0.5,UNCERTAIN,0.5,UNCERTAIN,0.5,UNCERTAIN,0.5,UNCERTAIN,0.5,UNCERTAIN,0.5,UNCERTAIN,0.5,UNCERTAIN
PMC7365499_01,Malaria,0.5,UNCERTAIN,0.999999999953786,POSITIVE,0.5,UNCERTAIN,0.9999982180546787,POSITIVE,0.5,UNCERTAIN,0.9999999580025705,POSITIVE,0.5,UNCERTAIN,0.5,UNCERTAIN,0.9999963107031327,POSITIVE,0.9999964171321384,POSITIVE,0.9999997657775918,POSITIVE,0.5,UNCERTAIN,0.5,UNCERTAIN,0.5,UNCERTAIN,0.5,UNCERTAIN
PMC4173424_01,UNKNOWN (Insufficient Evidence),0.9999980922441104,POSITIVE,0.9999997872983558,POSITIVE,0.5,UNCERTAIN,0.5,UNCERTAIN,0.9999973100599163,POSITIVE,0.5,UNCERTAIN,0.5,UNCERTAIN,0.5,UNCERTAIN,0.5,UNCERTAIN,0.5,UNCERTAIN,0.5,UNCERTAIN,0.5,UNCERTAIN,0.5,UNCERTAIN,0.5,UNCERTAIN,0.5,UNCERTAIN
PMC3401657_01,UNKNOWN (Insufficient Evidence),0.5,UNCERTAIN,0.9999999999999897,POSITIVE,0.5,UNCERTAIN,0.5,UNCERTAIN,0.5,UNCERTAIN,0.5,UNCERTAIN,0.5,UNCERTAIN,0.5,UNCERTAIN,0.9999963107031327,POSITIVE,0.9999999275921589,POSITIVE,0.9999884305059787,POSITIVE,0.5,UNCERTAIN,0.9999847361101836,POSITIVE,0.5,UNCERTAIN,0.5,UNCERTAIN
PMC7475762_02,Zika,0.5,UNCERTAIN,0.5,UNCERTAIN,0.5,UNCERTAIN,0.5,UNCERTAIN,0.5,UNCERTAIN,0.31131766443611897,NEGATIVE,0.5,UNCERTAIN,0.9999595880676214,POSITIVE,0.5,UNCERTAIN,0.5,UNCERTAIN,0.5,UNCERTAIN,0.5,UNCERTAIN,0.5,UNCERTAIN,0.5,UNCERTAIN,0.5,UNCERTAIN
PMC3085333_01,Malaria,0.9999980922441104,POSITIVE,0.9999999998978163,POSITIVE,0.5,UNCERTAIN,0.5,UNCERTAIN,0.5,UNCERTAIN,0.5,UNCERTAIN,0.5,UNCERTAIN,0.5,UNCERTAIN,0.5,UNCERTAIN,0.5,UNCERTAIN,0.5,UNCERTAIN,0.5,UNCERTAIN,0.5,UNCERTAIN,0.9999966310815537,POSITIVE,0.9999955604184251,POSITIVE
PMC4394002_01,Malaria,0.9999980922441104,POSITIVE,0.9999999927651935,POSITIVE,0.5,UNCERTAIN,0.9999982180546787,POSITIVE,0.5,UNCERTAIN,0.5,UNCERTAIN,0.5,UNCERTAIN,0.5,UNCERTAIN,0.5,UNCERTAIN,0.9999964171321384,POSITIVE,0.5,UNCERTAIN,0.5,UNCERTAIN,0.5,UNCERTAIN,0.5,UNCERTAIN,0.5,UNCERTAIN
PMC6480970_01,Malaria,0.5,UNCERTAIN,0.9999999899197729,POSITIVE,0.5,UNCERTAIN,0.5,UNCERTAIN,0.5,UNCERTAIN,0.5,UNCERTAIN,0.5,UNCERTAIN,0.5,UNCERTAIN,0.9999963107031327,POSITIVE,0.9999964171321384,POSITIVE,0.5,UNCERTAIN,0.5,UNCERTAIN,0.5,UNCERTAIN,0.9999966310815537,POSITIVE,0.9999955604184251,POSITIVE
PMC6480970_02,Malaria,0.5,UNCERTAIN,0.9999999899197729,POSITIVE,0.5,UNCERTAIN,0.5,UNCERTAIN,0.5,UNCERTAIN,0.5,UNCERTAIN,0.5,UNCERTAIN,0.5,UNCERTAIN,0.9999963107031327,POSITIVE,0.9999964171321384,POSITIVE,0.5,UNCERTAIN,0.5,UNCERTAIN,0.5,UNCERTAIN,0.9999966310815537,POSITIVE,0.5,UNCERTAIN
PMC9483008_01,UNKNOWN (Insufficient Evidence),0.5,UNCERTAIN,0.9999997872983558,POSITIVE,0.5,UNCERTAIN,0.5,UNCERTAIN,0.9999973100599163,POSITIVE,0.5,UNCERTAIN,0.5,UNCERTAIN,0.5,UNCERTAIN,0.5,UNCERTAIN,0.5,UNCERTAIN,0.5,UNCERTAIN,0.5,UNCERTAIN,0.5,UNCERTAIN,0.9999966310815537,POSITIVE,0.9999955604184251,POSITIVE
PMC3334782_01,UNKNOWN (Insufficient Evidence),0.9999980922441104,POSITIVE,0.9999997872983558,POSITIVE,0.5,UNCERTAIN,0.5,UNCERTAIN,0.9999973100599163,POSITIVE,0.5,UNCERTAIN,0.5,UNCERTAIN,0.5,UNCERTAIN,0.5,UNCERTAIN,0.5,UNCERTAIN,0.5,UNCERTAIN,0.5,UNCERTAIN,0.5,UNCERTAIN,0.9999966310815537,POSITIVE,0.5,UNCERTAIN
PMC6421800_01,Malaria,0.5,UNCERTAIN,0.9999999990248428,POSITIVE,0.999995718940084,POSITIVE,0.9999982180546787,POSITIVE,0.5,UNCERTAIN,0.5,UNCERTAIN,0.5,UNCERTAIN,0.5,UNCERTAIN,0.5,UNCERTAIN,0.5,UNCERTAIN,0.5,UNCERTAIN,0.5,UNCERTAIN,0.5,UNCERTAIN,0.5,UNCERTAIN,0.5,UNCERTAIN
PMC7522604_01,Malaria,0.5,UNCERTAIN,0.999999999953786,POSITIVE,0.5,UNCERTAIN,0.5,UNCERTAIN,0.999999987854959,POSITIVE,0.9999979106384406,POSITIVE,0.5,UNCERTAIN,0.5,UNCERTAIN,0.5,UNCERTAIN,0.5,UNCERTAIN,0.5,UNCERTAIN,0.5,UNCERTAIN,0.5,UNCERTAIN,0.5,UNCERTAIN,0.5,UNCERTAIN
PMC10374365_01,Malaria,0.5,UNCERTAIN,0.999999999953786,POSITIVE,0.5,UNCERTAIN,0.5,UNCERTAIN,0.5,UNCERTAIN,0.9999979106384406,POSITIVE,0.5,UNCERTAIN,0.5,UNCERTAIN,0.5,UNCERTAIN,0.5,UNCERTAIN,0.5,UNCERTAIN,0.5,UNCERTAIN,0.5,UNCERTAIN,0.9999966310815537,POSITIVE,0.9999955604184251,POSITIVE
PMC6521405_01,UNKNOWN (Insufficient Evidence),0.5,UNCERTAIN,0.9998426074156601,POSITIVE,0.5,UNCERTAIN,0.9988075807076872,POSITIVE,0.998596824929277,POSITIVE,0.5,UNCERTAIN,0.5,UNCERTAIN,0.5,UNCERTAIN,0.5,UNCERTAIN,0.5,UNCERTAIN,0.5,UNCERTAIN,0.5,UNCERTAIN,0.5,UNCERTAIN,0.5,UNCERTAIN,0.5,UNCERTAIN
PMC5622811_01,Malaria,0.5,UNCERTAIN,0.9954362994596944,POSITIVE,0.999995718940084,POSITIVE,0.5,UNCERTAIN,0.5,UNCERTAIN,0.5,UNCERTAIN,0.5,UNCERTAIN,0.5,UNCERTAIN,0.5,UNCERTAIN,0.5,UNCERTAIN,0.5,UNCERTAIN,0.5,UNCERTAIN,0.5,UNCERTAIN,0.5,UNCERTAIN,0.5,UNCERTAIN
PMC6289151_01,UNKNOWN (Insufficient Evidence),0.5,UNCERTAIN,0.9998426074156601,POSITIVE,0.5,UNCERTAIN,0.5,UNCERTAIN,0.998596824929277,POSITIVE,0.5,UNCERTAIN,0.5,UNCERTAIN,0.5,UNCERTAIN,0.5,UNCERTAIN,0.5,UNCERTAIN,0.5,UNCERTAIN,0.5,UNCERTAIN,0.5,UNCERTAIN,0.5,UNCERTAIN,0.5,UNCERTAIN
PMC10375055_01,Malaria,0.5,UNCERTAIN,0.9999999243753869,POSITIVE,0.5,UNCERTAIN,0.5,UNCERTAIN,0.5,UNCERTAIN,0.5,UNCERTAIN,0.5,UNCERTAIN,0.5,UNCERTAIN,0.5,UNCERTAIN,0.5,UNCERTAIN,0.5,UNCERTAIN,0.5,UNCERTAIN,0.5,UNCERTAIN,0.5,UNCERTAIN,0.5,UNCERTAIN
PMC3703740_01,Malaria,0.9999980922441104,POSITIVE,0.999999999953786,POSITIVE,0.5,UNCERTAIN,0.5,UNCERTAIN,0.5,UNCERTAIN,0.5,UNCERTAIN,0.5,UNCERTAIN,0.5,UNCERTAIN,0.5,UNCERTAIN,0.5,UNCERTAIN,0.5,UNCERTAIN,0.5,UNCERTAIN,0.5,UNCERTAIN,0.5,UNCERTAIN,0.5,UNCERTAIN
PMC3420555_01,UNKNOWN (Insufficient Evidence),0.5,UNCERTAIN,0.9998426074156601,POSITIVE,0.5,UNCERTAIN,0.5,UNCERTAIN,0.5,UNCERTAIN,0.5,UNCERTAIN,0.5,UNCERTAIN,0.5,UNCERTAIN,0.5,UNCERTAIN,0.5,UNCERTAIN,0.5,UNCERTAIN,0.5,UNCERTAIN,0.5,UNCERTAIN,0.5,UNCERTAIN,0.5,UNCERTAIN
PMC4285266_01,Malaria,0.5,UNCERTAIN,0.9999999999995315,POSITIVE,0.5,UNCERTAIN,0.5,UNCERTAIN,0.5,UNCERTAIN,0.5,UNCERTAIN,0.5,UNCERTAIN,0.5,UNCERTAIN,0.5,UNCERTAIN,0.5,UNCERTAIN,0.5,UNCERTAIN,0.5,UNCERTAIN,0.5,UNCERTAIN,0.9999966310815537,POSITIVE,0.9999955604184251,POSITIVE
PMC9432856_01,UNKNOWN (Insufficient Evidence),0.4995322228842786,UNCERTAIN,0.3203927069469911,NEGATIVE,0.31523947935045293,NEGATIVE,0.5747193862290804,UNCERTAIN,0.5121104272794513,UNCERTAIN,0.5386905502127388,UNCERTAIN,0.3606335027059405,NEGATIVE,0.47915927757263405,UNCERTAIN,0.6313990075547944,POSITIVE,0.6476104726216728,POSITIVE,0.37350614168368484,NEGATIVE,0.49582222886164945,UNCERTAIN,0.9999999385605502,POSITIVE,0.41244856790741624,UNCERTAIN,0.46641277567978456,UNCERTAIN
PMC9085745_01,Rabies,0.9999980922441104,POSITIVE,0.9999984219434215,POSITIVE,0.5,UNCERTAIN,0.5,UNCERTAIN,0.5,UNCERTAIN,0.5,UNCERTAIN,0.5,UNCERTAIN,0.5,UNCERTAIN,0.5,UNCERTAIN,0.5,UNCERTAIN,0.5,UNCERTAIN,0.5,UNCERTAIN,0.9999999964124977,POSITIVE,0.5,UNCERTAIN,0.5,UNCERTAIN
PMC6374822_01,UNKNOWN (Insufficient Evidence),0.5,UNCERTAIN,0.5,UNCERTAIN,0.5,UNCERTAIN,0.5,UNCERTAIN,0.5,UNCERTAIN,0.5,UNCERTAIN,0.5,UNCERTAIN,0.5,UNCERTAIN,0.5,UNCERTAIN,0.5,UNCERTAIN,0.5,UNCERTAIN,0.5,UNCERTAIN,0.9999401701327015,POSITIVE,0.5,UNCERTAIN,0.5,UNCERTAIN
PMC4782530_01,UNKNOWN (Insufficient Evidence),0.5,UNCERTAIN,0.5,UNCERTAIN,0.5,UNCERTAIN,0.5,UNCERTAIN,0.5,UNCERTAIN,0.5,UNCERTAIN,0.5,UNCERTAIN,0.5,UNCERTAIN,0.5,UNCERTAIN,0.5,UNCERTAIN,0.5,UNCERTAIN,0.5,UNCERTAIN,0.999999755185772,POSITIVE,0.5,UNCERTAIN,0.5,UNCERTAIN
PMC4782530_02,Rabies,0.5,UNCERTAIN,0.5,UNCERTAIN,0.5,UNCERTAIN,0.5,UNCERTAIN,0.5,UNCERTAIN,0.5,UNCERTAIN,0.5,UNCERTAIN,0.5,UNCERTAIN,0.5,UNCERTAIN,0.5,UNCERTAIN,0.5,UNCERTAIN,0.5,UNCERTAIN,0.9999999917523913,POSITIVE,0.5,UNCERTAIN,0.5,UNCERTAIN
PMC4722569_01,UNKNOWN (Insufficient Evidence),0.5,UNCERTAIN,0.5,UNCERTAIN,0.5,UNCERTAIN,0.5,UNCERTAIN,0.5,UNCERTAIN,0.5,UNCERTAIN,0.5,UNCERTAIN,0.5,UNCERTAIN,0.5,UNCERTAIN,0.5,UNCERTAIN,0.5,UNCERTAIN,0.5,UNCERTAIN,0.9999847361101836,POSITIVE,0.5,UNCERTAIN,0.5,UNCERTAIN
PMC6477471_01,UNKNOWN (Insufficient Evidence),0.5,UNCERTAIN,0.5,UNCERTAIN,0.5,UNCERTAIN,0.5,UNCERTAIN,0.5,UNCERTAIN,0.5,UNCERTAIN,0.5,UNCERTAIN,0.5,UNCERTAIN,0.5,UNCERTAIN,0.5,UNCERTAIN,0.5,UNCERTAIN,0.5,UNCERTAIN,0.999999755185772,POSITIVE,0.5,UNCERTAIN,0.5,UNCERTAIN
PMC6477471_02,UNKNOWN (Insufficient Evidence),0.5,UNCERTAIN,0.5,UNCERTAIN,0.5,UNCERTAIN,0.5,UNCERTAIN,0.5,UNCERTAIN,0.5,UNCERTAIN,0.5,UNCERTAIN,0.5,UNCERTAIN,0.5,UNCERTAIN,0.5,UNCERTAIN,0.5,UNCERTAIN,0.5,UNCERTAIN,0.999999755185772,POSITIVE,0.5,UNCERTAIN,0.5,UNCERTAIN
PMC4947331_01,Rabies,0.5,UNCERTAIN,0.9999984219434215,POSITIVE,0.999995718940084,POSITIVE,0.5,UNCERTAIN,0.5,UNCERTAIN,0.5,UNCERTAIN,0.5,UNCERTAIN,0.5,UNCERTAIN,0.5,UNCERTAIN,0.5,UNCERTAIN,0.5,UNCERTAIN,0.5,UNCERTAIN,0.9999999945825488,POSITIVE,0.5,UNCERTAIN,0.5,UNCERTAIN
PMC4818921_01,Rabies,0.5,UNCERTAIN,0.5,UNCERTAIN,0.5,UNCERTAIN,0.5,UNCERTAIN,0.5,UNCERTAIN,0.9999979106384406,POSITIVE,0.5,UNCERTAIN,0.5,UNCERTAIN,0.5,UNCERTAIN,0.5,UNCERTAIN,0.5,UNCERTAIN,0.5,UNCERTAIN,0.9999999999980616,POSITIVE,0.5,UNCERTAIN,0.5,UNCERTAIN
PMC3162835_01,Rabies,0.5,UNCERTAIN,0.5,UNCERTAIN,0.5,UNCERTAIN,0.5,UNCERTAIN,0.5,UNCERTAIN,0.5,UNCERTAIN,0.5,UNCERTAIN,0.5,UNCERTAIN,0.5,UNCERTAIN,0.5,UNCERTAIN,0.5,UNCERTAIN,0.5,UNCERTAIN,0.9999999999199648,POSITIVE,0.5,UNCERTAIN,0.5,UNCERTAIN
PMC3162835_02,Rabies,0.5,UNCERTAIN,0.5,UNCERTAIN,0.5,UNCERTAIN,0.5,UNCERTAIN,0.5,UNCERTAIN,0.5,UNCERTAIN,0.5,UNCERTAIN,0.5,UNCERTAIN,0.5,UNCERTAIN,0.5,UNCERTAIN,0.5,UNCERTAIN,0.5,UNCERTAIN,0.9999999945825488,POSITIVE,0.5,UNCERTAIN,0.5,UNCERTAIN
PMC6005287_01,UNKNOWN (Insufficient Evidence),0.5,UNCERTAIN,0.5,UNCERTAIN,0.5,UNCERTAIN,0.5,UNCERTAIN,0.5,UNCERTAIN,0.5,UNCERTAIN,0.5,UNCERTAIN,0.5,UNCERTAIN,0.5,UNCERTAIN,0.5,UNCERTAIN,0.5,UNCERTAIN,0.5,UNCERTAIN,0.9962832619898732,POSITIVE,0.5,UNCERTAIN,0.5,UNCERTAIN
PMC7326087_01,UNKNOWN (Insufficient Evidence),0.4995322228842786,UNCERTAIN,0.3203927069469911,NEGATIVE,0.9956367204861885,POSITIVE,0.5747193862290804,UNCERTAIN,0.9986631009930288,POSITIVE,0.5386905502127388,UNCERTAIN,0.3606335027059405,NEGATIVE,0.47915927757263405,UNCERTAIN,0.6313990075547944,POSITIVE,0.6476104726216728,POSITIVE,0.37350614168368484,NEGATIVE,0.9961725912929782,POSITIVE,0.9989763431924024,POSITIVE,0.41244856790741624,UNCERTAIN,0.46641277567978456,UNCERTAIN
PMC5360807_01,UNKNOWN (Insufficient Evidence),0.5,UNCERTAIN,0.5,UNCERTAIN,0.5,UNCERTAIN,0.5,UNCERTAIN,0.5,UNCERTAIN,0.5,UNCERTAIN,0.5,UNCERTAIN,0.5,UNCERTAIN,0.5,UNCERTAIN,0.5,UNCERTAIN,0.5,UNCERTAIN,0.5,UNCERTAIN,0.9999096542759566,POSITIVE,0.5,UNCERTAIN,0.5,UNCERTAIN
PMC5360807_02,UNKNOWN (Insufficient Evidence),0.5,UNCERTAIN,0.5,UNCERTAIN,0.5,UNCERTAIN,0.5,UNCERTAIN,0.5,UNCERTAIN,0.5,UNCERTAIN,0.5,UNCERTAIN,0.5,UNCERTAIN,0.5,UNCERTAIN,0.5,UNCERTAIN,0.5,UNCERTAIN,0.5,UNCERTAIN,0.9999096542759566,POSITIVE,0.5,UNCERTAIN,0.5,UNCERTAIN
PMC5360807_03,UNKNOWN (Insufficient Evidence),0.5,UNCERTAIN,0.5,UNCERTAIN,0.5,UNCERTAIN,0.5,UNCERTAIN,0.5,UNCERTAIN,0.5,UNCERTAIN,0.5,UNCERTAIN,0.5,UNCERTAIN,0.5,UNCERTAIN,0.5,UNCERTAIN,0.5,UNCERTAIN,0.5,UNCERTAIN,0.9999096542759566,POSITIVE,0.5,UNCERTAIN,0.5,UNCERTAIN
PMC6291859_01,UNKNOWN (Insufficient Evidence),0.5,UNCERTAIN,0.5,UNCERTAIN,0.5,UNCERTAIN,0.5,UNCERTAIN,0.5,UNCERTAIN,0.5,UNCERTAIN,0.5,UNCERTAIN,0.5,UNCERTAIN,0.5,UNCERTAIN,0.5,UNCERTAIN,0.5,UNCERTAIN,0.5,UNCERTAIN,0.999999755185772,POSITIVE,0.5,UNCERTAIN,0.5,UNCERTAIN
PMC5104963_01,Rabies,0.5,UNCERTAIN,0.5,UNCERTAIN,0.5,UNCERTAIN,0.5,UNCERTAIN,0.5,UNCERTAIN,0.5,UNCERTAIN,0.5,UNCERTAIN,0.5,UNCERTAIN,0.5,UNCERTAIN,0.5,UNCERTAIN,0.5,UNCERTAIN,0.5,UNCERTAIN,0.9999999950098252,POSITIVE,0.5,UNCERTAIN,0.5,UNCERTAIN
PMC1282576_01,Rabies,0.5,UNCERTAIN,0.5,UNCERTAIN,0.5,UNCERTAIN,0.5,UNCERTAIN,0.9955053197437763,POSITIVE,0.5,UNCERTAIN,0.5,UNCERTAIN,0.5,UNCERTAIN,0.5,UNCERTAIN,0.5,UNCERTAIN,0.5,UNCERTAIN,0.5,UNCERTAIN,0.9999999998791397,POSITIVE,0.5,UNCERTAIN,0.5,UNCERTAIN
PMC8170276_01,UNKNOWN (Insufficient Evidence),0.9999980886711564,POSITIVE,0.9999999268300322,POSITIVE,0.31523947935045293,NEGATIVE,0.5747193862290804,UNCERTAIN,0.9274517828219615,POSITIVE,0.5386905502127388,UNCERTAIN,0.3606335027059405,NEGATIVE,0.47915927757263405,UNCERTAIN,0.6313990075547944,POSITIVE,0.6476104726216728,POSITIVE,0.37350614168368484,NEGATIVE,0.49582222886164945,UNCERTAIN,0.9999999999780164,POSITIVE,0.41244856790741624,UNCERTAIN,0.46641277567978456,UNCERTAIN
PMC10495567_01,UNKNOWN (Insufficient Evidence),0.4995322228842786,UNCERTAIN,0.3203927069469911,NEGATIVE,0.31523947935045293,NEGATIVE,0.5747193862290804,UNCERTAIN,0.9986631009930288,POSITIVE,0.5386905502127388,UNCERTAIN,0.3606335027059405,NEGATIVE,0.47915927757263405,UNCERTAIN,0.6313990075547944,POSITIVE,0.6476104726216728,POSITIVE,0.37350614168368484,NEGATIVE,0.49582222886164945,UNCERTAIN,0.9999997591651052,POSITIVE,0.41244856790741624,UNCERTAIN,0.46641277567978456,UNCERTAIN
PMC10838048_01,Rabies,0.5,UNCERTAIN,0.5,UNCERTAIN,0.5,UNCERTAIN,0.5,UNCERTAIN,0.5,UNCERTAIN,0.5,UNCERTAIN,0.5,UNCERTAIN,0.5,UNCERTAIN,0.5,UNCERTAIN,0.5,UNCERTAIN,0.5,UNCERTAIN,0.5,UNCERTAIN,0.9999996594662364,POSITIVE,0.5,UNCERTAIN,0.5,UNCERTAIN
PMC13014852_01,UNKNOWN (Insufficient Evidence),0.5,UNCERTAIN,0.5,UNCERTAIN,0.5,UNCERTAIN,0.5,UNCERTAIN,0.5,UNCERTAIN,0.5,UNCERTAIN,0.5,UNCERTAIN,0.5,UNCERTAIN,0.5,UNCERTAIN,0.5,UNCERTAIN,0.5,UNCERTAIN,0.5,UNCERTAIN,0.9962832619898732,POSITIVE,0.5,UNCERTAIN,0.5,UNCERTAIN
PMC13111103_01,UNKNOWN (Insufficient Evidence),0.5,UNCERTAIN,0.5,UNCERTAIN,0.999995718940084,POSITIVE,0.5,UNCERTAIN,0.5,UNCERTAIN,0.5,UNCERTAIN,0.5,UNCERTAIN,0.5,UNCERTAIN,0.5,UNCERTAIN,0.5,UNCERTAIN,0.5,UNCERTAIN,0.5,UNCERTAIN,0.999999755185772,POSITIVE,0.5,UNCERTAIN,0.5,UNCERTAIN
PMC3736967_01,UNKNOWN (Insufficient Evidence),0.5,UNCERTAIN,0.5,UNCERTAIN,0.5,UNCERTAIN,0.9988075807076872,POSITIVE,0.5,UNCERTAIN,0.5,UNCERTAIN,0.5,UNCERTAIN,0.5,UNCERTAIN,0.5,UNCERTAIN,0.5,UNCERTAIN,0.5,UNCERTAIN,0.5,UNCERTAIN,0.5,UNCERTAIN,0.5,UNCERTAIN,0.5,UNCERTAIN
PMC9282816_01,Tuberculosis,0.5,UNCERTAIN,0.5,UNCERTAIN,0.5,UNCERTAIN,0.9999950674427663,POSITIVE,0.5,UNCERTAIN,0.9987458547310324,POSITIVE,0.5,UNCERTAIN,0.5,UNCERTAIN,0.5,UNCERTAIN,0.5,UNCERTAIN,0.5,UNCERTAIN,0.5,UNCERTAIN,0.5,UNCERTAIN,0.5,UNCERTAIN,0.5,UNCERTAIN
PMC8081048_01,UNKNOWN (Insufficient Evidence),0.5,UNCERTAIN,0.9988334643200636,POSITIVE,0.5,UNCERTAIN,0.9988075807076872,POSITIVE,0.5,UNCERTAIN,0.9987458547310324,POSITIVE,0.5,UNCERTAIN,0.5,UNCERTAIN,0.9981855547014358,POSITIVE,0.9984444806720881,POSITIVE,0.5,UNCERTAIN,0.5,UNCERTAIN,0.5,UNCERTAIN,0.5,UNCERTAIN,0.5,UNCERTAIN
PMC8081048_02,UNKNOWN (Insufficient Evidence),0.5,UNCERTAIN,0.9988334643200636,POSITIVE,0.9979865599175791,POSITIVE,0.9988075807076872,POSITIVE,0.5,UNCERTAIN,0.5,UNCERTAIN,0.5,UNCERTAIN,0.5,UNCERTAIN,0.5,UNCERTAIN,0.9984444806720881,POSITIVE,0.5,UNCERTAIN,0.5,UNCERTAIN,0.5,UNCERTAIN,0.9981947955627861,POSITIVE,0.5,UNCERTAIN
PMC4531616_01,Tuberculosis,0.5,UNCERTAIN,0.5,UNCERTAIN,0.5,UNCERTAIN,0.9999950674427663,POSITIVE,0.5,UNCERTAIN,0.9987458547310324,POSITIVE,0.5,UNCERTAIN,0.5,UNCERTAIN,0.5,UNCERTAIN,0.5,UNCERTAIN,0.5,UNCERTAIN,0.5,UNCERTAIN,0.5,UNCERTAIN,0.5,UNCERTAIN,0.5,UNCERTAIN
PMC8184239_01,Tuberculosis,0.5,UNCERTAIN,0.5,UNCERTAIN,0.5,UNCERTAIN,0.9999927342842909,POSITIVE,0.5,UNCERTAIN,0.5,UNCERTAIN,0.5,UNCERTAIN,0.5,UNCERTAIN,0.5,UNCERTAIN,0.5,UNCERTAIN,0.5,UNCERTAIN,0.5,UNCERTAIN,0.5,UNCERTAIN,0.5,UNCERTAIN,0.5,UNCERTAIN
PMC5648305_01,Tuberculosis,0.5,UNCERTAIN,0.5,UNCERTAIN,0.5,UNCERTAIN,0.9999999926375517,POSITIVE,0.5,UNCERTAIN,0.5,UNCERTAIN,0.5,UNCERTAIN,0.5,UNCERTAIN,0.5,UNCERTAIN,0.5,UNCERTAIN,0.5,UNCERTAIN,0.5,UNCERTAIN,0.5,UNCERTAIN,0.5,UNCERTAIN,0.5,UNCERTAIN
PMC8605226_01,Tuberculosis,0.9999980922441104,POSITIVE,0.9999984219434215,POSITIVE,0.5,UNCERTAIN,0.9999999926375517,POSITIVE,0.5,UNCERTAIN,0.9999979106384406,POSITIVE,0.5,UNCERTAIN,0.5,UNCERTAIN,0.5,UNCERTAIN,0.5,UNCERTAIN,0.5,UNCERTAIN,0.5,UNCERTAIN,0.5,UNCERTAIN,0.9999966310815537,POSITIVE,0.9999955604184251,POSITIVE
PMC8605226_02,Tuberculosis,0.9999980922441104,POSITIVE,0.9999984219434215,POSITIVE,0.5,UNCERTAIN,0.9999999994466984,POSITIVE,0.5,UNCERTAIN,0.9999979106384406,POSITIVE,0.5,UNCERTAIN,0.5,UNCERTAIN,0.5,UNCERTAIN,0.5,UNCERTAIN,0.5,UNCERTAIN,0.5,UNCERTAIN,0.5,UNCERTAIN,0.9999966310815537,POSITIVE,0.9999955604184251,POSITIVE
PMC6796728_01,HIV_AIDS,0.5,UNCERTAIN,0.5,UNCERTAIN,0.5,UNCERTAIN,0.9999999926375517,POSITIVE,0.5,UNCERTAIN,0.9999999999414717,POSITIVE,0.5,UNCERTAIN,0.5,UNCERTAIN,0.5,UNCERTAIN,0.5,UNCERTAIN,0.9999884305059787,POSITIVE,0.5,UNCERTAIN,0.5,UNCERTAIN,0.5,UNCERTAIN,0.5,UNCERTAIN
PMC8046462_01,Tuberculosis,0.5,UNCERTAIN,0.5,UNCERTAIN,0.5,UNCERTAIN,0.9999999891550005,POSITIVE,0.5,UNCERTAIN,0.5,UNCERTAIN,0.5,UNCERTAIN,0.5,UNCERTAIN,0.5,UNCERTAIN,0.5,UNCERTAIN,0.5,UNCERTAIN,0.5,UNCERTAIN,0.5,UNCERTAIN,0.5,UNCERTAIN,0.5,UNCERTAIN
PMC2958542_01,Tuberculosis,0.5,UNCERTAIN,0.5,UNCERTAIN,0.5,UNCERTAIN,0.999999999955192,POSITIVE,0.5,UNCERTAIN,0.9999979106384406,POSITIVE,0.5,UNCERTAIN,0.5,UNCERTAIN,0.5,UNCERTAIN,0.5,UNCERTAIN,0.5,UNCERTAIN,0.5,UNCERTAIN,0.5,UNCERTAIN,0.5,UNCERTAIN,0.5,UNCERTAIN
PMC4217363_01,Tuberculosis,0.5,UNCERTAIN,0.5,UNCERTAIN,0.5,UNCERTAIN,0.999999999955192,POSITIVE,0.5,UNCERTAIN,0.9999999438675821,POSITIVE,0.5,UNCERTAIN,0.5,UNCERTAIN,0.5,UNCERTAIN,0.5,UNCERTAIN,0.5,UNCERTAIN,0.5,UNCERTAIN,0.5,UNCERTAIN,0.5,UNCERTAIN,0.5,UNCERTAIN
PMC5771871_01,UNKNOWN (Insufficient Evidence),0.5,UNCERTAIN,0.5,UNCERTAIN,0.5,UNCERTAIN,0.9999969763522344,POSITIVE,0.5,UNCERTAIN,0.5,UNCERTAIN,0.5,UNCERTAIN,0.5,UNCERTAIN,0.9981855547014358,POSITIVE,0.5,UNCERTAIN,0.5,UNCERTAIN,0.5,UNCERTAIN,0.5,UNCERTAIN,0.5,UNCERTAIN,0.5,UNCERTAIN
PMC6679641_01,Tuberculosis,0.5,UNCERTAIN,0.9999984219434215,POSITIVE,0.5,UNCERTAIN,0.999999999955192,POSITIVE,0.9999973100599163,POSITIVE,0.5,UNCERTAIN,0.5,UNCERTAIN,0.5,UNCERTAIN,0.5,UNCERTAIN,0.5,UNCERTAIN,0.5,UNCERTAIN,0.5,UNCERTAIN,0.5,UNCERTAIN,0.5,UNCERTAIN,0.5,UNCERTAIN
PMC8574110_01,UNKNOWN (Insufficient Evidence),0.5,UNCERTAIN,0.5,UNCERTAIN,0.5,UNCERTAIN,0.9999982180546787,POSITIVE,0.5,UNCERTAIN,0.5,UNCERTAIN,0.5,UNCERTAIN,0.5,UNCERTAIN,0.5,UNCERTAIN,0.5,UNCERTAIN,0.5,UNCERTAIN,0.5,UNCERTAIN,0.5,UNCERTAIN,0.5,UNCERTAIN,0.5,UNCERTAIN
PMC9139337_01,Tuberculosis,0.9999980922441104,POSITIVE,0.5,UNCERTAIN,0.5,UNCERTAIN,0.9999999926375517,POSITIVE,0.5,UNCERTAIN,0.5,UNCERTAIN,0.5,UNCERTAIN,0.5,UNCERTAIN,0.5,UNCERTAIN,0.5,UNCERTAIN,0.5,UNCERTAIN,0.5,UNCERTAIN,0.5,UNCERTAIN,0.5,UNCERTAIN,0.5,UNCERTAIN
PMC9139337_02,Tuberculosis,0.5,UNCERTAIN,0.5,UNCERTAIN,0.5,UNCERTAIN,0.9999950674427663,POSITIVE,0.5,UNCERTAIN,0.5,UNCERTAIN,0.5,UNCERTAIN,0.5,UNCERTAIN,0.5,UNCERTAIN,0.5,UNCERTAIN,0.5,UNCERTAIN,0.5,UNCERTAIN,0.5,UNCERTAIN,0.5,UNCERTAIN,0.5,UNCERTAIN
PMC3558351_01,Tuberculosis,0.5,UNCERTAIN,0.5,UNCERTAIN,0.5,UNCERTAIN,0.999999999955192,POSITIVE,0.5,UNCERTAIN,0.5,UNCERTAIN,0.5,UNCERTAIN,0.5,UNCERTAIN,0.5,UNCERTAIN,0.5,UNCERTAIN,0.5,UNCERTAIN,0.9999843110861651,POSITIVE,0.5,UNCERTAIN,0.5,UNCERTAIN,0.5,UNCERTAIN
PMC2738533_01,Tuberculosis,0.5,UNCERTAIN,0.9999984219434215,POSITIVE,0.5,UNCERTAIN,0.999999999955192,POSITIVE,0.9999973100599163,POSITIVE,0.9999979106384406,POSITIVE,0.5,UNCERTAIN,0.5,UNCERTAIN,0.9999963107031327,POSITIVE,0.9999964171321384,POSITIVE,0.5,UNCERTAIN,0.5,UNCERTAIN,0.5,UNCERTAIN,0.5,UNCERTAIN,0.5,UNCERTAIN
PMC2738533_02,Tuberculosis,0.5,UNCERTAIN,0.5,UNCERTAIN,0.5,UNCERTAIN,0.999999999955192,POSITIVE,0.9999973100599163,POSITIVE,0.9999979106384406,POSITIVE,0.5,UNCERTAIN,0.5,UNCERTAIN,0.5,UNCERTAIN,0.5,UNCERTAIN,0.5,UNCERTAIN,0.5,UNCERTAIN,0.5,UNCERTAIN,0.5,UNCERTAIN,0.5,UNCERTAIN
PMC9595572_02,UNKNOWN (Insufficient Evidence),0.5,UNCERTAIN,0.5,UNCERTAIN,0.5,UNCERTAIN,0.9988075807076872,POSITIVE,0.5,UNCERTAIN,0.5,UNCERTAIN,0.5,UNCERTAIN,0.5,UNCERTAIN,0.5,UNCERTAIN,0.5,UNCERTAIN,0.5,UNCERTAIN,0.5,UNCERTAIN,0.5,UNCERTAIN,0.5,UNCERTAIN,0.5,UNCERTAIN
PMC6388527_02,UNKNOWN (Insufficient Evidence),0.5,UNCERTAIN,0.5,UNCERTAIN,0.5,UNCERTAIN,0.5,UNCERTAIN,0.5,UNCERTAIN,0.9987458547310324,POSITIVE,0.5,UNCERTAIN,0.5,UNCERTAIN,0.5,UNCERTAIN,0.5,UNCERTAIN,0.5,UNCERTAIN,0.5,UNCERTAIN,0.5,UNCERTAIN,0.5,UNCERTAIN,0.5,UNCERTAIN
PMC3952285_01,Tuberculosis,0.5,UNCERTAIN,0.5,UNCERTAIN,0.5,UNCERTAIN,0.999999999955192,POSITIVE,0.5,UNCERTAIN,0.9999979106384406,POSITIVE,0.5,UNCERTAIN,0.5,UNCERTAIN,0.5,UNCERTAIN,0.9999964171321384,POSITIVE,0.5,UNCERTAIN,0.5,UNCERTAIN,0.5,UNCERTAIN,0.5,UNCERTAIN,0.5,UNCERTAIN
PMC9368318_01,Tuberculosis,0.9962504514899189,POSITIVE,0.5,UNCERTAIN,0.999995718940084,POSITIVE,0.999999999955192,POSITIVE,0.5,UNCERTAIN,0.5,UNCERTAIN,0.5,UNCERTAIN,0.5,UNCERTAIN,0.9999999894369251,POSITIVE,0.5,UNCERTAIN,0.5,UNCERTAIN,0.5,UNCERTAIN,0.5,UNCERTAIN,0.5,UNCERTAIN,0.5,UNCERTAIN
PMC6335926_01,Tuberculosis,0.5,UNCERTAIN,0.5,UNCERTAIN,0.5,UNCERTAIN,0.9999999891550005,POSITIVE,0.5,UNCERTAIN,0.9999979106384406,POSITIVE,0.5,UNCERTAIN,0.5,UNCERTAIN,0.9999963107031327,POSITIVE,0.5,UNCERTAIN,0.5,UNCERTAIN,0.5,UNCERTAIN,0.5,UNCERTAIN,0.5,UNCERTAIN,0.5,UNCERTAIN
PMC9712176_01,Tuberculosis,0.5,UNCERTAIN,0.5,UNCERTAIN,0.5,UNCERTAIN,0.999999999955192,POSITIVE,0.5,UNCERTAIN,0.9999979106384406,POSITIVE,0.5,UNCERTAIN,0.5,UNCERTAIN,0.5,UNCERTAIN,0.5,UNCERTAIN,0.5,UNCERTAIN,0.5,UNCERTAIN,0.5,UNCERTAIN,0.5,UNCERTAIN,0.5,UNCERTAIN
PMC4901839_01,Tuberculosis,0.5,UNCERTAIN,0.5,UNCERTAIN,0.5,UNCERTAIN,0.9999999926375517,POSITIVE,0.5,UNCERTAIN,0.9999979106384406,POSITIVE,0.5,UNCERTAIN,0.5,UNCERTAIN,0.5,UNCERTAIN,0.5,UNCERTAIN,0.5,UNCERTAIN,0.5,UNCERTAIN,0.5,UNCERTAIN,0.5,UNCERTAIN,0.5,UNCERTAIN
PMC8366463_01,Tuberculosis,0.5,UNCERTAIN,0.5,UNCERTAIN,0.5,UNCERTAIN,0.9999999891550005,POSITIVE,0.9999973100599163,POSITIVE,0.5,UNCERTAIN,0.5,UNCERTAIN,0.5,UNCERTAIN,0.5,UNCERTAIN,0.5,UNCERTAIN,0.5,UNCERTAIN,0.5,UNCERTAIN,0.5,UNCERTAIN,0.5,UNCERTAIN,0.5,UNCERTAIN
PMC8140758_01,Tuberculosis,0.5,UNCERTAIN,0.5,UNCERTAIN,0.5,UNCERTAIN,0.9999950674427663,POSITIVE,0.5,UNCERTAIN,0.5,UNCERTAIN,0.9969147378167993,POSITIVE,0.5,UNCERTAIN,0.5,UNCERTAIN,0.5,UNCERTAIN,0.5,UNCERTAIN,0.5,UNCERTAIN,0.5,UNCERTAIN,0.5,UNCERTAIN,0.5,UNCERTAIN
PMC6754851_01,UNKNOWN (Insufficient Evidence),0.5,UNCERTAIN,0.5,UNCERTAIN,0.5,UNCERTAIN,0.9999992584408813,POSITIVE,0.5,UNCERTAIN,0.5,UNCERTAIN,0.5,UNCERTAIN,0.5,UNCERTAIN,0.5,UNCERTAIN,0.5,UNCERTAIN,0.5,UNCERTAIN,0.5,UNCERTAIN,0.5,UNCERTAIN,0.5,UNCERTAIN,0.5,UNCERTAIN
PMC6754851_02,UNKNOWN (Insufficient Evidence),0.5,UNCERTAIN,0.5,UNCERTAIN,0.5,UNCERTAIN,0.9995034277958001,POSITIVE,0.5,UNCERTAIN,0.5,UNCERTAIN,0.5,UNCERTAIN,0.5,UNCERTAIN,0.5,UNCERTAIN,0.5,UNCERTAIN,0.5,UNCERTAIN,0.5,UNCERTAIN,0.5,UNCERTAIN,0.5,UNCERTAIN,0.5,UNCERTAIN
PMC6754851_04,UNKNOWN (Insufficient Evidence),0.5,UNCERTAIN,0.5,UNCERTAIN,0.5,UNCERTAIN,0.9988075807076872,POSITIVE,0.5,UNCERTAIN,0.5,UNCERTAIN,0.5,UNCERTAIN,0.5,UNCERTAIN,0.5,UNCERTAIN,0.5,UNCERTAIN,0.5,UNCERTAIN,0.5,UNCERTAIN,0.5,UNCERTAIN,0.5,UNCERTAIN,0.5,UNCERTAIN
PMC9887264_01,Tuberculosis,0.9986499226313071,POSITIVE,0.5,UNCERTAIN,0.5,UNCERTAIN,0.9999999699801405,POSITIVE,0.998596824929277,POSITIVE,0.9987458547310324,POSITIVE,0.5,UNCERTAIN,0.5,UNCERTAIN,0.5,UNCERTAIN,0.5,UNCERTAIN,0.5,UNCERTAIN,0.5,UNCERTAIN,0.5,UNCERTAIN,0.5,UNCERTAIN,0.5,UNCERTAIN
PMC3336232_01,Tuberculosis,0.5,UNCERTAIN,0.5,UNCERTAIN,0.5,UNCERTAIN,0.9999996293074677,POSITIVE,0.5,UNCERTAIN,0.5,UNCERTAIN,0.5,UNCERTAIN,0.5,UNCERTAIN,0.5,UNCERTAIN,0.5,UNCERTAIN,0.5,UNCERTAIN,0.5,UNCERTAIN,0.5,UNCERTAIN,0.5,UNCERTAIN,0.5,UNCERTAIN
PMC2826293_01,UNKNOWN (Insufficient Evidence),0.5,UNCERTAIN,0.9999984219434215,POSITIVE,0.5,UNCERTAIN,0.9999992584408813,POSITIVE,0.5,UNCERTAIN,0.5,UNCERTAIN,0.5,UNCERTAIN,0.5,UNCERTAIN,0.5,UNCERTAIN,0.9999964171321384,POSITIVE,0.5,UNCERTAIN,0.5,UNCERTAIN,0.5,UNCERTAIN,0.9999966310815537,POSITIVE,0.9999955604184251,POSITIVE
PMC8200608_01,Tuberculosis,0.5,UNCERTAIN,0.5,UNCERTAIN,0.5,UNCERTAIN,0.9999950674427663,POSITIVE,0.5,UNCERTAIN,0.9987458547310324,POSITIVE,0.5,UNCERTAIN,0.5,UNCERTAIN,0.9981855547014358,POSITIVE,0.5,UNCERTAIN,0.5,UNCERTAIN,0.5,UNCERTAIN,0.5,UNCERTAIN,0.5,UNCERTAIN,0.5,UNCERTAIN
PMC10361833_01,UNKNOWN (Insufficient Evidence),0.5,UNCERTAIN,0.5,UNCERTAIN,0.5,UNCERTAIN,0.9999999891550005,POSITIVE,0.5,UNCERTAIN,0.9999979106384406,POSITIVE,0.5,UNCERTAIN,0.5,UNCERTAIN,0.5,UNCERTAIN,0.5,UNCERTAIN,0.5,UNCERTAIN,0.5,UNCERTAIN,0.5,UNCERTAIN,0.5,UNCERTAIN,0.5,UNCERTAIN
PMC9082236_01,Tuberculosis,0.5,UNCERTAIN,0.5,UNCERTAIN,0.5,UNCERTAIN,0.9999950674427663,POSITIVE,0.5,UNCERTAIN,0.5,UNCERTAIN,0.5,UNCERTAIN,0.5,UNCERTAIN,0.5,UNCERTAIN,0.5,UNCERTAIN,0.5,UNCERTAIN,0.5,UNCERTAIN,0.5,UNCERTAIN,0.5,UNCERTAIN,0.5,UNCERTAIN
PMC9082236_02,Tuberculosis,0.5,UNCERTAIN,0.5,UNCERTAIN,0.5,UNCERTAIN,0.9999999926375517,POSITIVE,0.5,UNCERTAIN,0.5,UNCERTAIN,0.5,UNCERTAIN,0.5,UNCERTAIN,0.5,UNCERTAIN,0.5,UNCERTAIN,0.5,UNCERTAIN,0.5,UNCERTAIN,0.5,UNCERTAIN,0.5,UNCERTAIN,0.5,UNCERTAIN
PMC9082236_03,Tuberculosis,0.5,UNCERTAIN,0.5,UNCERTAIN,0.5,UNCERTAIN,0.9999999926375517,POSITIVE,0.5,UNCERTAIN,0.5,UNCERTAIN,0.5,UNCERTAIN,0.5,UNCERTAIN,0.5,UNCERTAIN,0.5,UNCERTAIN,0.5,UNCERTAIN,0.5,UNCERTAIN,0.5,UNCERTAIN,0.5,UNCERTAIN,0.5,UNCERTAIN
PMC9082236_04,HIV_AIDS,0.5,UNCERTAIN,0.5,UNCERTAIN,0.5,UNCERTAIN,0.9999950674427663,POSITIVE,0.5,UNCERTAIN,0.9999999648241626,POSITIVE,0.5,UNCERTAIN,0.5,UNCERTAIN,0.5,UNCERTAIN,0.5,UNCERTAIN,0.5,UNCERTAIN,0.5,UNCERTAIN,0.5,UNCERTAIN,0.5,UNCERTAIN,0.5,UNCERTAIN
PMC4290071_01,UNKNOWN (Insufficient Evidence),0.5,UNCERTAIN,0.5,UNCERTAIN,0.5,UNCERTAIN,0.9999982180546787,POSITIVE,0.5,UNCERTAIN,0.5,UNCERTAIN,0.5,UNCERTAIN,0.5,UNCERTAIN,0.5,UNCERTAIN,0.5,UNCERTAIN,0.5,UNCERTAIN,0.5,UNCERTAIN,0.5,UNCERTAIN,0.5,UNCERTAIN,0.5,UNCERTAIN
PMC4719501_01,Tuberculosis,0.5,UNCERTAIN,0.5,UNCERTAIN,0.5,UNCERTAIN,0.9999999699801405,POSITIVE,0.5,UNCERTAIN,0.5,UNCERTAIN,0.5,UNCERTAIN,0.5,UNCERTAIN,0.5,UNCERTAIN,0.5,UNCERTAIN,0.5,UNCERTAIN,0.5,UNCERTAIN,0.5,UNCERTAIN,0.5,UNCERTAIN,0.5,UNCERTAIN
PMC6393917_01,UNKNOWN (Insufficient Evidence),0.5,UNCERTAIN,0.5,UNCERTAIN,0.5,UNCERTAIN,0.9988075807076872,POSITIVE,0.5,UNCERTAIN,0.5,UNCERTAIN,0.5,UNCERTAIN,0.5,UNCERTAIN,0.5,UNCERTAIN,0.5,UNCERTAIN,0.5,UNCERTAIN,0.5,UNCERTAIN,0.9962832619898732,POSITIVE,0.5,UNCERTAIN,0.5,UNCERTAIN
PMC3266186_01,Tuberculosis,0.5,UNCERTAIN,0.5,UNCERTAIN,0.5,UNCERTAIN,0.999999999955192,POSITIVE,0.5,UNCERTAIN,0.5,UNCERTAIN,0.5,UNCERTAIN,0.5,UNCERTAIN,0.5,UNCERTAIN,0.5,UNCERTAIN,0.5,UNCERTAIN,0.5,UNCERTAIN,0.5,UNCERTAIN,0.5,UNCERTAIN,0.5,UNCERTAIN
PMC8421570_01,UNKNOWN (Insufficient Evidence),0.9999980886711564,POSITIVE,0.3203927069469911,NEGATIVE,0.31523947935045293,NEGATIVE,0.9999986813962269,POSITIVE,0.9999974372834155,POSITIVE,0.9999982107677212,POSITIVE,0.3606335027059405,NEGATIVE,0.47915927757263405,UNCERTAIN,0.6313990075547944,POSITIVE,0.6476104726216728,POSITIVE,0.37350614168368484,NEGATIVE,0.49582222886164945,UNCERTAIN,0.7845133387690117,POSITIVE,0.41244856790741624,UNCERTAIN,0.46641277567978456,UNCERTAIN
PMC9124143_01,Tuberculosis,0.5,UNCERTAIN,0.5,UNCERTAIN,0.5,UNCERTAIN,0.9999999699801405,POSITIVE,0.5,UNCERTAIN,0.9987458547310324,POSITIVE,0.5,UNCERTAIN,0.5,UNCERTAIN,0.5,UNCERTAIN,0.5,UNCERTAIN,0.5,UNCERTAIN,0.5,UNCERTAIN,0.5,UNCERTAIN,0.5,UNCERTAIN,0.5,UNCERTAIN
PMC5458707_01,Tuberculosis,0.5,UNCERTAIN,0.5,UNCERTAIN,0.5,UNCERTAIN,0.9999999926375517,POSITIVE,0.5,UNCERTAIN,0.5,UNCERTAIN,0.5,UNCERTAIN,0.5,UNCERTAIN,0.5,UNCERTAIN,0.5,UNCERTAIN,0.5,UNCERTAIN,0.5,UNCERTAIN,0.5,UNCERTAIN,0.5,UNCERTAIN,0.5,UNCERTAIN
PMC4491481_01,UNKNOWN (Insufficient Evidence),0.5,UNCERTAIN,0.5,UNCERTAIN,0.5,UNCERTAIN,0.9988075807076872,POSITIVE,0.5,UNCERTAIN,0.5,UNCERTAIN,0.5,UNCERTAIN,0.5,UNCERTAIN,0.5,UNCERTAIN,0.5,UNCERTAIN,0.5,UNCERTAIN,0.5,UNCERTAIN,0.5,UNCERTAIN,0.5,UNCERTAIN,0.5,UNCERTAIN
PMC6230408_01,Tuberculosis,0.9999980922441104,POSITIVE,0.5,UNCERTAIN,0.5,UNCERTAIN,0.999999999955192,POSITIVE,0.5,UNCERTAIN,0.5,UNCERTAIN,0.5,UNCERTAIN,0.5,UNCERTAIN,0.5,UNCERTAIN,0.5,UNCERTAIN,0.5,UNCERTAIN,0.5,UNCERTAIN,0.5,UNCERTAIN,0.5,UNCERTAIN,0.5,UNCERTAIN
PMC6689839_01,Tuberculosis,0.9999980922441104,POSITIVE,0.5,UNCERTAIN,0.999995718940084,POSITIVE,0.9999999891550005,POSITIVE,0.5,UNCERTAIN,0.5,UNCERTAIN,0.5,UNCERTAIN,0.5,UNCERTAIN,0.5,UNCERTAIN,0.5,UNCERTAIN,0.9999884305059787,POSITIVE,0.5,UNCERTAIN,0.5,UNCERTAIN,0.5,UNCERTAIN,0.5,UNCERTAIN
PMC3994693_01,Tuberculosis,0.5,UNCERTAIN,0.5,UNCERTAIN,0.5,UNCERTAIN,0.9999950674427663,POSITIVE,0.5,UNCERTAIN,0.9987458547310324,POSITIVE,0.5,UNCERTAIN,0.5,UNCERTAIN,0.5,UNCERTAIN,0.5,UNCERTAIN,0.5,UNCERTAIN,0.5,UNCERTAIN,0.5,UNCERTAIN,0.5,UNCERTAIN,0.5,UNCERTAIN
PMC9215351_01,Tuberculosis,0.5,UNCERTAIN,0.5,UNCERTAIN,0.5,UNCERTAIN,0.999999999955192,POSITIVE,0.5,UNCERTAIN,0.9999979106384406,POSITIVE,0.5,UNCERTAIN,0.5,UNCERTAIN,0.5,UNCERTAIN,0.5,UNCERTAIN,0.5,UNCERTAIN,0.5,UNCERTAIN,0.5,UNCERTAIN,0.5,UNCERTAIN,0.5,UNCERTAIN
PMC8060098_01,Tuberculosis,0.5,UNCERTAIN,0.5,UNCERTAIN,0.5,UNCERTAIN,0.999999999955192,POSITIVE,0.5,UNCERTAIN,0.9999979106384406,POSITIVE,0.5,UNCERTAIN,0.5,UNCERTAIN,0.5,UNCERTAIN,0.5,UNCERTAIN,0.5,UNCERTAIN,0.5,UNCERTAIN,0.5,UNCERTAIN,0.5,UNCERTAIN,0.5,UNCERTAIN
PMC8549385_01,Tuberculosis,0.5,UNCERTAIN,0.5,UNCERTAIN,0.5,UNCERTAIN,0.999999999955192,POSITIVE,0.5,UNCERTAIN,0.9999999999414717,POSITIVE,0.5,UNCERTAIN,0.5,UNCERTAIN,0.5,UNCERTAIN,0.5,UNCERTAIN,0.5,UNCERTAIN,0.5,UNCERTAIN,0.5,UNCERTAIN,0.5,UNCERTAIN,0.5,UNCERTAIN
PMC5187466_01,Tuberculosis,0.5,UNCERTAIN,0.9999984219434215,POSITIVE,0.5,UNCERTAIN,0.9999999926375517,POSITIVE,0.9999973100599163,POSITIVE,0.9999979106384406,POSITIVE,0.5,UNCERTAIN,0.5,UNCERTAIN,0.5,UNCERTAIN,0.5,UNCERTAIN,0.5,UNCERTAIN,0.5,UNCERTAIN,0.5,UNCERTAIN,0.5,UNCERTAIN,0.5,UNCERTAIN
PMC5903134_01,Tuberculosis,0.5,UNCERTAIN,0.5,UNCERTAIN,0.5,UNCERTAIN,0.9999999926375517,POSITIVE,0.5,UNCERTAIN,0.5,UNCERTAIN,0.5,UNCERTAIN,0.5,UNCERTAIN,0.5,UNCERTAIN,0.9999964171321384,POSITIVE,0.5,UNCERTAIN,0.5,UNCERTAIN,0.5,UNCERTAIN,0.5,UNCERTAIN,0.5,UNCERTAIN
PMC3099209_01,Tuberculosis,0.5,UNCERTAIN,0.5,UNCERTAIN,0.5,UNCERTAIN,0.9999999699801405,POSITIVE,0.5,UNCERTAIN,0.9987458547310324,POSITIVE,0.5,UNCERTAIN,0.5,UNCERTAIN,0.5,UNCERTAIN,0.5,UNCERTAIN,0.5,UNCERTAIN,0.5,UNCERTAIN,0.5,UNCERTAIN,0.5,UNCERTAIN,0.5,UNCERTAIN
PMC3200122_01,UNKNOWN (Insufficient Evidence),0.5,UNCERTAIN,0.5,UNCERTAIN,0.5,UNCERTAIN,0.9988075807076872,POSITIVE,0.5,UNCERTAIN,0.5,UNCERTAIN,0.5,UNCERTAIN,0.5,UNCERTAIN,0.5,UNCERTAIN,0.5,UNCERTAIN,0.5,UNCERTAIN,0.5,UNCERTAIN,0.5,UNCERTAIN,0.5,UNCERTAIN,0.5,UNCERTAIN
PMC4717558_01,Tuberculosis,0.5,UNCERTAIN,0.5,UNCERTAIN,0.5,UNCERTAIN,0.9999999926375517,POSITIVE,0.5,UNCERTAIN,0.5,UNCERTAIN,0.5,UNCERTAIN,0.5,UNCERTAIN,0.5,UNCERTAIN,0.5,UNCERTAIN,0.5,UNCERTAIN,0.5,UNCERTAIN,0.5,UNCERTAIN,0.5,UNCERTAIN,0.5,UNCERTAIN
PMC5394402_01,Tuberculosis,0.5,UNCERTAIN,0.9999984219434215,POSITIVE,0.5,UNCERTAIN,0.999999999955192,POSITIVE,0.5,UNCERTAIN,0.9999979106384406,POSITIVE,0.5,UNCERTAIN,0.5,UNCERTAIN,0.5,UNCERTAIN,0.5,UNCERTAIN,0.5,UNCERTAIN,0.5,UNCERTAIN,0.5,UNCERTAIN,0.9999966310815537,POSITIVE,0.5,UNCERTAIN
PMC8577481_01,UNKNOWN (Insufficient Evidence),0.9999980922441104,POSITIVE,0.5,UNCERTAIN,0.5,UNCERTAIN,0.9999982180546787,POSITIVE,0.9999973100599163,POSITIVE,0.5,UNCERTAIN,0.5,UNCERTAIN,0.5,UNCERTAIN,0.5,UNCERTAIN,0.5,UNCERTAIN,0.5,UNCERTAIN,0.5,UNCERTAIN,0.5,UNCERTAIN,0.5,UNCERTAIN,0.5,UNCERTAIN
PMC3610351_01,Tuberculosis,0.5,UNCERTAIN,0.5,UNCERTAIN,0.5,UNCERTAIN,0.9999999926375517,POSITIVE,0.5,UNCERTAIN,0.5,UNCERTAIN,0.5,UNCERTAIN,0.5,UNCERTAIN,0.5,UNCERTAIN,0.5,UNCERTAIN,0.5,UNCERTAIN,0.5,UNCERTAIN,0.5,UNCERTAIN,0.5,UNCERTAIN,0.5,UNCERTAIN
PMC9459224_01,UNKNOWN (Insufficient Evidence),0.5,UNCERTAIN,0.5,UNCERTAIN,0.5,UNCERTAIN,0.9999982180546787,POSITIVE,0.5,UNCERTAIN,0.5,UNCERTAIN,0.5,UNCERTAIN,0.5,UNCERTAIN,0.5,UNCERTAIN,0.5,UNCERTAIN,0.5,UNCERTAIN,0.5,UNCERTAIN,0.5,UNCERTAIN,0.5,UNCERTAIN,0.5,UNCERTAIN
PMC8600159_01,Tuberculosis,0.5,UNCERTAIN,0.5,UNCERTAIN,0.5,UNCERTAIN,0.9999999699801405,POSITIVE,0.5,UNCERTAIN,0.5,UNCERTAIN,0.5,UNCERTAIN,0.5,UNCERTAIN,0.5,UNCERTAIN,0.5,UNCERTAIN,0.5,UNCERTAIN,0.5,UNCERTAIN,0.5,UNCERTAIN,0.5,UNCERTAIN,0.5,UNCERTAIN
PMC8053452_01,Tuberculosis,0.5,UNCERTAIN,0.5,UNCERTAIN,0.5,UNCERTAIN,0.9999999926375517,POSITIVE,0.5,UNCERTAIN,0.31131766443611897,NEGATIVE,0.5,UNCERTAIN,0.5,UNCERTAIN,0.5,UNCERTAIN,0.5,UNCERTAIN,0.5,UNCERTAIN,0.5,UNCERTAIN,0.5,UNCERTAIN,0.5,UNCERTAIN,0.5,UNCERTAIN
PMC7718636_01,Tuberculosis,0.5,UNCERTAIN,0.5,UNCERTAIN,0.5,UNCERTAIN,0.9999999891550005,POSITIVE,0.5,UNCERTAIN,0.5,UNCERTAIN,0.5,UNCERTAIN,0.5,UNCERTAIN,0.5,UNCERTAIN,0.5,UNCERTAIN,0.5,UNCERTAIN,0.5,UNCERTAIN,0.5,UNCERTAIN,0.5,UNCERTAIN,0.5,UNCERTAIN
PMC2878410_01,Tuberculosis,0.5,UNCERTAIN,0.5,UNCERTAIN,0.5,UNCERTAIN,0.999999999955192,POSITIVE,0.5,UNCERTAIN,0.9999979106384406,POSITIVE,0.5,UNCERTAIN,0.5,UNCERTAIN,0.5,UNCERTAIN,0.5,UNCERTAIN,0.5,UNCERTAIN,0.5,UNCERTAIN,0.5,UNCERTAIN,0.5,UNCERTAIN,0.5,UNCERTAIN
PMC8421329_01,HIV_AIDS,0.5,UNCERTAIN,0.5,UNCERTAIN,0.5,UNCERTAIN,0.9999982180546787,POSITIVE,0.9999973100599163,POSITIVE,0.9999999999414717,POSITIVE,0.5,UNCERTAIN,0.5,UNCERTAIN,0.5,UNCERTAIN,0.5,UNCERTAIN,0.5,UNCERTAIN,0.5,UNCERTAIN,0.5,UNCERTAIN,0.5,UNCERTAIN,0.5,UNCERTAIN
PMC7784231_01,UNKNOWN (Insufficient Evidence),0.5,UNCERTAIN,0.5,UNCERTAIN,0.5,UNCERTAIN,0.9999982180546787,POSITIVE,0.5,UNCERTAIN,0.5,UNCERTAIN,0.5,UNCERTAIN,0.5,UNCERTAIN,0.5,UNCERTAIN,0.5,UNCERTAIN,0.5,UNCERTAIN,0.9999843110861651,POSITIVE,0.5,UNCERTAIN,0.5,UNCERTAIN,0.9999955604184251,POSITIVE
PMC3177425_01,Tuberculosis,0.5,UNCERTAIN,0.5,UNCERTAIN,0.5,UNCERTAIN,0.9999927342842909,POSITIVE,0.5,UNCERTAIN,0.5,UNCERTAIN,0.5,UNCERTAIN,0.5,UNCERTAIN,0.5,UNCERTAIN,0.5,UNCERTAIN,0.5,UNCERTAIN,0.5,UNCERTAIN,0.5,UNCERTAIN,0.5,UNCERTAIN,0.5,UNCERTAIN
PMC6174786_01,Tuberculosis,0.5,UNCERTAIN,0.5,UNCERTAIN,0.5,UNCERTAIN,0.999999999955192,POSITIVE,0.5,UNCERTAIN,0.9999979106384406,POSITIVE,0.5,UNCERTAIN,0.5,UNCERTAIN,0.5,UNCERTAIN,0.5,UNCERTAIN,0.5,UNCERTAIN,0.5,UNCERTAIN,0.5,UNCERTAIN,0.5,UNCERTAIN,0.5,UNCERTAIN
PMC4317210_01,Tuberculosis,0.5,UNCERTAIN,0.5,UNCERTAIN,0.5,UNCERTAIN,0.9999999891550005,POSITIVE,0.5,UNCERTAIN,0.9999979106384406,POSITIVE,0.5,UNCERTAIN,0.5,UNCERTAIN,0.5,UNCERTAIN,0.5,UNCERTAIN,0.5,UNCERTAIN,0.5,UNCERTAIN,0.5,UNCERTAIN,0.5,UNCERTAIN,0.5,UNCERTAIN
PMC3310273_03,UNKNOWN (Insufficient Evidence),0.5,UNCERTAIN,0.5,UNCERTAIN,0.5,UNCERTAIN,0.5,UNCERTAIN,0.5,UNCERTAIN,0.9987458547310324,POSITIVE,0.5,UNCERTAIN,0.5,UNCERTAIN,0.5,UNCERTAIN,0.5,UNCERTAIN,0.5,UNCERTAIN,0.5,UNCERTAIN,0.5,UNCERTAIN,0.5,UNCERTAIN,0.5,UNCERTAIN
PMC3310273_04,Tuberculosis,0.5,UNCERTAIN,0.5,UNCERTAIN,0.5,UNCERTAIN,0.9999999699801405,POSITIVE,0.5,UNCERTAIN,0.5,UNCERTAIN,0.5,UNCERTAIN,0.5,UNCERTAIN,0.5,UNCERTAIN,0.5,UNCERTAIN,0.5,UNCERTAIN,0.5,UNCERTAIN,0.5,UNCERTAIN,0.5,UNCERTAIN,0.5,UNCERTAIN
PMC3310273_05,UNKNOWN (Insufficient Evidence),0.5,UNCERTAIN,0.5,UNCERTAIN,0.5,UNCERTAIN,0.5,UNCERTAIN,0.5,UNCERTAIN,0.5,UNCERTAIN,0.5,UNCERTAIN,0.5,UNCERTAIN,0.5,UNCERTAIN,0.5,UNCERTAIN,0.5,UNCERTAIN,0.5,UNCERTAIN,0.5,UNCERTAIN,0.5,UNCERTAIN,0.5,UNCERTAIN
PMC6556212_01,HIV_AIDS,0.5,UNCERTAIN,0.9999984219434215,POSITIVE,0.5,UNCERTAIN,0.9999982180546787,POSITIVE,0.5,UNCERTAIN,0.9999999999414717,POSITIVE,0.5,UNCERTAIN,0.5,UNCERTAIN,0.5,UNCERTAIN,0.5,UNCERTAIN,0.5,UNCERTAIN,0.5,UNCERTAIN,0.5,UNCERTAIN,0.9999966310815537,POSITIVE,0.5,UNCERTAIN
PMC8803630_01,Tuberculosis,0.5,UNCERTAIN,0.5,UNCERTAIN,0.5,UNCERTAIN,0.9999950674427663,POSITIVE,0.5,UNCERTAIN,0.5,UNCERTAIN,0.5,UNCERTAIN,0.5,UNCERTAIN,0.5,UNCERTAIN,0.5,UNCERTAIN,0.5,UNCERTAIN,0.5,UNCERTAIN,0.5,UNCERTAIN,0.5,UNCERTAIN,0.5,UNCERTAIN
PMC6875249_01,Tuberculosis,0.9999980922441104,POSITIVE,0.5,UNCERTAIN,0.5,UNCERTAIN,0.9999999926375517,POSITIVE,0.5,UNCERTAIN,0.5,UNCERTAIN,0.5,UNCERTAIN,0.5,UNCERTAIN,0.5,UNCERTAIN,0.5,UNCERTAIN,0.5,UNCERTAIN,0.5,UNCERTAIN,0.5,UNCERTAIN,0.5,UNCERTAIN,0.5,UNCERTAIN
PMC7305365_01,Tuberculosis,0.9999999743526097,POSITIVE,0.5,UNCERTAIN,0.5,UNCERTAIN,0.999999999955192,POSITIVE,0.5,UNCERTAIN,0.5,UNCERTAIN,0.5,UNCERTAIN,0.5,UNCERTAIN,0.5,UNCERTAIN,0.5,UNCERTAIN,0.5,UNCERTAIN,0.5,UNCERTAIN,0.5,UNCERTAIN,0.5,UNCERTAIN,0.5,UNCERTAIN
PMC3644770_01,Tuberculosis,0.5,UNCERTAIN,0.5,UNCERTAIN,0.5,UNCERTAIN,0.9999999926375517,POSITIVE,0.5,UNCERTAIN,0.9999979106384406,POSITIVE,0.5,UNCERTAIN,0.5,UNCERTAIN,0.5,UNCERTAIN,0.5,UNCERTAIN,0.5,UNCERTAIN,0.5,UNCERTAIN,0.5,UNCERTAIN,0.5,UNCERTAIN,0.5,UNCERTAIN
PMC4922280_01,UNKNOWN (Insufficient Evidence),0.5,UNCERTAIN,0.5,UNCERTAIN,0.5,UNCERTAIN,0.9999999891550005,POSITIVE,0.9999973100599163,POSITIVE,0.5,UNCERTAIN,0.5,UNCERTAIN,0.5,UNCERTAIN,0.5,UNCERTAIN,0.5,UNCERTAIN,0.5,UNCERTAIN,0.5,UNCERTAIN,0.5,UNCERTAIN,0.5,UNCERTAIN,0.5,UNCERTAIN
PMC7269532_01,Tuberculosis,0.5,UNCERTAIN,0.5,UNCERTAIN,0.5,UNCERTAIN,0.9999999926375517,POSITIVE,0.5,UNCERTAIN,0.5,UNCERTAIN,0.5,UNCERTAIN,0.5,UNCERTAIN,0.5,UNCERTAIN,0.5,UNCERTAIN,0.5,UNCERTAIN,0.5,UNCERTAIN,0.5,UNCERTAIN,0.5,UNCERTAIN,0.5,UNCERTAIN
PMC8164866_01,Tuberculosis,0.5,UNCERTAIN,0.5,UNCERTAIN,0.5,UNCERTAIN,0.9999999699801405,POSITIVE,0.998596824929277,POSITIVE,0.5,UNCERTAIN,0.5,UNCERTAIN,0.5,UNCERTAIN,0.5,UNCERTAIN,0.5,UNCERTAIN,0.5,UNCERTAIN,0.5,UNCERTAIN,0.5,UNCERTAIN,0.5,UNCERTAIN,0.5,UNCERTAIN
PMC8077663_01,Tuberculosis,0.9999980922441104,POSITIVE,0.5,UNCERTAIN,0.999995718940084,POSITIVE,0.9999999926375517,POSITIVE,0.5,UNCERTAIN,0.9999979106384406,POSITIVE,0.5,UNCERTAIN,0.5,UNCERTAIN,0.5,UNCERTAIN,0.5,UNCERTAIN,0.5,UNCERTAIN,0.5,UNCERTAIN,0.5,UNCERTAIN,0.5,UNCERTAIN,0.9999955604184251,POSITIVE
PMC3917524_01,Tuberculosis,0.9999980922441104,POSITIVE,0.5,UNCERTAIN,0.5,UNCERTAIN,0.9999999891550005,POSITIVE,0.5,UNCERTAIN,0.9999979106384406,POSITIVE,0.5,UNCERTAIN,0.5,UNCERTAIN,0.5,UNCERTAIN,0.5,UNCERTAIN,0.5,UNCERTAIN,0.5,UNCERTAIN,0.5,UNCERTAIN,0.5,UNCERTAIN,0.5,UNCERTAIN
PMC9556964_01,Tuberculosis,0.5,UNCERTAIN,0.9999984219434215,POSITIVE,0.5,UNCERTAIN,0.9999999891550005,POSITIVE,0.5,UNCERTAIN,0.5,UNCERTAIN,0.5,UNCERTAIN,0.5,UNCERTAIN,0.9999963107031327,POSITIVE,0.9999964171321384,POSITIVE,0.5,UNCERTAIN,0.5,UNCERTAIN,0.9999847361101836,POSITIVE,0.5,UNCERTAIN,0.5,UNCERTAIN
PMC3068586_01,Tuberculosis,0.5,UNCERTAIN,0.9999984219434215,POSITIVE,0.5,UNCERTAIN,0.999999999955192,POSITIVE,0.5,UNCERTAIN,0.9999979106384406,POSITIVE,0.5,UNCERTAIN,0.5,UNCERTAIN,0.5,UNCERTAIN,0.9999964171321384,POSITIVE,0.5,UNCERTAIN,0.5,UNCERTAIN,0.5,UNCERTAIN,0.5,UNCERTAIN,0.5,UNCERTAIN
PMC2929613_01,UNKNOWN (Insufficient Evidence),0.5,UNCERTAIN,0.5,UNCERTAIN,0.5,UNCERTAIN,0.9999999977439518,POSITIVE,0.5,UNCERTAIN,0.9987458547310324,POSITIVE,0.5,UNCERTAIN,0.5,UNCERTAIN,0.5,UNCERTAIN,0.5,UNCERTAIN,0.5,UNCERTAIN,0.5,UNCERTAIN,0.5,UNCERTAIN,0.5,UNCERTAIN,0.5,UNCERTAIN
PMC3056360_01,Tuberculosis,0.5,UNCERTAIN,0.5,UNCERTAIN,0.999995718940084,POSITIVE,0.9999999926375517,POSITIVE,0.5,UNCERTAIN,0.5,UNCERTAIN,0.5,UNCERTAIN,0.5,UNCERTAIN,0.5,UNCERTAIN,0.5,UNCERTAIN,0.5,UNCERTAIN,0.5,UNCERTAIN,0.5,UNCERTAIN,0.5,UNCERTAIN,0.5,UNCERTAIN
PMC3271450_01,Tuberculosis,0.5,UNCERTAIN,0.5,UNCERTAIN,0.5,UNCERTAIN,0.9999927342842909,POSITIVE,0.5,UNCERTAIN,0.5,UNCERTAIN,0.5,UNCERTAIN,0.5,UNCERTAIN,0.5,UNCERTAIN,0.5,UNCERTAIN,0.5,UNCERTAIN,0.5,UNCERTAIN,0.5,UNCERTAIN,0.5,UNCERTAIN,0.5,UNCERTAIN
PMC10331026_01,Tuberculosis,0.5,UNCERTAIN,0.5,UNCERTAIN,0.5,UNCERTAIN,0.9999999926375517,POSITIVE,0.5,UNCERTAIN,0.9999999892709824,POSITIVE,0.5,UNCERTAIN,0.5,UNCERTAIN,0.5,UNCERTAIN,0.5,UNCERTAIN,0.5,UNCERTAIN,0.5,UNCERTAIN,0.5,UNCERTAIN,0.5,UNCERTAIN,0.5,UNCERTAIN
PMC9356588_01,UNKNOWN (Insufficient Evidence),0.5,UNCERTAIN,0.9988334643200636,POSITIVE,0.5,UNCERTAIN,0.9988075807076872,POSITIVE,0.5,UNCERTAIN,0.5,UNCERTAIN,0.5,UNCERTAIN,0.5,UNCERTAIN,0.5,UNCERTAIN,0.9984444806720881,POSITIVE,0.5,UNCERTAIN,0.5,UNCERTAIN,0.5,UNCERTAIN,0.5,UNCERTAIN,0.5,UNCERTAIN
PMC9356588_02,Tuberculosis,0.5,UNCERTAIN,0.5,UNCERTAIN,0.5,UNCERTAIN,0.9999950674427663,POSITIVE,0.5,UNCERTAIN,0.9999931499139199,POSITIVE,0.5,UNCERTAIN,0.5,UNCERTAIN,0.5,UNCERTAIN,0.5,UNCERTAIN,0.5,UNCERTAIN,0.5,UNCERTAIN,0.5,UNCERTAIN,0.5,UNCERTAIN,0.5,UNCERTAIN
PMC7411477_01,Tuberculosis,0.5,UNCERTAIN,0.5,UNCERTAIN,0.5,UNCERTAIN,0.999999999955192,POSITIVE,0.5,UNCERTAIN,0.9999979106384406,POSITIVE,0.5,UNCERTAIN,0.5,UNCERTAIN,0.5,UNCERTAIN,0.5,UNCERTAIN,0.5,UNCERTAIN,0.5,UNCERTAIN,0.5,UNCERTAIN,0.5,UNCERTAIN,0.5,UNCERTAIN
PMC5585647_01,UNKNOWN (Insufficient Evidence),0.5,UNCERTAIN,0.5,UNCERTAIN,0.5,UNCERTAIN,0.9999982180546787,POSITIVE,0.5,UNCERTAIN,0.9999979106384406,POSITIVE,0.5,UNCERTAIN,0.5,UNCERTAIN,0.5,UNCERTAIN,0.5,UNCERTAIN,0.5,UNCERTAIN,0.5,UNCERTAIN,0.5,UNCERTAIN,0.5,UNCERTAIN,0.5,UNCERTAIN
PMC9935826_01,UNKNOWN (Insufficient Evidence),0.5,UNCERTAIN,0.5,UNCERTAIN,0.5,UNCERTAIN,0.9999982180546787,POSITIVE,0.5,UNCERTAIN,0.5,UNCERTAIN,0.5,UNCERTAIN,0.5,UNCERTAIN,0.5,UNCERTAIN,0.5,UNCERTAIN,0.5,UNCERTAIN,0.5,UNCERTAIN,0.5,UNCERTAIN,0.5,UNCERTAIN,0.5,UNCERTAIN
PMC7235927_01,Tuberculosis,0.5,UNCERTAIN,0.9999984219434215,POSITIVE,0.5,UNCERTAIN,0.9999999926375517,POSITIVE,0.5,UNCERTAIN,0.5,UNCERTAIN,0.5,UNCERTAIN,0.5,UNCERTAIN,0.5,UNCERTAIN,0.5,UNCERTAIN,0.5,UNCERTAIN,0.5,UNCERTAIN,0.5,UNCERTAIN,0.5,UNCERTAIN,0.5,UNCERTAIN
PMC3612870_01,UNKNOWN (Insufficient Evidence),0.5,UNCERTAIN,0.5,UNCERTAIN,0.5,UNCERTAIN,0.9999982180546787,POSITIVE,0.5,UNCERTAIN,0.5,UNCERTAIN,0.5,UNCERTAIN,0.5,UNCERTAIN,0.5,UNCERTAIN,0.5,UNCERTAIN,0.5,UNCERTAIN,0.5,UNCERTAIN,0.5,UNCERTAIN,0.5,UNCERTAIN,0.5,UNCERTAIN
PMC6689839_01,Tuberculosis,0.9999980922441104,POSITIVE,0.5,UNCERTAIN,0.999995718940084,POSITIVE,0.9999999891550005,POSITIVE,0.5,UNCERTAIN,0.5,UNCERTAIN,0.5,UNCERTAIN,0.5,UNCERTAIN,0.5,UNCERTAIN,0.5,UNCERTAIN,0.9999884305059787,POSITIVE,0.5,UNCERTAIN,0.5,UNCERTAIN,0.5,UNCERTAIN,0.5,UNCERTAIN
PMC5574469_01,Typhoid_Fever,0.5,UNCERTAIN,0.9999999927651935,POSITIVE,0.5,UNCERTAIN,0.5,UNCERTAIN,0.5,UNCERTAIN,0.5,UNCERTAIN,0.5,UNCERTAIN,0.5,UNCERTAIN,0.5,UNCERTAIN,0.9999964171321384,POSITIVE,0.9999999978823145,POSITIVE,0.5,UNCERTAIN,0.5,UNCERTAIN,0.9999966310815537,POSITIVE,0.9999955604184251,POSITIVE
PMC3443992_01,Typhoid_Fever,0.5,UNCERTAIN,0.5,UNCERTAIN,0.5,UNCERTAIN,0.5,UNCERTAIN,0.5,UNCERTAIN,0.5,UNCERTAIN,0.5,UNCERTAIN,0.5,UNCERTAIN,0.5,UNCERTAIN,0.5,UNCERTAIN,0.9999998953950457,POSITIVE,0.5,UNCERTAIN,0.5,UNCERTAIN,0.5,UNCERTAIN,0.5,UNCERTAIN
PMC7533951_01,Typhoid_Fever,0.9999999743526097,POSITIVE,0.9999999840031514,POSITIVE,0.5,UNCERTAIN,0.9999982180546787,POSITIVE,0.5,UNCERTAIN,0.5,UNCERTAIN,0.5,UNCERTAIN,0.5,UNCERTAIN,0.5,UNCERTAIN,0.5,UNCERTAIN,0.9999999978823145,POSITIVE,0.5,UNCERTAIN,0.9999847361101836,POSITIVE,0.5,UNCERTAIN,0.5,UNCERTAIN
PMC6388674_01,Typhoid_Fever,0.9999999743526097,POSITIVE,0.999999999998397,POSITIVE,0.5,UNCERTAIN,0.5,UNCERTAIN,0.5,UNCERTAIN,0.9999979106384406,POSITIVE,0.5,UNCERTAIN,0.5,UNCERTAIN,0.5,UNCERTAIN,0.9999964171321384,POSITIVE,0.9999999999250339,POSITIVE,0.9999843110861651,POSITIVE,0.5,UNCERTAIN,0.5,UNCERTAIN,0.9999955604184251,POSITIVE
PMC6196789_01,UNKNOWN (Insufficient Evidence),0.5,UNCERTAIN,0.5,UNCERTAIN,0.5,UNCERTAIN,0.5,UNCERTAIN,0.5,UNCERTAIN,0.5,UNCERTAIN,0.5,UNCERTAIN,0.5,UNCERTAIN,0.5,UNCERTAIN,0.5,UNCERTAIN,0.9999884305059787,POSITIVE,0.5,UNCERTAIN,0.5,UNCERTAIN,0.5,UNCERTAIN,0.5,UNCERTAIN
PMC6196789_02,UNKNOWN (Insufficient Evidence),0.5,UNCERTAIN,0.9999984219434215,POSITIVE,0.999995718940084,POSITIVE,0.5,UNCERTAIN,0.5,UNCERTAIN,0.5,UNCERTAIN,0.5,UNCERTAIN,0.5,UNCERTAIN,0.5,UNCERTAIN,0.5,UNCERTAIN,0.9999884305059787,POSITIVE,0.9999843110861651,POSITIVE,0.5,UNCERTAIN,0.9999966310815537,POSITIVE,0.9999955604184251,POSITIVE
PMC6016173_01,UNKNOWN (Insufficient Evidence),0.5,UNCERTAIN,0.9999984219434215,POSITIVE,0.5,UNCERTAIN,0.5,UNCERTAIN,0.5,UNCERTAIN,0.5,UNCERTAIN,0.5,UNCERTAIN,0.5,UNCERTAIN,0.5,UNCERTAIN,0.5,UNCERTAIN,0.5,UNCERTAIN,0.5,UNCERTAIN,0.5,UNCERTAIN,0.5,UNCERTAIN,0.5,UNCERTAIN
PMC4137699_01,Typhoid_Fever,0.5,UNCERTAIN,0.5,UNCERTAIN,0.5,UNCERTAIN,0.5,UNCERTAIN,0.5,UNCERTAIN,0.9999979106384406,POSITIVE,0.5,UNCERTAIN,0.5,UNCERTAIN,0.5,UNCERTAIN,0.5,UNCERTAIN,0.9999998953950457,POSITIVE,0.5,UNCERTAIN,0.5,UNCERTAIN,0.5,UNCERTAIN,0.5,UNCERTAIN
PMC5385597_01,Tuberculosis,0.5,UNCERTAIN,0.5,UNCERTAIN,0.999995718940084,POSITIVE,0.9999999926375517,POSITIVE,0.5,UNCERTAIN,0.9999979106384406,POSITIVE,0.5,UNCERTAIN,0.5,UNCERTAIN,0.5,UNCERTAIN,0.5,UNCERTAIN,0.9999884305059787,POSITIVE,0.5,UNCERTAIN,0.5,UNCERTAIN,0.9999966310815537,POSITIVE,0.5,UNCERTAIN
PMC5753017_01,Typhoid_Fever,0.5,UNCERTAIN,0.5,UNCERTAIN,0.5,UNCERTAIN,0.5,UNCERTAIN,0.5,UNCERTAIN,0.5,UNCERTAIN,0.5,UNCERTAIN,0.5,UNCERTAIN,0.5,UNCERTAIN,0.5,UNCERTAIN,0.9999998953950457,POSITIVE,0.5,UNCERTAIN,0.5,UNCERTAIN,0.5,UNCERTAIN,0.5,UNCERTAIN
PMC10117186_01,UNKNOWN (Insufficient Evidence),0.5,UNCERTAIN,0.5,UNCERTAIN,0.5,UNCERTAIN,0.5,UNCERTAIN,0.5,UNCERTAIN,0.5,UNCERTAIN,0.5,UNCERTAIN,0.5,UNCERTAIN,0.5,UNCERTAIN,0.5,UNCERTAIN,0.9999884305059787,POSITIVE,0.5,UNCERTAIN,0.5,UNCERTAIN,0.5,UNCERTAIN,0.5,UNCERTAIN
PMC5316438_01,Typhoid_Fever,0.5,UNCERTAIN,0.5,UNCERTAIN,0.5,UNCERTAIN,0.5,UNCERTAIN,0.5,UNCERTAIN,0.5,UNCERTAIN,0.5,UNCERTAIN,0.5,UNCERTAIN,0.5,UNCERTAIN,0.5,UNCERTAIN,0.9999998953950457,POSITIVE,0.5,UNCERTAIN,0.5,UNCERTAIN,0.5,UNCERTAIN,0.5,UNCERTAIN
PMC5394818_01,Typhoid_Fever,0.5,UNCERTAIN,0.9999984219434215,POSITIVE,0.5,UNCERTAIN,0.9999982180546787,POSITIVE,0.5,UNCERTAIN,0.9999999580025705,POSITIVE,0.5,UNCERTAIN,0.5,UNCERTAIN,0.9999999780593704,POSITIVE,0.5,UNCERTAIN,0.9999998953950457,POSITIVE,0.5,UNCERTAIN,0.5,UNCERTAIN,0.5,UNCERTAIN,0.5,UNCERTAIN
PMC7233889_01,UNKNOWN (Insufficient Evidence),0.9999980922441104,POSITIVE,0.9999984219434215,POSITIVE,0.5,UNCERTAIN,0.5,UNCERTAIN,0.5,UNCERTAIN,0.5,UNCERTAIN,0.5,UNCERTAIN,0.5,UNCERTAIN,0.9999963107031327,POSITIVE,0.9999964171321384,POSITIVE,0.9999884305059787,POSITIVE,0.5,UNCERTAIN,0.5,UNCERTAIN,0.5,UNCERTAIN,0.5,UNCERTAIN
PMC10102344_01,Tuberculosis,0.5,UNCERTAIN,0.5,UNCERTAIN,0.5,UNCERTAIN,0.9999999891550005,POSITIVE,0.5,UNCERTAIN,0.5,UNCERTAIN,0.5,UNCERTAIN,0.5,UNCERTAIN,0.5,UNCERTAIN,0.5,UNCERTAIN,0.9999884305059787,POSITIVE,0.5,UNCERTAIN,0.5,UNCERTAIN,0.5,UNCERTAIN,0.5,UNCERTAIN
PMC10102344_02,UNKNOWN (Insufficient Evidence),0.5,UNCERTAIN,0.5,UNCERTAIN,0.5,UNCERTAIN,0.9999982180546787,POSITIVE,0.5,UNCERTAIN,0.5,UNCERTAIN,0.5,UNCERTAIN,0.5,UNCERTAIN,0.5,UNCERTAIN,0.5,UNCERTAIN,0.9999884305059787,POSITIVE,0.5,UNCERTAIN,0.5,UNCERTAIN,0.5,UNCERTAIN,0.5,UNCERTAIN
PMC6280230_01,Typhoid_Fever,0.9999980922441104,POSITIVE,0.9999984219434215,POSITIVE,0.5,UNCERTAIN,0.5,UNCERTAIN,0.5,UNCERTAIN,0.5,UNCERTAIN,0.5,UNCERTAIN,0.5,UNCERTAIN,0.9999963107031327,POSITIVE,0.9999964171321384,POSITIVE,0.9999998953950457,POSITIVE,0.5,UNCERTAIN,0.5,UNCERTAIN,0.9999966310815537,POSITIVE,0.9999955604184251,POSITIVE
PMC6180980_01,Cholera,0.5,UNCERTAIN,0.9999999999999897,POSITIVE,0.5,UNCERTAIN,0.5,UNCERTAIN,0.5,UNCERTAIN,0.9999979106384406,POSITIVE,0.5,UNCERTAIN,0.5,UNCERTAIN,0.9999963107031327,POSITIVE,0.9999964171321384,POSITIVE,0.9999884305059787,POSITIVE,0.9999999013343713,POSITIVE,0.5,UNCERTAIN,0.9999966310815537,POSITIVE,0.9999955604184251,POSITIVE
PMC6282142_01,Typhoid_Fever,0.9999980922441104,POSITIVE,0.9999984219434215,POSITIVE,0.999995718940084,POSITIVE,0.5,UNCERTAIN,0.5,UNCERTAIN,0.9999999438675821,POSITIVE,0.5,UNCERTAIN,0.5,UNCERTAIN,0.9999963107031327,POSITIVE,0.9999964171321384,POSITIVE,0.9999998953950457,POSITIVE,0.9999843110861651,POSITIVE,0.5,UNCERTAIN,0.9999966310815537,POSITIVE,0.9999955604184251,POSITIVE
PMC10233606_01,UNKNOWN (Insufficient Evidence),0.5,UNCERTAIN,0.5,UNCERTAIN,0.5,UNCERTAIN,0.5,UNCERTAIN,0.9999973100599163,POSITIVE,0.5,UNCERTAIN,0.5,UNCERTAIN,0.5,UNCERTAIN,0.5,UNCERTAIN,0.5,UNCERTAIN,0.9999884305059787,POSITIVE,0.9999843110861651,POSITIVE,0.5,UNCERTAIN,0.5,UNCERTAIN,0.5,UNCERTAIN
PMC5832104_01,Dengue,0.9999999928198408,POSITIVE,0.9999984219434215,POSITIVE,0.5,UNCERTAIN,0.5,UNCERTAIN,0.5,UNCERTAIN,0.5,UNCERTAIN,0.5,UNCERTAIN,0.5,UNCERTAIN,0.9999963107031327,POSITIVE,0.9999964171321384,POSITIVE,0.9910396711581573,POSITIVE,0.5,UNCERTAIN,0.5,UNCERTAIN,0.5,UNCERTAIN,0.5,UNCERTAIN
PMC7470353_01,UNKNOWN (Insufficient Evidence),0.5,UNCERTAIN,0.9999984219434215,POSITIVE,0.5,UNCERTAIN,0.5,UNCERTAIN,0.5,UNCERTAIN,0.9999979106384406,POSITIVE,0.5,UNCERTAIN,0.5,UNCERTAIN,0.9999963107031327,POSITIVE,0.9999964171321384,POSITIVE,0.9999884305059787,POSITIVE,0.5,UNCERTAIN,0.5,UNCERTAIN,0.5,UNCERTAIN,0.5,UNCERTAIN
PMC9453104_01,Typhoid_Fever,0.5,UNCERTAIN,0.5,UNCERTAIN,0.5,UNCERTAIN,0.5,UNCERTAIN,0.9999973100599163,POSITIVE,0.5,UNCERTAIN,0.5,UNCERTAIN,0.5,UNCERTAIN,0.5,UNCERTAIN,0.5,UNCERTAIN,0.9999998953950457,POSITIVE,0.5,UNCERTAIN,0.5,UNCERTAIN,0.5,UNCERTAIN,0.5,UNCERTAIN
PMC7461861_01,UNKNOWN (Insufficient Evidence),0.5,UNCERTAIN,0.5,UNCERTAIN,0.5,UNCERTAIN,0.5,UNCERTAIN,0.5,UNCERTAIN,0.5,UNCERTAIN,0.5,UNCERTAIN,0.5,UNCERTAIN,0.5,UNCERTAIN,0.5,UNCERTAIN,0.5,UNCERTAIN,0.5,UNCERTAIN,0.5,UNCERTAIN,0.5,UNCERTAIN,0.5,UNCERTAIN
PMC3034323_01,Typhoid_Fever,0.5,UNCERTAIN,0.9999999927651935,POSITIVE,0.5,UNCERTAIN,0.5,UNCERTAIN,0.9999973100599163,POSITIVE,0.5,UNCERTAIN,0.5,UNCERTAIN,0.5,UNCERTAIN,0.5,UNCERTAIN,0.5,UNCERTAIN,0.9999999999250339,POSITIVE,0.5,UNCERTAIN,0.5,UNCERTAIN,0.5,UNCERTAIN,0.9999955604184251,POSITIVE
PMC3350269_01,Typhoid_Fever,0.5,UNCERTAIN,0.5,UNCERTAIN,0.5,UNCERTAIN,0.9999982180546787,POSITIVE,0.5,UNCERTAIN,0.9999999438675821,POSITIVE,0.5,UNCERTAIN,0.5,UNCERTAIN,0.5,UNCERTAIN,0.5,UNCERTAIN,0.9999998953950457,POSITIVE,0.5,UNCERTAIN,0.5,UNCERTAIN,0.5,UNCERTAIN,0.5,UNCERTAIN
PMC1184073_01,Typhoid_Fever,0.5,UNCERTAIN,0.999999965504895,POSITIVE,0.5,UNCERTAIN,0.5,UNCERTAIN,0.5,UNCERTAIN,0.9999999438675821,POSITIVE,0.5,UNCERTAIN,0.5,UNCERTAIN,0.9999963107031327,POSITIVE,0.9999964171321384,POSITIVE,0.9999998953950457,POSITIVE,0.5,UNCERTAIN,0.5,UNCERTAIN,0.5,UNCERTAIN,0.5,UNCERTAIN
PMC8383206_01,Cholera,0.9999980922441104,POSITIVE,0.9999984219434215,POSITIVE,0.5,UNCERTAIN,0.5,UNCERTAIN,0.5,UNCERTAIN,0.5,UNCERTAIN,0.5,UNCERTAIN,0.5,UNCERTAIN,0.9999963107031327,POSITIVE,0.9999964171321384,POSITIVE,0.5,UNCERTAIN,0.9999999013343713,POSITIVE,0.5,UNCERTAIN,0.9999966310815537,POSITIVE,0.9999955604184251,POSITIVE
PMC7083181_01,Typhoid_Fever,0.9999980922441104,POSITIVE,0.5,UNCERTAIN,0.999995718940084,POSITIVE,0.9999982180546787,POSITIVE,0.5,UNCERTAIN,0.5,UNCERTAIN,0.5,UNCERTAIN,0.5,UNCERTAIN,0.5,UNCERTAIN,0.5,UNCERTAIN,0.9999998953950457,POSITIVE,0.5,UNCERTAIN,0.5,UNCERTAIN,0.9999966310815537,POSITIVE,0.5,UNCERTAIN
PMC8047458_01,Typhoid_Fever,0.5,UNCERTAIN,0.5,UNCERTAIN,0.5,UNCERTAIN,0.5,UNCERTAIN,0.5,UNCERTAIN,0.5,UNCERTAIN,0.5,UNCERTAIN,0.5,UNCERTAIN,0.5,UNCERTAIN,0.9999964171321384,POSITIVE,0.9999999978823145,POSITIVE,0.5,UNCERTAIN,0.5,UNCERTAIN,0.9999966310815537,POSITIVE,0.9999955604184251,POSITIVE
PMC8337161_01,UNKNOWN (Insufficient Evidence),0.5,UNCERTAIN,0.5,UNCERTAIN,0.5,UNCERTAIN,0.9999982180546787,POSITIVE,0.5,UNCERTAIN,0.9999979106384406,POSITIVE,0.5,UNCERTAIN,0.5,UNCERTAIN,0.9999963107031327,POSITIVE,0.5,UNCERTAIN,0.9999884305059787,POSITIVE,0.5,UNCERTAIN,0.5,UNCERTAIN,0.9999966310815537,POSITIVE,0.5,UNCERTAIN
PMC3425265_01,UNKNOWN (Insufficient Evidence),0.9999980922441104,POSITIVE,0.5,UNCERTAIN,0.5,UNCERTAIN,0.9999982180546787,POSITIVE,0.5,UNCERTAIN,0.9999979106384406,POSITIVE,0.5,UNCERTAIN,0.5,UNCERTAIN,0.5,UNCERTAIN,0.5,UNCERTAIN,0.9999884305059787,POSITIVE,0.5,UNCERTAIN,0.5,UNCERTAIN,0.5,UNCERTAIN,0.5,UNCERTAIN
PMC4099121_01,Typhoid_Fever,0.9999980922441104,POSITIVE,0.9999984219434215,POSITIVE,0.5,UNCERTAIN,0.5,UNCERTAIN,0.5,UNCERTAIN,0.9999979106384406,POSITIVE,0.5,UNCERTAIN,0.5,UNCERTAIN,0.5,UNCERTAIN,0.5,UNCERTAIN,0.9999999999250339,POSITIVE,0.5,UNCERTAIN,0.5,UNCERTAIN,0.9999966310815537,POSITIVE,0.9999955604184251,POSITIVE
PMC11347833_01,UNKNOWN (Insufficient Evidence),0.5,UNCERTAIN,0.5,UNCERTAIN,0.5,UNCERTAIN,0.5,UNCERTAIN,0.5,UNCERTAIN,0.5,UNCERTAIN,0.5,UNCERTAIN,0.5,UNCERTAIN,0.5,UNCERTAIN,0.5,UNCERTAIN,0.5,UNCERTAIN,0.5,UNCERTAIN,0.5,UNCERTAIN,0.5,UNCERTAIN,0.5,UNCERTAIN
PMC11249904_01,Tuberculosis,0.5,UNCERTAIN,0.9999984219434215,POSITIVE,0.5,UNCERTAIN,0.999999999955192,POSITIVE,0.5,UNCERTAIN,0.5,UNCERTAIN,0.5,UNCERTAIN,0.5,UNCERTAIN,0.9999963107031327,POSITIVE,0.9999964171321384,POSITIVE,0.5,UNCERTAIN,0.5,UNCERTAIN,0.5,UNCERTAIN,0.5,UNCERTAIN,0.5,UNCERTAIN
PMC11249904_02,Tuberculosis,0.9999980922441104,POSITIVE,0.9999984219434215,POSITIVE,0.5,UNCERTAIN,0.999999999955192,POSITIVE,0.5,UNCERTAIN,0.5,UNCERTAIN,0.5,UNCERTAIN,0.5,UNCERTAIN,0.5,UNCERTAIN,0.5,UNCERTAIN,0.5,UNCERTAIN,0.5,UNCERTAIN,0.5,UNCERTAIN,0.5,UNCERTAIN,0.5,UNCERTAIN
PMC11249904_03,Tuberculosis,0.9999980922441104,POSITIVE,0.9999984219434215,POSITIVE,0.5,UNCERTAIN,0.999999999955192,POSITIVE,0.5,UNCERTAIN,0.5,UNCERTAIN,0.5,UNCERTAIN,0.5,UNCERTAIN,0.5,UNCERTAIN,0.5,UNCERTAIN,0.9999884305059787,POSITIVE,0.5,UNCERTAIN,0.5,UNCERTAIN,0.5,UNCERTAIN,0.5,UNCERTAIN
PMC10902744_01,UNKNOWN (Insufficient Evidence),0.5,UNCERTAIN,0.5,UNCERTAIN,0.5,UNCERTAIN,0.5,UNCERTAIN,0.5,UNCERTAIN,0.5,UNCERTAIN,0.5,UNCERTAIN,0.5,UNCERTAIN,0.5,UNCERTAIN,0.5,UNCERTAIN,0.5,UNCERTAIN,0.5,UNCERTAIN,0.5,UNCERTAIN,0.5,UNCERTAIN,0.5,UNCERTAIN
PMC11246073_01,Malaria,0.9999980922441104,POSITIVE,0.9999999927651935,POSITIVE,0.5,UNCERTAIN,0.9999999891550005,POSITIVE,0.9999973100599163,POSITIVE,0.9999999892709824,POSITIVE,0.5,UNCERTAIN,0.5,UNCERTAIN,0.5,UNCERTAIN,0.5,UNCERTAIN,0.5,UNCERTAIN,0.5,UNCERTAIN,0.5,UNCERTAIN,0.5,UNCERTAIN,0.5,UNCERTAIN
PMC11362080_01,Tuberculosis,0.5,UNCERTAIN,0.5,UNCERTAIN,0.5,UNCERTAIN,0.9999999926375517,POSITIVE,0.5,UNCERTAIN,0.5,UNCERTAIN,0.5,UNCERTAIN,0.5,UNCERTAIN,0.5,UNCERTAIN,0.5,UNCERTAIN,0.9910396711581573,POSITIVE,0.5,UNCERTAIN,0.5,UNCERTAIN,0.5,UNCERTAIN,0.5,UNCERTAIN
PMC11745548_01,Typhoid_Fever,0.9999980922441104,POSITIVE,0.9999984219434215,POSITIVE,0.5,UNCERTAIN,0.5,UNCERTAIN,0.5,UNCERTAIN,0.5,UNCERTAIN,0.5,UNCERTAIN,0.5,UNCERTAIN,0.5,UNCERTAIN,0.5,UNCERTAIN,0.9999999999250339,POSITIVE,0.5,UNCERTAIN,0.5,UNCERTAIN,0.5,UNCERTAIN,0.9999955604184251,POSITIVE
PMC11774432_01,Malaria,0.9999980922441104,POSITIVE,0.9999999927651935,POSITIVE,0.5,UNCERTAIN,0.9999982180546787,POSITIVE,0.5,UNCERTAIN,0.5,UNCERTAIN,0.5,UNCERTAIN,0.5,UNCERTAIN,0.5,UNCERTAIN,0.9999964171321384,POSITIVE,0.9999884305059787,POSITIVE,0.5,UNCERTAIN,0.5,UNCERTAIN,0.9999966310815537,POSITIVE,0.9999955604184251,POSITIVE
PMC12908086_01,UNKNOWN (Insufficient Evidence),0.9999980922441104,POSITIVE,0.5,UNCERTAIN,0.5,UNCERTAIN,0.5,UNCERTAIN,0.9999973100599163,POSITIVE,0.9999979106384406,POSITIVE,0.5,UNCERTAIN,0.5,UNCERTAIN,0.5,UNCERTAIN,0.5,UNCERTAIN,0.5,UNCERTAIN,0.5,UNCERTAIN,0.5,UNCERTAIN,0.5,UNCERTAIN,0.5,UNCERTAIN
PMC12869820_01,UNKNOWN (Insufficient Evidence),0.5,UNCERTAIN,0.999999999841853,POSITIVE,0.5,UNCERTAIN,0.5,UNCERTAIN,0.5,UNCERTAIN,0.5,UNCERTAIN,0.5,UNCERTAIN,0.5,UNCERTAIN,0.5,UNCERTAIN,0.5,UNCERTAIN,0.9999884305059787,POSITIVE,0.5,UNCERTAIN,0.5,UNCERTAIN,0.9999966310815537,POSITIVE,0.9999955604184251,POSITIVE
PMC12181620_01,UNKNOWN (Insufficient Evidence),0.9999980922441104,POSITIVE,0.5,UNCERTAIN,0.5,UNCERTAIN,0.5,UNCERTAIN,0.5,UNCERTAIN,0.5,UNCERTAIN,0.5,UNCERTAIN,0.5,UNCERTAIN,0.5,UNCERTAIN,0.5,UNCERTAIN,0.5,UNCERTAIN,0.5,UNCERTAIN,0.5,UNCERTAIN,0.9999966310815537,POSITIVE,0.5,UNCERTAIN
PMC12178708_01,HIV_AIDS,0.5,UNCERTAIN,0.9999999899197729,POSITIVE,0.5,UNCERTAIN,0.5,UNCERTAIN,0.9999973100599163,POSITIVE,0.9999999999414717,POSITIVE,0.5,UNCERTAIN,0.5,UNCERTAIN,0.5,UNCERTAIN,0.5,UNCERTAIN,0.9999998953950457,POSITIVE,0.5,UNCERTAIN,0.5,UNCERTAIN,0.5,UNCERTAIN,0.5,UNCERTAIN
PMC7310355_01,Dengue,0.9999999928198408,POSITIVE,0.9999984219434215,POSITIVE,0.5,UNCERTAIN,0.9999982180546787,POSITIVE,0.5,UNCERTAIN,0.5,UNCERTAIN,0.5,UNCERTAIN,0.5,UNCERTAIN,0.5,UNCERTAIN,0.9999964171321384,POSITIVE,0.5,UNCERTAIN,0.5,UNCERTAIN,0.5,UNCERTAIN,0.9999966310815537,POSITIVE,0.9999955604184251,POSITIVE
PMC8749146_01,Dengue,0.9999999928198408,POSITIVE,0.5,UNCERTAIN,0.5,UNCERTAIN,0.5,UNCERTAIN,0.5,UNCERTAIN,0.9999979106384406,POSITIVE,0.9999999233254806,POSITIVE,0.9999999538370603,POSITIVE,0.5,UNCERTAIN,0.5,UNCERTAIN,0.5,UNCERTAIN,0.5,UNCERTAIN,0.5,UNCERTAIN,0.5,UNCERTAIN,0.9999999909549862,POSITIVE
PMC4978951_01,UNKNOWN (Insufficient Evidence),0.5,UNCERTAIN,0.5,UNCERTAIN,0.5,UNCERTAIN,0.5,UNCERTAIN,0.5,UNCERTAIN,0.5,UNCERTAIN,0.5,UNCERTAIN,0.5,UNCERTAIN,0.5,UNCERTAIN,0.5,UNCERTAIN,0.5,UNCERTAIN,0.5,UNCERTAIN,0.5,UNCERTAIN,0.5,UNCERTAIN,0.9999996983449537,POSITIVE
PMC5749440_01,Dengue,0.9999999928198408,POSITIVE,0.9999984219434215,POSITIVE,0.999995718940084,POSITIVE,0.9999982180546787,POSITIVE,0.5,UNCERTAIN,0.5,UNCERTAIN,0.5,UNCERTAIN,0.5,UNCERTAIN,0.5,UNCERTAIN,0.5,UNCERTAIN,0.5,UNCERTAIN,0.5,UNCERTAIN,0.5,UNCERTAIN,0.5,UNCERTAIN,0.999999898132083,POSITIVE
PMC5176218_01,Chikungunya,0.9999999743526097,POSITIVE,0.9999984219434215,POSITIVE,0.5,UNCERTAIN,0.9999982180546787,POSITIVE,0.5,UNCERTAIN,0.9999979106384406,POSITIVE,0.9999999987378293,POSITIVE,0.5,UNCERTAIN,0.5,UNCERTAIN,0.5,UNCERTAIN,0.5,UNCERTAIN,0.5,UNCERTAIN,0.5,UNCERTAIN,0.5,UNCERTAIN,0.9999993834770055,POSITIVE
PMC8931735_01,Yellow_Fever,0.5,UNCERTAIN,0.5,UNCERTAIN,0.5,UNCERTAIN,0.5,UNCERTAIN,0.966455755654489,POSITIVE,0.9999979106384406,POSITIVE,0.5,UNCERTAIN,0.5,UNCERTAIN,0.5,UNCERTAIN,0.5,UNCERTAIN,0.5,UNCERTAIN,0.5,UNCERTAIN,0.9999847361101836,POSITIVE,0.5,UNCERTAIN,0.9999999993854235,POSITIVE
PMC6778973_01,UNKNOWN (Insufficient Evidence),0.9999980922441104,POSITIVE,0.9999984219434215,POSITIVE,0.5,UNCERTAIN,0.5,UNCERTAIN,0.5,UNCERTAIN,0.9999979106384406,POSITIVE,0.5,UNCERTAIN,0.5,UNCERTAIN,0.5,UNCERTAIN,0.5,UNCERTAIN,0.5,UNCERTAIN,0.5,UNCERTAIN,0.5,UNCERTAIN,0.9999966310815537,POSITIVE,0.9999996983449537,POSITIVE
PMC11348792_01,Yellow_Fever,0.999999973376199,POSITIVE,0.9999984219434215,POSITIVE,0.5,UNCERTAIN,0.5,UNCERTAIN,0.5,UNCERTAIN,0.99457445400457,POSITIVE,0.5,UNCERTAIN,0.5,UNCERTAIN,0.9999963107031327,POSITIVE,0.9999964171321384,POSITIVE,0.5,UNCERTAIN,0.5,UNCERTAIN,0.5,UNCERTAIN,0.9999966310815537,POSITIVE,0.9999999930784362,POSITIVE
PMC5829423_01,Zika,0.5,UNCERTAIN,0.5,UNCERTAIN,0.5,UNCERTAIN,0.9999982180546787,POSITIVE,0.5,UNCERTAIN,0.5,UNCERTAIN,0.5,UNCERTAIN,0.9999999993290725,POSITIVE,0.5,UNCERTAIN,0.5,UNCERTAIN,0.5,UNCERTAIN,0.5,UNCERTAIN,0.5,UNCERTAIN,0.5,UNCERTAIN,0.5,UNCERTAIN
PMC6317256_01,Zika,0.5,UNCERTAIN,0.5,UNCERTAIN,0.5,UNCERTAIN,0.5,UNCERTAIN,0.5,UNCERTAIN,0.5,UNCERTAIN,0.5,UNCERTAIN,0.9999999978426365,POSITIVE,0.5,UNCERTAIN,0.5,UNCERTAIN,0.5,UNCERTAIN,0.5,UNCERTAIN,0.5,UNCERTAIN,0.5,UNCERTAIN,0.5,UNCERTAIN
PMC9339746_01,UNKNOWN (Insufficient Evidence),0.4995322228842786,UNCERTAIN,0.3203927069469911,NEGATIVE,0.31523947935045293,NEGATIVE,0.5747193862290804,UNCERTAIN,0.5121104272794513,UNCERTAIN,0.5386905502127388,UNCERTAIN,0.3606335027059405,NEGATIVE,0.9999995106511087,POSITIVE,0.6313990075547944,POSITIVE,0.6476104726216728,POSITIVE,0.37350614168368484,NEGATIVE,0.49582222886164945,UNCERTAIN,0.7845133387690117,POSITIVE,0.41244856790741624,UNCERTAIN,0.46641277567978456,UNCERTAIN
PMC6714924_01,Zika,0.5,UNCERTAIN,0.5,UNCERTAIN,0.5,UNCERTAIN,0.5,UNCERTAIN,0.5,UNCERTAIN,0.5,UNCERTAIN,0.5,UNCERTAIN,0.9999999994857669,POSITIVE,0.5,UNCERTAIN,0.5,UNCERTAIN,0.5,UNCERTAIN,0.5,UNCERTAIN,0.5,UNCERTAIN,0.5,UNCERTAIN,0.5,UNCERTAIN
PMC6714924_02,Zika,0.5,UNCERTAIN,0.5,UNCERTAIN,0.5,UNCERTAIN,0.5,UNCERTAIN,0.5,UNCERTAIN,0.5,UNCERTAIN,0.9999999233254806,POSITIVE,0.9999999994857669,POSITIVE,0.5,UNCERTAIN,0.5,UNCERTAIN,0.5,UNCERTAIN,0.5,UNCERTAIN,0.5,UNCERTAIN,0.5,UNCERTAIN,0.5,UNCERTAIN
PMC5398518_01,Zika,0.9986499226313071,POSITIVE,0.5,UNCERTAIN,0.5,UNCERTAIN,0.9988075807076872,POSITIVE,0.998596824929277,POSITIVE,0.5,UNCERTAIN,0.5,UNCERTAIN,0.9999999978426365,POSITIVE,0.5,UNCERTAIN,0.5,UNCERTAIN,0.5,UNCERTAIN,0.5,UNCERTAIN,0.5,UNCERTAIN,0.5,UNCERTAIN,0.5,UNCERTAIN
PMC5176231_01,Zika,0.9999980922441104,POSITIVE,0.5,UNCERTAIN,0.999995718940084,POSITIVE,0.5,UNCERTAIN,0.5,UNCERTAIN,0.5,UNCERTAIN,0.9999903165470853,POSITIVE,0.9999999994857669,POSITIVE,0.5,UNCERTAIN,0.5,UNCERTAIN,0.5,UNCERTAIN,0.5,UNCERTAIN,0.5,UNCERTAIN,0.5,UNCERTAIN,0.9999955604184251,POSITIVE
PMC3992778_01,Dengue,0.999999973376199,POSITIVE,0.5,UNCERTAIN,0.36389282382704324,NEGATIVE,0.9999982180546787,POSITIVE,0.5,UNCERTAIN,0.9999979106384406,POSITIVE,0.9999903165470853,POSITIVE,0.5,UNCERTAIN,0.5,UNCERTAIN,0.5,UNCERTAIN,0.5,UNCERTAIN,0.5,UNCERTAIN,0.9999847361101836,POSITIVE,0.9999966310815537,POSITIVE,0.5,UNCERTAIN
PMC3992778_02,Tuberculosis,0.9862365430696266,POSITIVE,0.5,UNCERTAIN,0.36389282382704324,NEGATIVE,0.9999999926375517,POSITIVE,0.5,UNCERTAIN,0.5,UNCERTAIN,0.5,UNCERTAIN,0.5,UNCERTAIN,0.5,UNCERTAIN,0.5,UNCERTAIN,0.5,UNCERTAIN,0.5,UNCERTAIN,0.5,UNCERTAIN,0.5,UNCERTAIN,0.5,UNCERTAIN
PMC3992778_03,UNKNOWN (Insufficient Evidence),0.9862365430696266,POSITIVE,0.5,UNCERTAIN,0.36389282382704324,NEGATIVE,0.5,UNCERTAIN,0.5,UNCERTAIN,0.5,UNCERTAIN,0.5,UNCERTAIN,0.5,UNCERTAIN,0.5,UNCERTAIN,0.5,UNCERTAIN,0.5,UNCERTAIN,0.5,UNCERTAIN,0.5,UNCERTAIN,0.5,UNCERTAIN,0.5,UNCERTAIN
PMC8076683_01,Zika,0.9999999928198408,POSITIVE,0.5,UNCERTAIN,0.5,UNCERTAIN,0.9999982180546787,POSITIVE,0.5,UNCERTAIN,0.5,UNCERTAIN,0.9999999233254806,POSITIVE,0.9999999993290725,POSITIVE,0.5,UNCERTAIN,0.5,UNCERTAIN,0.5,UNCERTAIN,0.5,UNCERTAIN,0.5,UNCERTAIN,0.5,UNCERTAIN,0.5,UNCERTAIN
PMC5177614_01,UNKNOWN (Insufficient Evidence),0.5,UNCERTAIN,0.5,UNCERTAIN,0.5,UNCERTAIN,0.5,UNCERTAIN,0.5,UNCERTAIN,0.5,UNCERTAIN,0.5,UNCERTAIN,0.9999903670399974,POSITIVE,0.5,UNCERTAIN,0.5,UNCERTAIN,0.5,UNCERTAIN,0.5,UNCERTAIN,0.9999847361101836,POSITIVE,0.5,UNCERTAIN,0.5,UNCERTAIN
PMC5177614_02,Zika,0.5,UNCERTAIN,0.5,UNCERTAIN,0.5,UNCERTAIN,0.5,UNCERTAIN,0.5,UNCERTAIN,0.5,UNCERTAIN,0.5,UNCERTAIN,0.9999999538370603,POSITIVE,0.5,UNCERTAIN,0.5,UNCERTAIN,0.5,UNCERTAIN,0.5,UNCERTAIN,0.5,UNCERTAIN,0.5,UNCERTAIN,0.5,UNCERTAIN
PMC5177614_03,UNKNOWN (Insufficient Evidence),0.5,UNCERTAIN,0.5,UNCERTAIN,0.5,UNCERTAIN,0.5,UNCERTAIN,0.5,UNCERTAIN,0.5,UNCERTAIN,0.5,UNCERTAIN,0.9999903670399974,POSITIVE,0.5,UNCERTAIN,0.5,UNCERTAIN,0.5,UNCERTAIN,0.5,UNCERTAIN,0.5,UNCERTAIN,0.5,UNCERTAIN,0.5,UNCERTAIN
PMC7748033_01,Dengue,0.9999999928198408,POSITIVE,0.5,UNCERTAIN,0.5,UNCERTAIN,0.5,UNCERTAIN,0.9999973100599163,POSITIVE,0.9999999892709824,POSITIVE,0.5,UNCERTAIN,0.9999998926923918,POSITIVE,0.5,UNCERTAIN,0.5,UNCERTAIN,0.5,UNCERTAIN,0.5,UNCERTAIN,0.5,UNCERTAIN,0.5,UNCERTAIN,0.5,UNCERTAIN
PMC6415467_01,Zika,0.5,UNCERTAIN,0.5,UNCERTAIN,0.5,UNCERTAIN,0.5,UNCERTAIN,0.5,UNCERTAIN,0.5,UNCERTAIN,0.9999903165470853,POSITIVE,0.9999999538370603,POSITIVE,0.5,UNCERTAIN,0.5,UNCERTAIN,0.5,UNCERTAIN,0.5,UNCERTAIN,0.5,UNCERTAIN,0.5,UNCERTAIN,0.5,UNCERTAIN
PMC6415467_02,Zika,0.5,UNCERTAIN,0.5,UNCERTAIN,0.5,UNCERTAIN,0.5,UNCERTAIN,0.5,UNCERTAIN,0.5,UNCERTAIN,0.5,UNCERTAIN,0.9999999538370603,POSITIVE,0.5,UNCERTAIN,0.5,UNCERTAIN,0.5,UNCERTAIN,0.5,UNCERTAIN,0.5,UNCERTAIN,0.5,UNCERTAIN,0.5,UNCERTAIN
PMC9980716_01,UNKNOWN (Insufficient Evidence),0.9999999743045757,POSITIVE,0.9999999660679703,POSITIVE,0.31523947935045293,NEGATIVE,0.9999986813962269,POSITIVE,0.5121104272794513,UNCERTAIN,0.5386905502127388,UNCERTAIN,0.3606335027059405,NEGATIVE,0.47915927757263405,UNCERTAIN,0.6313990075547944,POSITIVE,0.9999980504219312,POSITIVE,0.37350614168368484,NEGATIVE,0.49582222886164945,UNCERTAIN,0.7845133387690117,POSITIVE,0.9999999330051365,POSITIVE,0.9999949210171365,POSITIVE
PMC5388347_01,Dengue,0.9999999999034719,POSITIVE,0.9999999840031514,POSITIVE,0.5,UNCERTAIN,0.9999982180546787,POSITIVE,0.5,UNCERTAIN,0.5,UNCERTAIN,0.9999999987378293,POSITIVE,0.9999999994857669,POSITIVE,0.5,UNCERTAIN,0.5,UNCERTAIN,0.5,UNCERTAIN,0.5,UNCERTAIN,0.5,UNCERTAIN,0.5,UNCERTAIN,0.999999898132083,POSITIVE
PMC5885377_01,Dengue,0.9999999998997969,POSITIVE,0.5,UNCERTAIN,0.36389282382704324,NEGATIVE,0.9999982180546787,POSITIVE,0.5,UNCERTAIN,0.5,UNCERTAIN,0.9999995051921801,POSITIVE,0.9999999993290725,POSITIVE,0.5,UNCERTAIN,0.5,UNCERTAIN,0.5,UNCERTAIN,0.5,UNCERTAIN,0.5,UNCERTAIN,0.5,UNCERTAIN,0.5,UNCERTAIN
PMC8018576_01,Zika,0.5,UNCERTAIN,0.5,UNCERTAIN,0.5,UNCERTAIN,0.5,UNCERTAIN,0.5,UNCERTAIN,0.9999979106384406,POSITIVE,0.5,UNCERTAIN,0.9999999993290725,POSITIVE,0.5,UNCERTAIN,0.5,UNCERTAIN,0.5,UNCERTAIN,0.5,UNCERTAIN,0.5,UNCERTAIN,0.5,UNCERTAIN,0.5,UNCERTAIN
PMC8280763_01,UNKNOWN (Insufficient Evidence),0.5,UNCERTAIN,0.5,UNCERTAIN,0.5,UNCERTAIN,0.5,UNCERTAIN,0.5,UNCERTAIN,0.5,UNCERTAIN,0.5,UNCERTAIN,0.9972270688059729,POSITIVE,0.5,UNCERTAIN,0.5,UNCERTAIN,0.5,UNCERTAIN,0.5,UNCERTAIN,0.5,UNCERTAIN,0.5,UNCERTAIN,0.5,UNCERTAIN
PMC3992781_01,UNKNOWN (Insufficient Evidence),0.9999980922441104,POSITIVE,0.5,UNCERTAIN,0.999995718940084,POSITIVE,0.5,UNCERTAIN,0.5,UNCERTAIN,0.5,UNCERTAIN,0.9999903165470853,POSITIVE,0.9999903670399974,POSITIVE,0.5,UNCERTAIN,0.5,UNCERTAIN,0.5,UNCERTAIN,0.5,UNCERTAIN,0.5,UNCERTAIN,0.5,UNCERTAIN,0.5,UNCERTAIN
PMC6679697_01,Zika,0.5,UNCERTAIN,0.5,UNCERTAIN,0.5,UNCERTAIN,0.5,UNCERTAIN,0.5,UNCERTAIN,0.9999979106384406,POSITIVE,0.5,UNCERTAIN,0.9999999993290725,POSITIVE,0.5,UNCERTAIN,0.5,UNCERTAIN,0.5,UNCERTAIN,0.5,UNCERTAIN,0.5,UNCERTAIN,0.5,UNCERTAIN,0.5,UNCERTAIN
PMC6679697_02,Zika,0.9999980922441104,POSITIVE,0.5,UNCERTAIN,0.999995718940084,POSITIVE,0.9999982180546787,POSITIVE,0.5,UNCERTAIN,0.9999979106384406,POSITIVE,0.9999903165470853,POSITIVE,0.9999999993290725,POSITIVE,0.5,UNCERTAIN,0.5,UNCERTAIN,0.5,UNCERTAIN,0.5,UNCERTAIN,0.5,UNCERTAIN,0.5,UNCERTAIN,0.5,UNCERTAIN
PMC5749440_01,Dengue,0.9999999928198408,POSITIVE,0.9999984219434215,POSITIVE,0.999995718940084,POSITIVE,0.9999982180546787,POSITIVE,0.5,UNCERTAIN,0.5,UNCERTAIN,0.5,UNCERTAIN,0.5,UNCERTAIN,0.5,UNCERTAIN,0.5,UNCERTAIN,0.5,UNCERTAIN,0.5,UNCERTAIN,0.5,UNCERTAIN,0.5,UNCERTAIN,0.999999898132083,POSITIVE
PMC9402360_01,UNKNOWN (Insufficient Evidence),0.9862365430696266,POSITIVE,0.5,UNCERTAIN,0.36389282382704324,NEGATIVE,0.5,UNCERTAIN,0.5,UNCERTAIN,0.5,UNCERTAIN,0.5,UNCERTAIN,0.5,UNCERTAIN,0.5,UNCERTAIN,0.5,UNCERTAIN,0.5,UNCERTAIN,0.5,UNCERTAIN,0.9962832619898732,POSITIVE,0.5,UNCERTAIN,0.5,UNCERTAIN
PMC6193329_01,Zika,0.5,UNCERTAIN,0.5,UNCERTAIN,0.5,UNCERTAIN,0.5,UNCERTAIN,0.9999973100599163,POSITIVE,0.9999979106384406,POSITIVE,0.5,UNCERTAIN,0.9999999538370603,POSITIVE,0.5,UNCERTAIN,0.5,UNCERTAIN,0.5,UNCERTAIN,0.5,UNCERTAIN,0.5,UNCERTAIN,0.5,UNCERTAIN,0.5,UNCERTAIN
PMC7399731_01,UNKNOWN (Insufficient Evidence),0.5,UNCERTAIN,0.5,UNCERTAIN,0.5,UNCERTAIN,0.5,UNCERTAIN,0.5,UNCERTAIN,0.5,UNCERTAIN,0.5,UNCERTAIN,0.9999903670399974,POSITIVE,0.5,UNCERTAIN,0.5,UNCERTAIN,0.5,UNCERTAIN,0.5,UNCERTAIN,0.5,UNCERTAIN,0.5,UNCERTAIN,0.5,UNCERTAIN
PMC5964188_01,Zika,0.5,UNCERTAIN,0.5,UNCERTAIN,0.5,UNCERTAIN,0.5,UNCERTAIN,0.5,UNCERTAIN,0.5,UNCERTAIN,0.5,UNCERTAIN,0.9999866749519265,POSITIVE,0.5,UNCERTAIN,0.5,UNCERTAIN,0.5,UNCERTAIN,0.5,UNCERTAIN,0.5,UNCERTAIN,0.5,UNCERTAIN,0.5,UNCERTAIN
PMC5964188_02,Zika,0.9999980922441104,POSITIVE,0.5,UNCERTAIN,0.5,UNCERTAIN,0.9999982180546787,POSITIVE,0.9999973100599163,POSITIVE,0.5,UNCERTAIN,0.9999903165470853,POSITIVE,0.9999999538370603,POSITIVE,0.5,UNCERTAIN,0.5,UNCERTAIN,0.5,UNCERTAIN,0.5,UNCERTAIN,0.5,UNCERTAIN,0.5,UNCERTAIN,0.5,UNCERTAIN
PMC7490298_02,Dengue,0.9999999928198408,POSITIVE,0.5,UNCERTAIN,0.5,UNCERTAIN,0.5,UNCERTAIN,0.5,UNCERTAIN,0.5,UNCERTAIN,0.5,UNCERTAIN,0.9999999538370603,POSITIVE,0.5,UNCERTAIN,0.5,UNCERTAIN,0.5,UNCERTAIN,0.5,UNCERTAIN,0.5,UNCERTAIN,0.5,UNCERTAIN,0.5,UNCERTAIN
PMC7490298_03,Zika,0.9999980922441104,POSITIVE,0.5,UNCERTAIN,0.5,UNCERTAIN,0.5,UNCERTAIN,0.5,UNCERTAIN,0.9999979106384406,POSITIVE,0.9999903165470853,POSITIVE,0.9999999538370603,POSITIVE,0.5,UNCERTAIN,0.5,UNCERTAIN,0.5,UNCERTAIN,0.5,UNCERTAIN,0.5,UNCERTAIN,0.5,UNCERTAIN,0.5,UNCERTAIN
PMC7490298_04,Zika,0.5,UNCERTAIN,0.5,UNCERTAIN,0.5,UNCERTAIN,0.5,UNCERTAIN,0.5,UNCERTAIN,0.5,UNCERTAIN,0.5,UNCERTAIN,0.9999866749519265,POSITIVE,0.5,UNCERTAIN,0.5,UNCERTAIN,0.5,UNCERTAIN,0.5,UNCERTAIN,0.5,UNCERTAIN,0.5,UNCERTAIN,0.5,UNCERTAIN
PMC7490298_06,Zika,0.5,UNCERTAIN,0.5,UNCERTAIN,0.5,UNCERTAIN,0.5,UNCERTAIN,0.5,UNCERTAIN,0.5,UNCERTAIN,0.5,UNCERTAIN,0.9999866749519265,POSITIVE,0.5,UNCERTAIN,0.5,UNCERTAIN,0.5,UNCERTAIN,0.5,UNCERTAIN,0.5,UNCERTAIN,0.5,UNCERTAIN,0.5,UNCERTAIN
PMC7490298_08,HIV_AIDS,0.9998394644722342,POSITIVE,0.5,UNCERTAIN,0.5,UNCERTAIN,0.5,UNCERTAIN,0.5,UNCERTAIN,0.9999998267642572,POSITIVE,0.5,UNCERTAIN,0.9999866749519265,POSITIVE,0.5,UNCERTAIN,0.5,UNCERTAIN,0.5,UNCERTAIN,0.5,UNCERTAIN,0.5,UNCERTAIN,0.5,UNCERTAIN,0.5,UNCERTAIN
PMC7490298_09,Zika,0.5,UNCERTAIN,0.5,UNCERTAIN,0.5,UNCERTAIN,0.5,UNCERTAIN,0.5,UNCERTAIN,0.5,UNCERTAIN,0.5,UNCERTAIN,0.9999866749519265,POSITIVE,0.5,UNCERTAIN,0.5,UNCERTAIN,0.5,UNCERTAIN,0.5,UNCERTAIN,0.5,UNCERTAIN,0.5,UNCERTAIN,0.5,UNCERTAIN
PMC7490298_10,Dengue,0.9999999928198408,POSITIVE,0.5,UNCERTAIN,0.5,UNCERTAIN,0.5,UNCERTAIN,0.5,UNCERTAIN,0.9999999886022101,POSITIVE,0.9999903165470853,POSITIVE,0.9999999538370603,POSITIVE,0.5,UNCERTAIN,0.5,UNCERTAIN,0.5,UNCERTAIN,0.5,UNCERTAIN,0.5,UNCERTAIN,0.5,UNCERTAIN,0.5,UNCERTAIN
PMC5749436_01,Dengue,0.9999999928198408,POSITIVE,0.5,UNCERTAIN,0.5,UNCERTAIN,0.5,UNCERTAIN,0.5,UNCERTAIN,0.9999979106384406,POSITIVE,0.5,UNCERTAIN,0.9999999538370603,POSITIVE,0.5,UNCERTAIN,0.5,UNCERTAIN,0.5,UNCERTAIN,0.5,UNCERTAIN,0.5,UNCERTAIN,0.9999966310815537,POSITIVE,0.5,UNCERTAIN
PMC7395399_01,UNKNOWN (Insufficient Evidence),0.9999980922441104,POSITIVE,0.5,UNCERTAIN,0.999995718940084,POSITIVE,0.5,UNCERTAIN,0.5,UNCERTAIN,0.5,UNCERTAIN,0.9999903165470853,POSITIVE,0.9999903670399974,POSITIVE,0.5,UNCERTAIN,0.5,UNCERTAIN,0.5,UNCERTAIN,0.5,UNCERTAIN,0.5,UNCERTAIN,0.5,UNCERTAIN,0.5,UNCERTAIN
PMC7204150_01,UNKNOWN (Insufficient Evidence),0.9999980922441104,POSITIVE,0.5,UNCERTAIN,0.5,UNCERTAIN,0.5,UNCERTAIN,0.5,UNCERTAIN,0.9999979106384406,POSITIVE,0.5,UNCERTAIN,0.9999998926923918,POSITIVE,0.5,UNCERTAIN,0.5,UNCERTAIN,0.5,UNCERTAIN,0.5,UNCERTAIN,0.5,UNCERTAIN,0.5,UNCERTAIN,0.5,UNCERTAIN
PMC5962088_01,UNKNOWN (Insufficient Evidence),0.4995322228842786,UNCERTAIN,0.3203927069469911,NEGATIVE,0.9318467707778048,POSITIVE,0.5747193862290804,UNCERTAIN,0.5121104272794513,UNCERTAIN,0.5386905502127388,UNCERTAIN,0.3606335027059405,NEGATIVE,0.9999999994410343,POSITIVE,0.6313990075547944,POSITIVE,0.6476104726216728,POSITIVE,0.37350614168368484,NEGATIVE,0.49582222886164945,UNCERTAIN,0.7845133387690117,POSITIVE,0.41244856790741624,UNCERTAIN,0.46641277567978456,UNCERTAIN
PMC3810908_01,UNKNOWN (Insufficient Evidence),0.5,UNCERTAIN,0.5,UNCERTAIN,0.5,UNCERTAIN,0.5,UNCERTAIN,0.5,UNCERTAIN,0.5,UNCERTAIN,0.5,UNCERTAIN,0.5,UNCERTAIN,0.5,UNCERTAIN,0.5,UNCERTAIN,0.5,UNCERTAIN,0.5,UNCERTAIN,0.5,UNCERTAIN,0.5,UNCERTAIN,0.5,UNCERTAIN
PMC3810908_02,UNKNOWN (Insufficient Evidence),0.5,UNCERTAIN,0.9999984219434215,POSITIVE,0.5,UNCERTAIN,0.5,UNCERTAIN,0.5,UNCERTAIN,0.5,UNCERTAIN,0.5,UNCERTAIN,0.5,UNCERTAIN,0.5,UNCERTAIN,0.5,UNCERTAIN,0.5,UNCERTAIN,0.5,UNCERTAIN,0.5,UNCERTAIN,0.5,UNCERTAIN,0.5,UNCERTAIN
PMC10267364_01,Zika,0.9962504514899189,POSITIVE,0.5,UNCERTAIN,0.5,UNCERTAIN,0.5,UNCERTAIN,0.5,UNCERTAIN,0.5,UNCERTAIN,0.5,UNCERTAIN,0.9999999538370603,POSITIVE,0.5,UNCERTAIN,0.5,UNCERTAIN,0.5,UNCERTAIN,0.5,UNCERTAIN,0.5,UNCERTAIN,0.5,UNCERTAIN,0.5,UNCERTAIN
PMC12282528_01,HIV_AIDS,0.5,UNCERTAIN,0.5,UNCERTAIN,0.5,UNCERTAIN,0.5,UNCERTAIN,0.9999973100599163,POSITIVE,0.9999999892709824,POSITIVE,0.5,UNCERTAIN,0.5,UNCERTAIN,0.5,UNCERTAIN,0.5,UNCERTAIN,0.5,UNCERTAIN,0.5,UNCERTAIN,0.9999847361101836,POSITIVE,0.5,UNCERTAIN,0.5,UNCERTAIN
